Unity Editor version:    2022.3.44f1 (c3ae09b9f03c)
Branch:                  2022.3/staging
Build type:              Release
Batch mode:              YES
macOS version:           Version 14.6.1 (Build 23G93)
Darwin version:          23.6.0
Architecture:            arm64
Running under Rosetta:   NO
Available memory:        8192 MB
Using pre-set license
Pro License: YES

COMMAND LINE ARGUMENTS:
/Applications/Unity/Hub/Editor/2022.3.44f1/Unity.app/Contents/MacOS/Unity
-adb2
-batchMode
-noUpm
-name
AssetImportWorker0
-projectPath
/Users/michael/Documents/GitHub/cm2-unity1-module2-template/cm2-unity1-module2-template
-logFile
Logs/AssetImportWorker0.log
-srvPort
58746
Successfully changed project path to: /Users/michael/Documents/GitHub/cm2-unity1-module2-template/cm2-unity1-module2-template
/Users/michael/Documents/GitHub/cm2-unity1-module2-template/cm2-unity1-module2-template
[UnityMemory] Configuration Parameters - Can be set up in boot.config
    "memorysetup-bucket-allocator-granularity=16"
    "memorysetup-bucket-allocator-bucket-count=8"
    "memorysetup-bucket-allocator-block-size=33554432"
    "memorysetup-bucket-allocator-block-count=8"
    "memorysetup-main-allocator-block-size=16777216"
    "memorysetup-thread-allocator-block-size=16777216"
    "memorysetup-gfx-main-allocator-block-size=16777216"
    "memorysetup-gfx-thread-allocator-block-size=16777216"
    "memorysetup-cache-allocator-block-size=4194304"
    "memorysetup-typetree-allocator-block-size=2097152"
    "memorysetup-profiler-bucket-allocator-granularity=16"
    "memorysetup-profiler-bucket-allocator-bucket-count=8"
    "memorysetup-profiler-bucket-allocator-block-size=33554432"
    "memorysetup-profiler-bucket-allocator-block-count=8"
    "memorysetup-profiler-allocator-block-size=16777216"
    "memorysetup-profiler-editor-allocator-block-size=1048576"
    "memorysetup-temp-allocator-size-main=16777216"
    "memorysetup-job-temp-allocator-block-size=2097152"
    "memorysetup-job-temp-allocator-block-size-background=1048576"
    "memorysetup-job-temp-allocator-reduction-small-platforms=262144"
    "memorysetup-allocator-temp-initial-block-size-main=262144"
    "memorysetup-allocator-temp-initial-block-size-worker=262144"
    "memorysetup-temp-allocator-size-background-worker=32768"
    "memorysetup-temp-allocator-size-job-worker=262144"
    "memorysetup-temp-allocator-size-preload-manager=33554432"
    "memorysetup-temp-allocator-size-nav-mesh-worker=65536"
    "memorysetup-temp-allocator-size-audio-worker=65536"
    "memorysetup-temp-allocator-size-cloud-worker=32768"
    "memorysetup-temp-allocator-size-gi-baking-worker=262144"
    "memorysetup-temp-allocator-size-gfx=262144"
Player connection [8673120064]  Target information:

Player connection [8673120064]  * "[IP] 192.168.0.176 [Port] 0 [Flags] 2 [Guid] 4019274130 [EditorId] 4019274130 [Version] 1048832 [Id] OSXEditor(0,Shawns-MacBook-Air-15.local) [Debug] 1 [PackageName] OSXEditor [ProjectName] Editor" 

Player connection [8673120064] Host joined multi-casting on [225.0.0.222:54997]...
Player connection [8673120064] Host joined alternative multi-casting on [225.0.0.222:34997]...
[PhysX] Initialized MultithreadedTaskDispatcher with 8 workers.
Refreshing native plugins compatible for Editor in 8.58 ms, found 2 plugins.
Preloading 0 native plugins for Editor in 0.00 ms.
Initialize engine version: 2022.3.44f1 (c3ae09b9f03c)
[Subsystems] Discovering subsystems at path /Applications/Unity/Hub/Editor/2022.3.44f1/Unity.app/Contents/Resources/UnitySubsystems
[Subsystems] Discovering subsystems at path /Users/michael/Documents/GitHub/cm2-unity1-module2-template/cm2-unity1-module2-template/Assets
GfxDevice: creating device client; threaded=0; jobified=0
 preferred device: Apple M2 (high power)
Metal devices available: 1
0: Apple M2 (high power)
Using device Apple M2 (high power)
Initializing Metal device caps: Apple M2
Initialize mono
Mono path[0] = '/Applications/Unity/Hub/Editor/2022.3.44f1/Unity.app/Contents/Managed'
Mono path[1] = '/Applications/Unity/Hub/Editor/2022.3.44f1/Unity.app/Contents/MonoBleedingEdge/lib/mono/unityjit-macos'
Mono config path = '/Applications/Unity/Hub/Editor/2022.3.44f1/Unity.app/Contents/MonoBleedingEdge/etc'
Using monoOptions --debugger-agent=transport=dt_socket,embedding=1,server=y,suspend=n,address=127.0.0.1:56344
Begin MonoManager ReloadAssembly
Registering precompiled unity dll's ...
Register platform support module: /Applications/Unity/Hub/Editor/2022.3.44f1/PlaybackEngines/WebGLSupport/UnityEditor.WebGL.Extensions.dll
Register platform support module: /Applications/Unity/Hub/Editor/2022.3.44f1/Unity.app/Contents/PlaybackEngines/MacStandaloneSupport/UnityEditor.OSXStandalone.Extensions.dll
Registered in 0.002640 seconds.
- Loaded All Assemblies, in  0.249 seconds
Native extension for OSXStandalone target not found
Native extension for WebGL target not found
Mono: successfully reloaded assembly
- Finished resetting the current domain, in  0.138 seconds
Domain Reload Profiling: 386ms
	BeginReloadAssembly (85ms)
		ExecutionOrderSort (0ms)
		DisableScriptedObjects (0ms)
		BackupInstance (0ms)
		ReleaseScriptingObjects (0ms)
		CreateAndSetChildDomain (0ms)
	RebuildCommonClasses (25ms)
	RebuildNativeTypeToScriptingClass (8ms)
	initialDomainReloadingComplete (30ms)
	LoadAllAssembliesAndSetupDomain (101ms)
		LoadAssemblies (86ms)
		RebuildTransferFunctionScriptingTraits (0ms)
		AnalyzeDomain (100ms)
			TypeCache.Refresh (99ms)
				TypeCache.ScanAssembly (88ms)
			ScanForSourceGeneratedMonoScriptInfo (0ms)
			ResolveRequiredComponents (0ms)
	FinalizeReload (138ms)
		ReleaseScriptCaches (0ms)
		RebuildScriptCaches (0ms)
		SetupLoadedEditorAssemblies (109ms)
			LogAssemblyErrors (0ms)
			InitializePlatformSupportModulesInManaged (5ms)
			SetLoadedEditorAssemblies (3ms)
			RefreshPlugins (0ms)
			BeforeProcessingInitializeOnLoad (1ms)
			ProcessInitializeOnLoadAttributes (78ms)
			ProcessInitializeOnLoadMethodAttributes (22ms)
			AfterProcessingInitializeOnLoad (0ms)
			EditorAssembliesLoaded (0ms)
		ExecutionOrderSort2 (0ms)
		AwakeInstancesAfterBackupRestoration (0ms)
========================================================================
Worker process is ready to serve import requests
Caller must complete domain reload
Begin MonoManager ReloadAssembly
- Loaded All Assemblies, in  0.279 seconds
Native extension for OSXStandalone target not found
Native extension for WebGL target not found
Package Manager log level set to [2]
[Package Manager] Server::EnsureServerProcessIsRunning -- launch failed, reason: Unity was launched with the -noUpm command-line argument
[Package Manager] UpmClient::Send -- Unable to send message (not connected to UPM process).
[Package Manager] Cannot connect to Unity Package Manager local server
Mono: successfully reloaded assembly
- Finished resetting the current domain, in  0.265 seconds
Domain Reload Profiling: 544ms
	BeginReloadAssembly (68ms)
		ExecutionOrderSort (0ms)
		DisableScriptedObjects (3ms)
		BackupInstance (0ms)
		ReleaseScriptingObjects (0ms)
		CreateAndSetChildDomain (17ms)
	RebuildCommonClasses (23ms)
	RebuildNativeTypeToScriptingClass (8ms)
	initialDomainReloadingComplete (20ms)
	LoadAllAssembliesAndSetupDomain (161ms)
		LoadAssemblies (134ms)
		RebuildTransferFunctionScriptingTraits (0ms)
		AnalyzeDomain (56ms)
			TypeCache.Refresh (50ms)
				TypeCache.ScanAssembly (40ms)
			ScanForSourceGeneratedMonoScriptInfo (4ms)
			ResolveRequiredComponents (2ms)
	FinalizeReload (265ms)
		ReleaseScriptCaches (0ms)
		RebuildScriptCaches (0ms)
		SetupLoadedEditorAssemblies (192ms)
			LogAssemblyErrors (0ms)
			InitializePlatformSupportModulesInManaged (3ms)
			SetLoadedEditorAssemblies (2ms)
			RefreshPlugins (0ms)
			BeforeProcessingInitializeOnLoad (20ms)
			ProcessInitializeOnLoadAttributes (155ms)
			ProcessInitializeOnLoadMethodAttributes (12ms)
			AfterProcessingInitializeOnLoad (1ms)
			EditorAssembliesLoaded (0ms)
		ExecutionOrderSort2 (0ms)
		AwakeInstancesAfterBackupRestoration (2ms)
Launching external process: /Applications/Unity/Hub/Editor/2022.3.44f1/Unity.app/Contents/Tools/UnityShaderCompiler
Launched and connected shader compiler UnityShaderCompiler after 0.03 seconds
Refreshing native plugins compatible for Editor in 0.52 ms, found 2 plugins.
Preloading 0 native plugins for Editor in 0.00 ms.
Unloading 1446 Unused Serialized files (Serialized files now loaded: 0)
Unloading 14 unused Assets / (47.3 KB). Loaded Objects now: 1946.
Memory consumption went from 102.5 MB to 102.4 MB.
Total: 3.349625 ms (FindLiveObjects: 0.083250 ms CreateObjectMapping: 0.020708 ms MarkObjects: 3.121625 ms  DeleteObjects: 0.123667 ms)

AssetImportParameters requested are different than current active one (requested -> active):
  custom:video-encoder-webm-vp8: eb34c28f22e8b96e1ab97ce403110664 -> 
  custom:video-decoder-webm-vp8: 9c59270c3fd7afecdb556c50c9e8de78 -> 
  custom:audio-decoder-ogg-vorbis: bf7c407c2cedff20999df2af8eb42d56 -> 
  custom:SearchIndexIgnoredProperties: e643bd26f0fe6173181afceb89e7c659 -> 
  custom:container-demuxer-ogg: 62fdf1f143b41e24485cea50d1cbac27 -> 
  custom:AudioImporter_EditorPlatform: 3918e3fc78b5a79bad01e8451be0beb8 -> 
  custom:CustomObjectIndexerAttribute: 9a22284fe3817be447336de3de66b15e -> 
  custom:container-demuxer-webm: 4f35f7cbe854078d1ac9338744f61a02 -> 
  custom:video-decoder-ogg-theora: a1e56fd34408186e4bbccfd4996cb3dc -> 
  custom:audio-encoder-webm-vorbis: bf7c407c2cedff20999df2af8eb42d56 -> 
  custom:framework-osx-AVFoundation: e770b220cccbd017edd2c1fefb359320 -> 
  custom:container-muxer-webm: aa71ff27fc2769a1b78a27578f13a17b -> 
========================================================================
Received Prepare
Caller must complete domain reload
Begin MonoManager ReloadAssembly
Thread 0x30458b000 may have been prematurely finalized
- Loaded All Assemblies, in  0.232 seconds
Native extension for OSXStandalone target not found
Native extension for WebGL target not found
[Package Manager] Server::EnsureServerProcessIsRunning -- launch failed, reason: Unity was launched with the -noUpm command-line argument
[Package Manager] UpmClient::Send -- Unable to send message (not connected to UPM process).
[Package Manager] Cannot connect to Unity Package Manager local server
Mono: successfully reloaded assembly
- Finished resetting the current domain, in  0.454 seconds
Domain Reload Profiling: 686ms
	BeginReloadAssembly (90ms)
		ExecutionOrderSort (0ms)
		DisableScriptedObjects (3ms)
		BackupInstance (0ms)
		ReleaseScriptingObjects (0ms)
		CreateAndSetChildDomain (30ms)
	RebuildCommonClasses (22ms)
	RebuildNativeTypeToScriptingClass (8ms)
	initialDomainReloadingComplete (14ms)
	LoadAllAssembliesAndSetupDomain (98ms)
		LoadAssemblies (121ms)
		RebuildTransferFunctionScriptingTraits (0ms)
		AnalyzeDomain (6ms)
			TypeCache.Refresh (4ms)
				TypeCache.ScanAssembly (0ms)
			ScanForSourceGeneratedMonoScriptInfo (0ms)
			ResolveRequiredComponents (2ms)
	FinalizeReload (454ms)
		ReleaseScriptCaches (0ms)
		RebuildScriptCaches (0ms)
		SetupLoadedEditorAssemblies (200ms)
			LogAssemblyErrors (0ms)
			InitializePlatformSupportModulesInManaged (3ms)
			SetLoadedEditorAssemblies (2ms)
			RefreshPlugins (0ms)
			BeforeProcessingInitializeOnLoad (22ms)
			ProcessInitializeOnLoadAttributes (161ms)
			ProcessInitializeOnLoadMethodAttributes (12ms)
			AfterProcessingInitializeOnLoad (1ms)
			EditorAssembliesLoaded (0ms)
		ExecutionOrderSort2 (0ms)
		AwakeInstancesAfterBackupRestoration (2ms)
Refreshing native plugins compatible for Editor in 0.45 ms, found 2 plugins.
Preloading 0 native plugins for Editor in 0.00 ms.
Unloading 1427 Unused Serialized files (Serialized files now loaded: 0)
Unloading 9 unused Assets / (25.9 KB). Loaded Objects now: 1949.
Memory consumption went from 102.4 MB to 102.3 MB.
Total: 2.366250 ms (FindLiveObjects: 0.095667 ms CreateObjectMapping: 0.039708 ms MarkObjects: 2.203417 ms  DeleteObjects: 0.027166 ms)

Prepare: number of updated asset objects reloaded= 0
AssetImportParameters requested are different than current active one (requested -> active):
  custom:video-encoder-webm-vp8: eb34c28f22e8b96e1ab97ce403110664 -> 
  custom:video-decoder-webm-vp8: 9c59270c3fd7afecdb556c50c9e8de78 -> 
  custom:audio-decoder-ogg-vorbis: bf7c407c2cedff20999df2af8eb42d56 -> 
  custom:SearchIndexIgnoredProperties: e643bd26f0fe6173181afceb89e7c659 -> 
  custom:container-demuxer-ogg: 62fdf1f143b41e24485cea50d1cbac27 -> 
  custom:AudioImporter_EditorPlatform: 3918e3fc78b5a79bad01e8451be0beb8 -> 
  custom:CustomObjectIndexerAttribute: 9a22284fe3817be447336de3de66b15e -> 
  custom:container-demuxer-webm: 4f35f7cbe854078d1ac9338744f61a02 -> 
  custom:video-decoder-ogg-theora: a1e56fd34408186e4bbccfd4996cb3dc -> 
  custom:audio-encoder-webm-vorbis: bf7c407c2cedff20999df2af8eb42d56 -> 
  custom:framework-osx-AVFoundation: e770b220cccbd017edd2c1fefb359320 -> 
  custom:container-muxer-webm: aa71ff27fc2769a1b78a27578f13a17b -> 
========================================================================
Received Prepare
Caller must complete domain reload
Begin MonoManager ReloadAssembly
Thread 0x17c693000 may have been prematurely finalized
- Loaded All Assemblies, in  0.213 seconds
Native extension for OSXStandalone target not found
Native extension for WebGL target not found
[Package Manager] Server::EnsureServerProcessIsRunning -- launch failed, reason: Unity was launched with the -noUpm command-line argument
[Package Manager] UpmClient::Send -- Unable to send message (not connected to UPM process).
[Package Manager] Cannot connect to Unity Package Manager local server
Mono: successfully reloaded assembly
- Finished resetting the current domain, in  0.429 seconds
Domain Reload Profiling: 643ms
	BeginReloadAssembly (79ms)
		ExecutionOrderSort (0ms)
		DisableScriptedObjects (3ms)
		BackupInstance (0ms)
		ReleaseScriptingObjects (0ms)
		CreateAndSetChildDomain (24ms)
	RebuildCommonClasses (22ms)
	RebuildNativeTypeToScriptingClass (8ms)
	initialDomainReloadingComplete (12ms)
	LoadAllAssembliesAndSetupDomain (93ms)
		LoadAssemblies (117ms)
		RebuildTransferFunctionScriptingTraits (0ms)
		AnalyzeDomain (7ms)
			TypeCache.Refresh (4ms)
				TypeCache.ScanAssembly (0ms)
			ScanForSourceGeneratedMonoScriptInfo (0ms)
			ResolveRequiredComponents (2ms)
	FinalizeReload (429ms)
		ReleaseScriptCaches (0ms)
		RebuildScriptCaches (0ms)
		SetupLoadedEditorAssemblies (190ms)
			LogAssemblyErrors (0ms)
			InitializePlatformSupportModulesInManaged (3ms)
			SetLoadedEditorAssemblies (2ms)
			RefreshPlugins (0ms)
			BeforeProcessingInitializeOnLoad (22ms)
			ProcessInitializeOnLoadAttributes (152ms)
			ProcessInitializeOnLoadMethodAttributes (11ms)
			AfterProcessingInitializeOnLoad (1ms)
			EditorAssembliesLoaded (0ms)
		ExecutionOrderSort2 (0ms)
		AwakeInstancesAfterBackupRestoration (2ms)
Refreshing native plugins compatible for Editor in 0.45 ms, found 2 plugins.
Preloading 0 native plugins for Editor in 0.00 ms.
Unloading 1427 Unused Serialized files (Serialized files now loaded: 0)
Unloading 9 unused Assets / (26.0 KB). Loaded Objects now: 1952.
Memory consumption went from 106.4 MB to 106.4 MB.
Total: 2.276291 ms (FindLiveObjects: 0.099500 ms CreateObjectMapping: 0.022791 ms MarkObjects: 2.123584 ms  DeleteObjects: 0.029875 ms)

Prepare: number of updated asset objects reloaded= 0
AssetImportParameters requested are different than current active one (requested -> active):
  custom:video-encoder-webm-vp8: eb34c28f22e8b96e1ab97ce403110664 -> 
  custom:video-decoder-webm-vp8: 9c59270c3fd7afecdb556c50c9e8de78 -> 
  custom:audio-decoder-ogg-vorbis: bf7c407c2cedff20999df2af8eb42d56 -> 
  custom:SearchIndexIgnoredProperties: e643bd26f0fe6173181afceb89e7c659 -> 
  custom:container-demuxer-ogg: 62fdf1f143b41e24485cea50d1cbac27 -> 
  custom:AudioImporter_EditorPlatform: 3918e3fc78b5a79bad01e8451be0beb8 -> 
  custom:CustomObjectIndexerAttribute: 9a22284fe3817be447336de3de66b15e -> 
  custom:container-demuxer-webm: 4f35f7cbe854078d1ac9338744f61a02 -> 
  custom:video-decoder-ogg-theora: a1e56fd34408186e4bbccfd4996cb3dc -> 
  custom:audio-encoder-webm-vorbis: bf7c407c2cedff20999df2af8eb42d56 -> 
  custom:framework-osx-AVFoundation: e770b220cccbd017edd2c1fefb359320 -> 
  custom:container-muxer-webm: aa71ff27fc2769a1b78a27578f13a17b -> 
========================================================================
Received Prepare
Caller must complete domain reload
Begin MonoManager ReloadAssembly
Thread 0x17c693000 may have been prematurely finalized
- Loaded All Assemblies, in  0.180 seconds
Native extension for OSXStandalone target not found
Native extension for WebGL target not found
[Package Manager] Server::EnsureServerProcessIsRunning -- launch failed, reason: Unity was launched with the -noUpm command-line argument
[Package Manager] UpmClient::Send -- Unable to send message (not connected to UPM process).
[Package Manager] Cannot connect to Unity Package Manager local server
Mono: successfully reloaded assembly
- Finished resetting the current domain, in  0.417 seconds
Domain Reload Profiling: 597ms
	BeginReloadAssembly (69ms)
		ExecutionOrderSort (0ms)
		DisableScriptedObjects (2ms)
		BackupInstance (0ms)
		ReleaseScriptingObjects (0ms)
		CreateAndSetChildDomain (19ms)
	RebuildCommonClasses (21ms)
	RebuildNativeTypeToScriptingClass (8ms)
	initialDomainReloadingComplete (11ms)
	LoadAllAssembliesAndSetupDomain (71ms)
		LoadAssemblies (92ms)
		RebuildTransferFunctionScriptingTraits (0ms)
		AnalyzeDomain (6ms)
			TypeCache.Refresh (4ms)
				TypeCache.ScanAssembly (0ms)
			ScanForSourceGeneratedMonoScriptInfo (0ms)
			ResolveRequiredComponents (2ms)
	FinalizeReload (417ms)
		ReleaseScriptCaches (0ms)
		RebuildScriptCaches (0ms)
		SetupLoadedEditorAssemblies (191ms)
			LogAssemblyErrors (0ms)
			InitializePlatformSupportModulesInManaged (3ms)
			SetLoadedEditorAssemblies (2ms)
			RefreshPlugins (0ms)
			BeforeProcessingInitializeOnLoad (22ms)
			ProcessInitializeOnLoadAttributes (153ms)
			ProcessInitializeOnLoadMethodAttributes (11ms)
			AfterProcessingInitializeOnLoad (1ms)
			EditorAssembliesLoaded (0ms)
		ExecutionOrderSort2 (0ms)
		AwakeInstancesAfterBackupRestoration (2ms)
Refreshing native plugins compatible for Editor in 0.46 ms, found 2 plugins.
Preloading 0 native plugins for Editor in 0.00 ms.
Unloading 1427 Unused Serialized files (Serialized files now loaded: 0)
Unloading 9 unused Assets / (26.0 KB). Loaded Objects now: 1955.
Memory consumption went from 110.5 MB to 110.5 MB.
Total: 2.521833 ms (FindLiveObjects: 0.113167 ms CreateObjectMapping: 0.037167 ms MarkObjects: 2.312750 ms  DeleteObjects: 0.058416 ms)

Prepare: number of updated asset objects reloaded= 0
AssetImportParameters requested are different than current active one (requested -> active):
  custom:video-encoder-webm-vp8: eb34c28f22e8b96e1ab97ce403110664 -> 
  custom:video-decoder-webm-vp8: 9c59270c3fd7afecdb556c50c9e8de78 -> 
  custom:audio-decoder-ogg-vorbis: bf7c407c2cedff20999df2af8eb42d56 -> 
  custom:SearchIndexIgnoredProperties: e643bd26f0fe6173181afceb89e7c659 -> 
  custom:container-demuxer-ogg: 62fdf1f143b41e24485cea50d1cbac27 -> 
  custom:AudioImporter_EditorPlatform: 3918e3fc78b5a79bad01e8451be0beb8 -> 
  custom:CustomObjectIndexerAttribute: 9a22284fe3817be447336de3de66b15e -> 
  custom:container-demuxer-webm: 4f35f7cbe854078d1ac9338744f61a02 -> 
  custom:video-decoder-ogg-theora: a1e56fd34408186e4bbccfd4996cb3dc -> 
  custom:audio-encoder-webm-vorbis: bf7c407c2cedff20999df2af8eb42d56 -> 
  custom:framework-osx-AVFoundation: e770b220cccbd017edd2c1fefb359320 -> 
  custom:container-muxer-webm: aa71ff27fc2769a1b78a27578f13a17b -> 
========================================================================
Received Import Request.
  Time since last request: 216819.951547 seconds.
  path: Assets/New Terrain 1.asset
  artifactKey: Guid(48cef1e04dcf345d4be159b5e1397006) Importer(815301076,1909f56bfc062723c751e8b465ee728b)
Start importing Assets/New Terrain 1.asset using Guid(48cef1e04dcf345d4be159b5e1397006) Importer(815301076,1909f56bfc062723c751e8b465ee728b) [PhysX] Initialized MultithreadedTaskDispatcher with 8 workers.
[PhysX] Initialized MultithreadedTaskDispatcher with 8 workers.
[PhysX] Initialized MultithreadedTaskDispatcher with 8 workers.
 -> (artifact id: 'a81429f0299cc5707f352f39b4a352ea') in 0.119816 seconds
Number of updated asset objects reloaded before import = 0
Number of asset objects unloaded after import = 4
========================================================================
Received Import Request.
  Time since last request: 0.000039 seconds.
  path: Assets/NewLayer 8.terrainlayer
  artifactKey: Guid(e98c43b474c4a49e19cccf36ae67e667) Importer(815301076,1909f56bfc062723c751e8b465ee728b)
Start importing Assets/NewLayer 8.terrainlayer using Guid(e98c43b474c4a49e19cccf36ae67e667) Importer(815301076,1909f56bfc062723c751e8b465ee728b) [PhysX] Initialized MultithreadedTaskDispatcher with 8 workers.
 -> (artifact id: '5ed5cecb112f3e8908910177227e9b81') in 0.039977 seconds
Number of updated asset objects reloaded before import = 0
Number of asset objects unloaded after import = 2
========================================================================
Received Import Request.
  Time since last request: 10.726886 seconds.
  path: Assets/Scenes/Mini-Project 1.unity
  artifactKey: Guid(d3f1b3746baf04c31b43dabf426ef3f1) Importer(815301076,1909f56bfc062723c751e8b465ee728b)
Start importing Assets/Scenes/Mini-Project 1.unity using Guid(d3f1b3746baf04c31b43dabf426ef3f1) Importer(815301076,1909f56bfc062723c751e8b465ee728b) [PhysX] Initialized MultithreadedTaskDispatcher with 8 workers.
 -> (artifact id: '13c3c3435934f07d3c0263869f2b28d3') in 0.000623 seconds
Number of updated asset objects reloaded before import = 0
Number of asset objects unloaded after import = 0
========================================================================
Received Import Request.
  Time since last request: 12.423341 seconds.
  path: Assets/Prefab/GameObject.prefab
  artifactKey: Guid(f09a2506a49064ef9bf062b4ead7ee5b) Importer(815301076,1909f56bfc062723c751e8b465ee728b)
Start importing Assets/Prefab/GameObject.prefab using Guid(f09a2506a49064ef9bf062b4ead7ee5b) Importer(815301076,1909f56bfc062723c751e8b465ee728b) [PhysX] Initialized MultithreadedTaskDispatcher with 8 workers.
 -> (artifact id: 'e22dba7ba04543553ff7f14396410f78') in 0.000698 seconds
Number of updated asset objects reloaded before import = 0
Number of asset objects unloaded after import = 0
========================================================================
Received Import Request.
  Time since last request: 0.000145 seconds.
  path: Assets/Prefab/GameObject (1) 1.prefab
  artifactKey: Guid(d13ac0461de4041ba8f7a26ff502683e) Importer(815301076,1909f56bfc062723c751e8b465ee728b)
Start importing Assets/Prefab/GameObject (1) 1.prefab using Guid(d13ac0461de4041ba8f7a26ff502683e) Importer(815301076,1909f56bfc062723c751e8b465ee728b) [PhysX] Initialized MultithreadedTaskDispatcher with 8 workers.
 -> (artifact id: '8718f953e6cc45b6944a365e4df78cc4') in 0.000411 seconds
Number of updated asset objects reloaded before import = 0
Number of asset objects unloaded after import = 0
========================================================================
Received Import Request.
  Time since last request: 0.000123 seconds.
  path: Assets/Prefab/GameObject (1) 2.prefab
  artifactKey: Guid(59c47084dbafd4190a9f1ee9e7c1d11f) Importer(815301076,1909f56bfc062723c751e8b465ee728b)
Start importing Assets/Prefab/GameObject (1) 2.prefab using Guid(59c47084dbafd4190a9f1ee9e7c1d11f) Importer(815301076,1909f56bfc062723c751e8b465ee728b) [PhysX] Initialized MultithreadedTaskDispatcher with 8 workers.
 -> (artifact id: '22da2d5233c0c7942bb5a3d0c7a187f3') in 0.000406 seconds
Number of updated asset objects reloaded before import = 0
Number of asset objects unloaded after import = 0
========================================================================
Received Import Request.
  Time since last request: 0.002256 seconds.
  path: Assets/Prefab/Project2Starter.prefab
  artifactKey: Guid(59e361ea2588642959bd3b337e186a6f) Importer(815301076,1909f56bfc062723c751e8b465ee728b)
Start importing Assets/Prefab/Project2Starter.prefab using Guid(59e361ea2588642959bd3b337e186a6f) Importer(815301076,1909f56bfc062723c751e8b465ee728b) [PhysX] Initialized MultithreadedTaskDispatcher with 8 workers.
 -> (artifact id: '6ac33db966032867c751940de8446916') in 0.000512 seconds
Number of updated asset objects reloaded before import = 0
Number of asset objects unloaded after import = 0
========================================================================
Received Prepare
Caller must complete domain reload
Begin MonoManager ReloadAssembly
Thread 0x17c63b000 may have been prematurely finalized
- Loaded All Assemblies, in  0.240 seconds
Native extension for OSXStandalone target not found
Native extension for WebGL target not found
[Package Manager] Server::EnsureServerProcessIsRunning -- launch failed, reason: Unity was launched with the -noUpm command-line argument
[Package Manager] UpmClient::Send -- Unable to send message (not connected to UPM process).
[Package Manager] Cannot connect to Unity Package Manager local server
Mono: successfully reloaded assembly
- Finished resetting the current domain, in  0.413 seconds
Domain Reload Profiling: 653ms
	BeginReloadAssembly (93ms)
		ExecutionOrderSort (0ms)
		DisableScriptedObjects (3ms)
		BackupInstance (0ms)
		ReleaseScriptingObjects (0ms)
		CreateAndSetChildDomain (27ms)
	RebuildCommonClasses (22ms)
	RebuildNativeTypeToScriptingClass (8ms)
	initialDomainReloadingComplete (12ms)
	LoadAllAssembliesAndSetupDomain (105ms)
		LoadAssemblies (126ms)
		RebuildTransferFunctionScriptingTraits (0ms)
		AnalyzeDomain (10ms)
			TypeCache.Refresh (7ms)
				TypeCache.ScanAssembly (0ms)
			ScanForSourceGeneratedMonoScriptInfo (0ms)
			ResolveRequiredComponents (2ms)
	FinalizeReload (413ms)
		ReleaseScriptCaches (0ms)
		RebuildScriptCaches (0ms)
		SetupLoadedEditorAssemblies (177ms)
			LogAssemblyErrors (0ms)
			InitializePlatformSupportModulesInManaged (3ms)
			SetLoadedEditorAssemblies (2ms)
			RefreshPlugins (0ms)
			BeforeProcessingInitializeOnLoad (20ms)
			ProcessInitializeOnLoadAttributes (142ms)
			ProcessInitializeOnLoadMethodAttributes (10ms)
			AfterProcessingInitializeOnLoad (1ms)
			EditorAssembliesLoaded (0ms)
		ExecutionOrderSort2 (0ms)
		AwakeInstancesAfterBackupRestoration (2ms)
Refreshing native plugins compatible for Editor in 0.39 ms, found 2 plugins.
Preloading 0 native plugins for Editor in 0.00 ms.
Unloading 1426 Unused Serialized files (Serialized files now loaded: 0)
Unloading 9 unused Assets / (26.0 KB). Loaded Objects now: 1964.
Memory consumption went from 116.4 MB to 116.4 MB.
Total: 1.894334 ms (FindLiveObjects: 0.062209 ms CreateObjectMapping: 0.022708 ms MarkObjects: 1.784958 ms  DeleteObjects: 0.024250 ms)

Prepare: number of updated asset objects reloaded= 0
AssetImportParameters requested are different than current active one (requested -> active):
  custom:video-encoder-webm-vp8: eb34c28f22e8b96e1ab97ce403110664 -> 
  custom:video-decoder-webm-vp8: 9c59270c3fd7afecdb556c50c9e8de78 -> 
  custom:audio-decoder-ogg-vorbis: bf7c407c2cedff20999df2af8eb42d56 -> 
  custom:SearchIndexIgnoredProperties: e643bd26f0fe6173181afceb89e7c659 -> 
  custom:container-demuxer-ogg: 62fdf1f143b41e24485cea50d1cbac27 -> 
  custom:AudioImporter_EditorPlatform: 3918e3fc78b5a79bad01e8451be0beb8 -> 
  custom:CustomObjectIndexerAttribute: 9a22284fe3817be447336de3de66b15e -> 
  custom:container-demuxer-webm: 4f35f7cbe854078d1ac9338744f61a02 -> 
  custom:video-decoder-ogg-theora: a1e56fd34408186e4bbccfd4996cb3dc -> 
  custom:audio-encoder-webm-vorbis: bf7c407c2cedff20999df2af8eb42d56 -> 
  custom:framework-osx-AVFoundation: e770b220cccbd017edd2c1fefb359320 -> 
  custom:container-muxer-webm: aa71ff27fc2769a1b78a27578f13a17b -> 
========================================================================
Received Prepare
Caller must complete domain reload
Begin MonoManager ReloadAssembly
Thread 0x17c527000 may have been prematurely finalized
- Loaded All Assemblies, in  0.168 seconds
Native extension for OSXStandalone target not found
Native extension for WebGL target not found
[Package Manager] Server::EnsureServerProcessIsRunning -- launch failed, reason: Unity was launched with the -noUpm command-line argument
[Package Manager] UpmClient::Send -- Unable to send message (not connected to UPM process).
[Package Manager] Cannot connect to Unity Package Manager local server
Mono: successfully reloaded assembly
- Finished resetting the current domain, in  0.300 seconds
Domain Reload Profiling: 469ms
	BeginReloadAssembly (68ms)
		ExecutionOrderSort (0ms)
		DisableScriptedObjects (2ms)
		BackupInstance (0ms)
		ReleaseScriptingObjects (0ms)
		CreateAndSetChildDomain (19ms)
	RebuildCommonClasses (21ms)
	RebuildNativeTypeToScriptingClass (8ms)
	initialDomainReloadingComplete (11ms)
	LoadAllAssembliesAndSetupDomain (60ms)
		LoadAssemblies (81ms)
		RebuildTransferFunctionScriptingTraits (0ms)
		AnalyzeDomain (6ms)
			TypeCache.Refresh (4ms)
				TypeCache.ScanAssembly (0ms)
			ScanForSourceGeneratedMonoScriptInfo (0ms)
			ResolveRequiredComponents (2ms)
	FinalizeReload (301ms)
		ReleaseScriptCaches (0ms)
		RebuildScriptCaches (0ms)
		SetupLoadedEditorAssemblies (188ms)
			LogAssemblyErrors (0ms)
			InitializePlatformSupportModulesInManaged (3ms)
			SetLoadedEditorAssemblies (2ms)
			RefreshPlugins (0ms)
			BeforeProcessingInitializeOnLoad (21ms)
			ProcessInitializeOnLoadAttributes (151ms)
			ProcessInitializeOnLoadMethodAttributes (11ms)
			AfterProcessingInitializeOnLoad (1ms)
			EditorAssembliesLoaded (0ms)
		ExecutionOrderSort2 (0ms)
		AwakeInstancesAfterBackupRestoration (2ms)
Refreshing native plugins compatible for Editor in 0.45 ms, found 2 plugins.
Preloading 0 native plugins for Editor in 0.00 ms.
Unloading 1427 Unused Serialized files (Serialized files now loaded: 0)
Unloading 9 unused Assets / (26.1 KB). Loaded Objects now: 1967.
Memory consumption went from 120.7 MB to 120.7 MB.
Total: 2.344709 ms (FindLiveObjects: 0.106750 ms CreateObjectMapping: 0.023041 ms MarkObjects: 2.191542 ms  DeleteObjects: 0.022875 ms)

Prepare: number of updated asset objects reloaded= 0
AssetImportParameters requested are different than current active one (requested -> active):
  custom:video-encoder-webm-vp8: eb34c28f22e8b96e1ab97ce403110664 -> 
  custom:video-decoder-webm-vp8: 9c59270c3fd7afecdb556c50c9e8de78 -> 
  custom:audio-decoder-ogg-vorbis: bf7c407c2cedff20999df2af8eb42d56 -> 
  custom:SearchIndexIgnoredProperties: e643bd26f0fe6173181afceb89e7c659 -> 
  custom:container-demuxer-ogg: 62fdf1f143b41e24485cea50d1cbac27 -> 
  custom:AudioImporter_EditorPlatform: 3918e3fc78b5a79bad01e8451be0beb8 -> 
  custom:CustomObjectIndexerAttribute: 9a22284fe3817be447336de3de66b15e -> 
  custom:container-demuxer-webm: 4f35f7cbe854078d1ac9338744f61a02 -> 
  custom:video-decoder-ogg-theora: a1e56fd34408186e4bbccfd4996cb3dc -> 
  custom:audio-encoder-webm-vorbis: bf7c407c2cedff20999df2af8eb42d56 -> 
  custom:framework-osx-AVFoundation: e770b220cccbd017edd2c1fefb359320 -> 
  custom:container-muxer-webm: aa71ff27fc2769a1b78a27578f13a17b -> 
========================================================================
Received Prepare
Caller must complete domain reload
Begin MonoManager ReloadAssembly
Thread 0x16af67000 may have been prematurely finalized
- Loaded All Assemblies, in  0.218 seconds
Native extension for OSXStandalone target not found
Native extension for WebGL target not found
[Package Manager] Server::EnsureServerProcessIsRunning -- launch failed, reason: Unity was launched with the -noUpm command-line argument
[Package Manager] UpmClient::Send -- Unable to send message (not connected to UPM process).
[Package Manager] Cannot connect to Unity Package Manager local server
Mono: successfully reloaded assembly
- Finished resetting the current domain, in  0.428 seconds
Domain Reload Profiling: 646ms
	BeginReloadAssembly (79ms)
		ExecutionOrderSort (0ms)
		DisableScriptedObjects (3ms)
		BackupInstance (0ms)
		ReleaseScriptingObjects (0ms)
		CreateAndSetChildDomain (23ms)
	RebuildCommonClasses (22ms)
	RebuildNativeTypeToScriptingClass (8ms)
	initialDomainReloadingComplete (12ms)
	LoadAllAssembliesAndSetupDomain (97ms)
		LoadAssemblies (123ms)
		RebuildTransferFunctionScriptingTraits (0ms)
		AnalyzeDomain (8ms)
			TypeCache.Refresh (5ms)
				TypeCache.ScanAssembly (0ms)
			ScanForSourceGeneratedMonoScriptInfo (0ms)
			ResolveRequiredComponents (2ms)
	FinalizeReload (428ms)
		ReleaseScriptCaches (0ms)
		RebuildScriptCaches (0ms)
		SetupLoadedEditorAssemblies (194ms)
			LogAssemblyErrors (0ms)
			InitializePlatformSupportModulesInManaged (3ms)
			SetLoadedEditorAssemblies (2ms)
			RefreshPlugins (0ms)
			BeforeProcessingInitializeOnLoad (21ms)
			ProcessInitializeOnLoadAttributes (156ms)
			ProcessInitializeOnLoadMethodAttributes (11ms)
			AfterProcessingInitializeOnLoad (1ms)
			EditorAssembliesLoaded (0ms)
		ExecutionOrderSort2 (0ms)
		AwakeInstancesAfterBackupRestoration (2ms)
Refreshing native plugins compatible for Editor in 0.43 ms, found 2 plugins.
Preloading 0 native plugins for Editor in 0.00 ms.
Unloading 1427 Unused Serialized files (Serialized files now loaded: 0)
Unloading 9 unused Assets / (26.0 KB). Loaded Objects now: 1970.
Memory consumption went from 124.8 MB to 124.8 MB.
Total: 2.349083 ms (FindLiveObjects: 0.074875 ms CreateObjectMapping: 0.024250 ms MarkObjects: 2.214125 ms  DeleteObjects: 0.035416 ms)

Prepare: number of updated asset objects reloaded= 0
AssetImportParameters requested are different than current active one (requested -> active):
  custom:video-encoder-webm-vp8: eb34c28f22e8b96e1ab97ce403110664 -> 
  custom:video-decoder-webm-vp8: 9c59270c3fd7afecdb556c50c9e8de78 -> 
  custom:audio-decoder-ogg-vorbis: bf7c407c2cedff20999df2af8eb42d56 -> 
  custom:SearchIndexIgnoredProperties: e643bd26f0fe6173181afceb89e7c659 -> 
  custom:container-demuxer-ogg: 62fdf1f143b41e24485cea50d1cbac27 -> 
  custom:AudioImporter_EditorPlatform: 3918e3fc78b5a79bad01e8451be0beb8 -> 
  custom:CustomObjectIndexerAttribute: 9a22284fe3817be447336de3de66b15e -> 
  custom:container-demuxer-webm: 4f35f7cbe854078d1ac9338744f61a02 -> 
  custom:video-decoder-ogg-theora: a1e56fd34408186e4bbccfd4996cb3dc -> 
  custom:audio-encoder-webm-vorbis: bf7c407c2cedff20999df2af8eb42d56 -> 
  custom:framework-osx-AVFoundation: e770b220cccbd017edd2c1fefb359320 -> 
  custom:container-muxer-webm: aa71ff27fc2769a1b78a27578f13a17b -> 
========================================================================
Received Import Request.
  Time since last request: 76.194774 seconds.
  path: Assets/Scenes/final project.unity
  artifactKey: Guid(618e58d53e97f4fbe87e395fb699f43a) Importer(815301076,1909f56bfc062723c751e8b465ee728b)
Start importing Assets/Scenes/final project.unity using Guid(618e58d53e97f4fbe87e395fb699f43a) Importer(815301076,1909f56bfc062723c751e8b465ee728b) [PhysX] Initialized MultithreadedTaskDispatcher with 8 workers.
 -> (artifact id: 'ce8dbb743c31c2e0ecf1a2fd3f9771f6') in 0.004953 seconds
Number of updated asset objects reloaded before import = 0
Number of asset objects unloaded after import = 0
========================================================================
Received Prepare
Caller must complete domain reload
Begin MonoManager ReloadAssembly
Thread 0x16af67000 may have been prematurely finalized
- Loaded All Assemblies, in  0.219 seconds
Native extension for OSXStandalone target not found
Native extension for WebGL target not found
[Package Manager] Server::EnsureServerProcessIsRunning -- launch failed, reason: Unity was launched with the -noUpm command-line argument
[Package Manager] UpmClient::Send -- Unable to send message (not connected to UPM process).
[Package Manager] Cannot connect to Unity Package Manager local server
Mono: successfully reloaded assembly
- Finished resetting the current domain, in  0.464 seconds
Domain Reload Profiling: 683ms
	BeginReloadAssembly (78ms)
		ExecutionOrderSort (0ms)
		DisableScriptedObjects (3ms)
		BackupInstance (0ms)
		ReleaseScriptingObjects (0ms)
		CreateAndSetChildDomain (24ms)
	RebuildCommonClasses (24ms)
	RebuildNativeTypeToScriptingClass (8ms)
	initialDomainReloadingComplete (19ms)
	LoadAllAssembliesAndSetupDomain (90ms)
		LoadAssemblies (112ms)
		RebuildTransferFunctionScriptingTraits (0ms)
		AnalyzeDomain (8ms)
			TypeCache.Refresh (6ms)
				TypeCache.ScanAssembly (0ms)
			ScanForSourceGeneratedMonoScriptInfo (0ms)
			ResolveRequiredComponents (2ms)
	FinalizeReload (464ms)
		ReleaseScriptCaches (0ms)
		RebuildScriptCaches (0ms)
		SetupLoadedEditorAssemblies (199ms)
			LogAssemblyErrors (0ms)
			InitializePlatformSupportModulesInManaged (3ms)
			SetLoadedEditorAssemblies (2ms)
			RefreshPlugins (0ms)
			BeforeProcessingInitializeOnLoad (21ms)
			ProcessInitializeOnLoadAttributes (161ms)
			ProcessInitializeOnLoadMethodAttributes (12ms)
			AfterProcessingInitializeOnLoad (1ms)
			EditorAssembliesLoaded (0ms)
		ExecutionOrderSort2 (0ms)
		AwakeInstancesAfterBackupRestoration (2ms)
Refreshing native plugins compatible for Editor in 0.43 ms, found 2 plugins.
Preloading 0 native plugins for Editor in 0.00 ms.
Unloading 1426 Unused Serialized files (Serialized files now loaded: 0)
Unloading 9 unused Assets / (26.0 KB). Loaded Objects now: 1973.
Memory consumption went from 128.7 MB to 128.6 MB.
Total: 2.527125 ms (FindLiveObjects: 0.065167 ms CreateObjectMapping: 0.022708 ms MarkObjects: 2.413125 ms  DeleteObjects: 0.025792 ms)

Prepare: number of updated asset objects reloaded= 0
AssetImportParameters requested are different than current active one (requested -> active):
  custom:video-encoder-webm-vp8: eb34c28f22e8b96e1ab97ce403110664 -> 
  custom:video-decoder-webm-vp8: 9c59270c3fd7afecdb556c50c9e8de78 -> 
  custom:audio-decoder-ogg-vorbis: bf7c407c2cedff20999df2af8eb42d56 -> 
  custom:SearchIndexIgnoredProperties: e643bd26f0fe6173181afceb89e7c659 -> 
  custom:container-demuxer-ogg: 62fdf1f143b41e24485cea50d1cbac27 -> 
  custom:AudioImporter_EditorPlatform: 3918e3fc78b5a79bad01e8451be0beb8 -> 
  custom:CustomObjectIndexerAttribute: 9a22284fe3817be447336de3de66b15e -> 
  custom:container-demuxer-webm: 4f35f7cbe854078d1ac9338744f61a02 -> 
  custom:video-decoder-ogg-theora: a1e56fd34408186e4bbccfd4996cb3dc -> 
  custom:audio-encoder-webm-vorbis: bf7c407c2cedff20999df2af8eb42d56 -> 
  custom:framework-osx-AVFoundation: e770b220cccbd017edd2c1fefb359320 -> 
  custom:container-muxer-webm: aa71ff27fc2769a1b78a27578f13a17b -> 
========================================================================
Received Prepare
Caller must complete domain reload
Begin MonoManager ReloadAssembly
Thread 0x16af67000 may have been prematurely finalized
- Loaded All Assemblies, in  0.222 seconds
Native extension for OSXStandalone target not found
Native extension for WebGL target not found
[Package Manager] Server::EnsureServerProcessIsRunning -- launch failed, reason: Unity was launched with the -noUpm command-line argument
[Package Manager] UpmClient::Send -- Unable to send message (not connected to UPM process).
[Package Manager] Cannot connect to Unity Package Manager local server
Mono: successfully reloaded assembly
- Finished resetting the current domain, in  0.448 seconds
Domain Reload Profiling: 671ms
	BeginReloadAssembly (83ms)
		ExecutionOrderSort (0ms)
		DisableScriptedObjects (3ms)
		BackupInstance (0ms)
		ReleaseScriptingObjects (0ms)
		CreateAndSetChildDomain (25ms)
	RebuildCommonClasses (24ms)
	RebuildNativeTypeToScriptingClass (8ms)
	initialDomainReloadingComplete (17ms)
	LoadAllAssembliesAndSetupDomain (91ms)
		LoadAssemblies (113ms)
		RebuildTransferFunctionScriptingTraits (0ms)
		AnalyzeDomain (9ms)
			TypeCache.Refresh (6ms)
				TypeCache.ScanAssembly (0ms)
			ScanForSourceGeneratedMonoScriptInfo (0ms)
			ResolveRequiredComponents (2ms)
	FinalizeReload (449ms)
		ReleaseScriptCaches (0ms)
		RebuildScriptCaches (0ms)
		SetupLoadedEditorAssemblies (195ms)
			LogAssemblyErrors (0ms)
			InitializePlatformSupportModulesInManaged (3ms)
			SetLoadedEditorAssemblies (2ms)
			RefreshPlugins (0ms)
			BeforeProcessingInitializeOnLoad (21ms)
			ProcessInitializeOnLoadAttributes (156ms)
			ProcessInitializeOnLoadMethodAttributes (11ms)
			AfterProcessingInitializeOnLoad (1ms)
			EditorAssembliesLoaded (0ms)
		ExecutionOrderSort2 (0ms)
		AwakeInstancesAfterBackupRestoration (2ms)
Refreshing native plugins compatible for Editor in 0.45 ms, found 2 plugins.
Preloading 0 native plugins for Editor in 0.00 ms.
Unloading 1427 Unused Serialized files (Serialized files now loaded: 0)
Unloading 9 unused Assets / (26.1 KB). Loaded Objects now: 1976.
Memory consumption went from 133.0 MB to 133.0 MB.
Total: 2.398417 ms (FindLiveObjects: 0.085416 ms CreateObjectMapping: 0.023250 ms MarkObjects: 2.264250 ms  DeleteObjects: 0.025042 ms)

Prepare: number of updated asset objects reloaded= 0
AssetImportParameters requested are different than current active one (requested -> active):
  custom:video-encoder-webm-vp8: eb34c28f22e8b96e1ab97ce403110664 -> 
  custom:video-decoder-webm-vp8: 9c59270c3fd7afecdb556c50c9e8de78 -> 
  custom:audio-decoder-ogg-vorbis: bf7c407c2cedff20999df2af8eb42d56 -> 
  custom:SearchIndexIgnoredProperties: e643bd26f0fe6173181afceb89e7c659 -> 
  custom:container-demuxer-ogg: 62fdf1f143b41e24485cea50d1cbac27 -> 
  custom:AudioImporter_EditorPlatform: 3918e3fc78b5a79bad01e8451be0beb8 -> 
  custom:CustomObjectIndexerAttribute: 9a22284fe3817be447336de3de66b15e -> 
  custom:container-demuxer-webm: 4f35f7cbe854078d1ac9338744f61a02 -> 
  custom:video-decoder-ogg-theora: a1e56fd34408186e4bbccfd4996cb3dc -> 
  custom:audio-encoder-webm-vorbis: bf7c407c2cedff20999df2af8eb42d56 -> 
  custom:framework-osx-AVFoundation: e770b220cccbd017edd2c1fefb359320 -> 
  custom:container-muxer-webm: aa71ff27fc2769a1b78a27578f13a17b -> 
========================================================================
Received Import Request.
  Time since last request: 146.292821 seconds.
  path: Assets/Solutions/Prefabs/Shootable Cube 1.prefab
  artifactKey: Guid(f504da79f05e6bf4c979cb4f4142cd8f) Importer(815301076,1909f56bfc062723c751e8b465ee728b)
Start importing Assets/Solutions/Prefabs/Shootable Cube 1.prefab using Guid(f504da79f05e6bf4c979cb4f4142cd8f) Importer(815301076,1909f56bfc062723c751e8b465ee728b) [PhysX] Initialized MultithreadedTaskDispatcher with 8 workers.
 -> (artifact id: 'cc7b8c5d7cba7fdeecea8ef6d19e35e2') in 0.004759 seconds
Number of updated asset objects reloaded before import = 0
Number of asset objects unloaded after import = 0
========================================================================
Received Prepare
Caller must complete domain reload
Begin MonoManager ReloadAssembly
Thread 0x16af67000 may have been prematurely finalized
- Loaded All Assemblies, in  0.213 seconds
Native extension for OSXStandalone target not found
Native extension for WebGL target not found
[Package Manager] Server::EnsureServerProcessIsRunning -- launch failed, reason: Unity was launched with the -noUpm command-line argument
[Package Manager] UpmClient::Send -- Unable to send message (not connected to UPM process).
[Package Manager] Cannot connect to Unity Package Manager local server
Mono: successfully reloaded assembly
- Finished resetting the current domain, in  0.434 seconds
Domain Reload Profiling: 648ms
	BeginReloadAssembly (80ms)
		ExecutionOrderSort (0ms)
		DisableScriptedObjects (3ms)
		BackupInstance (0ms)
		ReleaseScriptingObjects (0ms)
		CreateAndSetChildDomain (26ms)
	RebuildCommonClasses (25ms)
	RebuildNativeTypeToScriptingClass (8ms)
	initialDomainReloadingComplete (14ms)
	LoadAllAssembliesAndSetupDomain (86ms)
		LoadAssemblies (110ms)
		RebuildTransferFunctionScriptingTraits (0ms)
		AnalyzeDomain (6ms)
			TypeCache.Refresh (4ms)
				TypeCache.ScanAssembly (0ms)
			ScanForSourceGeneratedMonoScriptInfo (0ms)
			ResolveRequiredComponents (2ms)
	FinalizeReload (434ms)
		ReleaseScriptCaches (0ms)
		RebuildScriptCaches (0ms)
		SetupLoadedEditorAssemblies (189ms)
			LogAssemblyErrors (0ms)
			InitializePlatformSupportModulesInManaged (3ms)
			SetLoadedEditorAssemblies (2ms)
			RefreshPlugins (0ms)
			BeforeProcessingInitializeOnLoad (21ms)
			ProcessInitializeOnLoadAttributes (152ms)
			ProcessInitializeOnLoadMethodAttributes (11ms)
			AfterProcessingInitializeOnLoad (1ms)
			EditorAssembliesLoaded (0ms)
		ExecutionOrderSort2 (0ms)
		AwakeInstancesAfterBackupRestoration (2ms)
Refreshing native plugins compatible for Editor in 0.40 ms, found 2 plugins.
Preloading 0 native plugins for Editor in 0.00 ms.
Unloading 1426 Unused Serialized files (Serialized files now loaded: 0)
Unloading 9 unused Assets / (26.0 KB). Loaded Objects now: 1979.
Memory consumption went from 136.9 MB to 136.8 MB.
Total: 2.401375 ms (FindLiveObjects: 0.082000 ms CreateObjectMapping: 0.024833 ms MarkObjects: 2.268167 ms  DeleteObjects: 0.025833 ms)

Prepare: number of updated asset objects reloaded= 0
AssetImportParameters requested are different than current active one (requested -> active):
  custom:video-encoder-webm-vp8: eb34c28f22e8b96e1ab97ce403110664 -> 
  custom:video-decoder-webm-vp8: 9c59270c3fd7afecdb556c50c9e8de78 -> 
  custom:audio-decoder-ogg-vorbis: bf7c407c2cedff20999df2af8eb42d56 -> 
  custom:SearchIndexIgnoredProperties: e643bd26f0fe6173181afceb89e7c659 -> 
  custom:container-demuxer-ogg: 62fdf1f143b41e24485cea50d1cbac27 -> 
  custom:AudioImporter_EditorPlatform: 3918e3fc78b5a79bad01e8451be0beb8 -> 
  custom:CustomObjectIndexerAttribute: 9a22284fe3817be447336de3de66b15e -> 
  custom:container-demuxer-webm: 4f35f7cbe854078d1ac9338744f61a02 -> 
  custom:video-decoder-ogg-theora: a1e56fd34408186e4bbccfd4996cb3dc -> 
  custom:audio-encoder-webm-vorbis: bf7c407c2cedff20999df2af8eb42d56 -> 
  custom:framework-osx-AVFoundation: e770b220cccbd017edd2c1fefb359320 -> 
  custom:container-muxer-webm: aa71ff27fc2769a1b78a27578f13a17b -> 
========================================================================
Received Prepare
Caller must complete domain reload
Begin MonoManager ReloadAssembly
Thread 0x16af67000 may have been prematurely finalized
- Loaded All Assemblies, in  0.235 seconds
Native extension for OSXStandalone target not found
Native extension for WebGL target not found
[Package Manager] Server::EnsureServerProcessIsRunning -- launch failed, reason: Unity was launched with the -noUpm command-line argument
[Package Manager] UpmClient::Send -- Unable to send message (not connected to UPM process).
[Package Manager] Cannot connect to Unity Package Manager local server
Mono: successfully reloaded assembly
- Finished resetting the current domain, in  0.439 seconds
Domain Reload Profiling: 674ms
	BeginReloadAssembly (80ms)
		ExecutionOrderSort (0ms)
		DisableScriptedObjects (3ms)
		BackupInstance (0ms)
		ReleaseScriptingObjects (0ms)
		CreateAndSetChildDomain (26ms)
	RebuildCommonClasses (22ms)
	RebuildNativeTypeToScriptingClass (8ms)
	initialDomainReloadingComplete (16ms)
	LoadAllAssembliesAndSetupDomain (109ms)
		LoadAssemblies (124ms)
		RebuildTransferFunctionScriptingTraits (0ms)
		AnalyzeDomain (15ms)
			TypeCache.Refresh (9ms)
				TypeCache.ScanAssembly (0ms)
			ScanForSourceGeneratedMonoScriptInfo (4ms)
			ResolveRequiredComponents (2ms)
	FinalizeReload (440ms)
		ReleaseScriptCaches (0ms)
		RebuildScriptCaches (0ms)
		SetupLoadedEditorAssemblies (187ms)
			LogAssemblyErrors (0ms)
			InitializePlatformSupportModulesInManaged (3ms)
			SetLoadedEditorAssemblies (2ms)
			RefreshPlugins (0ms)
			BeforeProcessingInitializeOnLoad (21ms)
			ProcessInitializeOnLoadAttributes (151ms)
			ProcessInitializeOnLoadMethodAttributes (10ms)
			AfterProcessingInitializeOnLoad (1ms)
			EditorAssembliesLoaded (0ms)
		ExecutionOrderSort2 (0ms)
		AwakeInstancesAfterBackupRestoration (2ms)
Refreshing native plugins compatible for Editor in 0.40 ms, found 2 plugins.
Preloading 0 native plugins for Editor in 0.00 ms.
Unloading 1427 Unused Serialized files (Serialized files now loaded: 0)
Unloading 9 unused Assets / (26.0 KB). Loaded Objects now: 1982.
Memory consumption went from 141.2 MB to 141.2 MB.
Total: 2.083041 ms (FindLiveObjects: 0.070083 ms CreateObjectMapping: 0.023375 ms MarkObjects: 1.958917 ms  DeleteObjects: 0.030084 ms)

Prepare: number of updated asset objects reloaded= 0
AssetImportParameters requested are different than current active one (requested -> active):
  custom:video-encoder-webm-vp8: eb34c28f22e8b96e1ab97ce403110664 -> 
  custom:video-decoder-webm-vp8: 9c59270c3fd7afecdb556c50c9e8de78 -> 
  custom:audio-decoder-ogg-vorbis: bf7c407c2cedff20999df2af8eb42d56 -> 
  custom:SearchIndexIgnoredProperties: e643bd26f0fe6173181afceb89e7c659 -> 
  custom:container-demuxer-ogg: 62fdf1f143b41e24485cea50d1cbac27 -> 
  custom:AudioImporter_EditorPlatform: 3918e3fc78b5a79bad01e8451be0beb8 -> 
  custom:CustomObjectIndexerAttribute: 9a22284fe3817be447336de3de66b15e -> 
  custom:container-demuxer-webm: 4f35f7cbe854078d1ac9338744f61a02 -> 
  custom:video-decoder-ogg-theora: a1e56fd34408186e4bbccfd4996cb3dc -> 
  custom:audio-encoder-webm-vorbis: bf7c407c2cedff20999df2af8eb42d56 -> 
  custom:framework-osx-AVFoundation: e770b220cccbd017edd2c1fefb359320 -> 
  custom:container-muxer-webm: aa71ff27fc2769a1b78a27578f13a17b -> 
========================================================================
Received Prepare
Caller must complete domain reload
Begin MonoManager ReloadAssembly
Thread 0x16af67000 may have been prematurely finalized
- Loaded All Assemblies, in  0.162 seconds
Native extension for OSXStandalone target not found
Native extension for WebGL target not found
[Package Manager] Server::EnsureServerProcessIsRunning -- launch failed, reason: Unity was launched with the -noUpm command-line argument
[Package Manager] UpmClient::Send -- Unable to send message (not connected to UPM process).
[Package Manager] Cannot connect to Unity Package Manager local server
Mono: successfully reloaded assembly
- Finished resetting the current domain, in  0.320 seconds
Domain Reload Profiling: 482ms
	BeginReloadAssembly (69ms)
		ExecutionOrderSort (0ms)
		DisableScriptedObjects (2ms)
		BackupInstance (0ms)
		ReleaseScriptingObjects (0ms)
		CreateAndSetChildDomain (20ms)
	RebuildCommonClasses (22ms)
	RebuildNativeTypeToScriptingClass (8ms)
	initialDomainReloadingComplete (11ms)
	LoadAllAssembliesAndSetupDomain (53ms)
		LoadAssemblies (73ms)
		RebuildTransferFunctionScriptingTraits (0ms)
		AnalyzeDomain (7ms)
			TypeCache.Refresh (4ms)
				TypeCache.ScanAssembly (0ms)
			ScanForSourceGeneratedMonoScriptInfo (0ms)
			ResolveRequiredComponents (2ms)
	FinalizeReload (320ms)
		ReleaseScriptCaches (0ms)
		RebuildScriptCaches (0ms)
		SetupLoadedEditorAssemblies (214ms)
			LogAssemblyErrors (0ms)
			InitializePlatformSupportModulesInManaged (3ms)
			SetLoadedEditorAssemblies (2ms)
			RefreshPlugins (0ms)
			BeforeProcessingInitializeOnLoad (27ms)
			ProcessInitializeOnLoadAttributes (170ms)
			ProcessInitializeOnLoadMethodAttributes (11ms)
			AfterProcessingInitializeOnLoad (1ms)
			EditorAssembliesLoaded (0ms)
		ExecutionOrderSort2 (0ms)
		AwakeInstancesAfterBackupRestoration (2ms)
Refreshing native plugins compatible for Editor in 0.38 ms, found 2 plugins.
Preloading 0 native plugins for Editor in 0.00 ms.
Unloading 1427 Unused Serialized files (Serialized files now loaded: 0)
Unloading 9 unused Assets / (26.0 KB). Loaded Objects now: 1985.
Memory consumption went from 145.3 MB to 145.3 MB.
Total: 2.154666 ms (FindLiveObjects: 0.083334 ms CreateObjectMapping: 0.023625 ms MarkObjects: 2.022333 ms  DeleteObjects: 0.024833 ms)

Prepare: number of updated asset objects reloaded= 0
AssetImportParameters requested are different than current active one (requested -> active):
  custom:video-encoder-webm-vp8: eb34c28f22e8b96e1ab97ce403110664 -> 
  custom:video-decoder-webm-vp8: 9c59270c3fd7afecdb556c50c9e8de78 -> 
  custom:audio-decoder-ogg-vorbis: bf7c407c2cedff20999df2af8eb42d56 -> 
  custom:SearchIndexIgnoredProperties: e643bd26f0fe6173181afceb89e7c659 -> 
  custom:container-demuxer-ogg: 62fdf1f143b41e24485cea50d1cbac27 -> 
  custom:AudioImporter_EditorPlatform: 3918e3fc78b5a79bad01e8451be0beb8 -> 
  custom:CustomObjectIndexerAttribute: 9a22284fe3817be447336de3de66b15e -> 
  custom:container-demuxer-webm: 4f35f7cbe854078d1ac9338744f61a02 -> 
  custom:video-decoder-ogg-theora: a1e56fd34408186e4bbccfd4996cb3dc -> 
  custom:audio-encoder-webm-vorbis: bf7c407c2cedff20999df2af8eb42d56 -> 
  custom:framework-osx-AVFoundation: e770b220cccbd017edd2c1fefb359320 -> 
  custom:container-muxer-webm: aa71ff27fc2769a1b78a27578f13a17b -> 
========================================================================
Received Prepare
Caller must complete domain reload
Begin MonoManager ReloadAssembly
Thread 0x16af67000 may have been prematurely finalized
- Loaded All Assemblies, in  0.239 seconds
Native extension for OSXStandalone target not found
Native extension for WebGL target not found
[Package Manager] Server::EnsureServerProcessIsRunning -- launch failed, reason: Unity was launched with the -noUpm command-line argument
[Package Manager] UpmClient::Send -- Unable to send message (not connected to UPM process).
[Package Manager] Cannot connect to Unity Package Manager local server
Mono: successfully reloaded assembly
- Finished resetting the current domain, in  0.440 seconds
Domain Reload Profiling: 679ms
	BeginReloadAssembly (77ms)
		ExecutionOrderSort (0ms)
		DisableScriptedObjects (3ms)
		BackupInstance (0ms)
		ReleaseScriptingObjects (0ms)
		CreateAndSetChildDomain (22ms)
	RebuildCommonClasses (21ms)
	RebuildNativeTypeToScriptingClass (8ms)
	initialDomainReloadingComplete (13ms)
	LoadAllAssembliesAndSetupDomain (121ms)
		LoadAssemblies (138ms)
		RebuildTransferFunctionScriptingTraits (0ms)
		AnalyzeDomain (15ms)
			TypeCache.Refresh (12ms)
				TypeCache.ScanAssembly (0ms)
			ScanForSourceGeneratedMonoScriptInfo (0ms)
			ResolveRequiredComponents (2ms)
	FinalizeReload (440ms)
		ReleaseScriptCaches (0ms)
		RebuildScriptCaches (0ms)
		SetupLoadedEditorAssemblies (196ms)
			LogAssemblyErrors (0ms)
			InitializePlatformSupportModulesInManaged (3ms)
			SetLoadedEditorAssemblies (2ms)
			RefreshPlugins (0ms)
			BeforeProcessingInitializeOnLoad (21ms)
			ProcessInitializeOnLoadAttributes (158ms)
			ProcessInitializeOnLoadMethodAttributes (11ms)
			AfterProcessingInitializeOnLoad (1ms)
			EditorAssembliesLoaded (0ms)
		ExecutionOrderSort2 (0ms)
		AwakeInstancesAfterBackupRestoration (2ms)
Refreshing native plugins compatible for Editor in 0.41 ms, found 2 plugins.
Preloading 0 native plugins for Editor in 0.00 ms.
Unloading 1427 Unused Serialized files (Serialized files now loaded: 0)
Unloading 9 unused Assets / (26.1 KB). Loaded Objects now: 1988.
Memory consumption went from 149.4 MB to 149.3 MB.
Total: 2.506459 ms (FindLiveObjects: 0.203209 ms CreateObjectMapping: 0.053000 ms MarkObjects: 2.219292 ms  DeleteObjects: 0.030417 ms)

Prepare: number of updated asset objects reloaded= 0
AssetImportParameters requested are different than current active one (requested -> active):
  custom:video-encoder-webm-vp8: eb34c28f22e8b96e1ab97ce403110664 -> 
  custom:video-decoder-webm-vp8: 9c59270c3fd7afecdb556c50c9e8de78 -> 
  custom:audio-decoder-ogg-vorbis: bf7c407c2cedff20999df2af8eb42d56 -> 
  custom:SearchIndexIgnoredProperties: e643bd26f0fe6173181afceb89e7c659 -> 
  custom:container-demuxer-ogg: 62fdf1f143b41e24485cea50d1cbac27 -> 
  custom:AudioImporter_EditorPlatform: 3918e3fc78b5a79bad01e8451be0beb8 -> 
  custom:CustomObjectIndexerAttribute: 9a22284fe3817be447336de3de66b15e -> 
  custom:container-demuxer-webm: 4f35f7cbe854078d1ac9338744f61a02 -> 
  custom:video-decoder-ogg-theora: a1e56fd34408186e4bbccfd4996cb3dc -> 
  custom:audio-encoder-webm-vorbis: bf7c407c2cedff20999df2af8eb42d56 -> 
  custom:framework-osx-AVFoundation: e770b220cccbd017edd2c1fefb359320 -> 
  custom:container-muxer-webm: aa71ff27fc2769a1b78a27578f13a17b -> 
========================================================================
Received Prepare
Caller must complete domain reload
Begin MonoManager ReloadAssembly
Thread 0x16af67000 may have been prematurely finalized
- Loaded All Assemblies, in  0.210 seconds
Native extension for OSXStandalone target not found
Native extension for WebGL target not found
[Package Manager] Server::EnsureServerProcessIsRunning -- launch failed, reason: Unity was launched with the -noUpm command-line argument
[Package Manager] UpmClient::Send -- Unable to send message (not connected to UPM process).
[Package Manager] Cannot connect to Unity Package Manager local server
Mono: successfully reloaded assembly
- Finished resetting the current domain, in  0.438 seconds
Domain Reload Profiling: 648ms
	BeginReloadAssembly (80ms)
		ExecutionOrderSort (0ms)
		DisableScriptedObjects (3ms)
		BackupInstance (0ms)
		ReleaseScriptingObjects (0ms)
		CreateAndSetChildDomain (24ms)
	RebuildCommonClasses (24ms)
	RebuildNativeTypeToScriptingClass (8ms)
	initialDomainReloadingComplete (13ms)
	LoadAllAssembliesAndSetupDomain (85ms)
		LoadAssemblies (111ms)
		RebuildTransferFunctionScriptingTraits (0ms)
		AnalyzeDomain (7ms)
			TypeCache.Refresh (4ms)
				TypeCache.ScanAssembly (0ms)
			ScanForSourceGeneratedMonoScriptInfo (0ms)
			ResolveRequiredComponents (2ms)
	FinalizeReload (438ms)
		ReleaseScriptCaches (0ms)
		RebuildScriptCaches (0ms)
		SetupLoadedEditorAssemblies (192ms)
			LogAssemblyErrors (0ms)
			InitializePlatformSupportModulesInManaged (3ms)
			SetLoadedEditorAssemblies (2ms)
			RefreshPlugins (0ms)
			BeforeProcessingInitializeOnLoad (20ms)
			ProcessInitializeOnLoadAttributes (154ms)
			ProcessInitializeOnLoadMethodAttributes (11ms)
			AfterProcessingInitializeOnLoad (1ms)
			EditorAssembliesLoaded (0ms)
		ExecutionOrderSort2 (0ms)
		AwakeInstancesAfterBackupRestoration (2ms)
Refreshing native plugins compatible for Editor in 0.42 ms, found 2 plugins.
Preloading 0 native plugins for Editor in 0.00 ms.
Unloading 1427 Unused Serialized files (Serialized files now loaded: 0)
Unloading 9 unused Assets / (26.1 KB). Loaded Objects now: 1991.
Memory consumption went from 153.4 MB to 153.4 MB.
Total: 2.379292 ms (FindLiveObjects: 0.081250 ms CreateObjectMapping: 0.025375 ms MarkObjects: 2.237875 ms  DeleteObjects: 0.034125 ms)

Prepare: number of updated asset objects reloaded= 0
AssetImportParameters requested are different than current active one (requested -> active):
  custom:video-encoder-webm-vp8: eb34c28f22e8b96e1ab97ce403110664 -> 
  custom:video-decoder-webm-vp8: 9c59270c3fd7afecdb556c50c9e8de78 -> 
  custom:audio-decoder-ogg-vorbis: bf7c407c2cedff20999df2af8eb42d56 -> 
  custom:SearchIndexIgnoredProperties: e643bd26f0fe6173181afceb89e7c659 -> 
  custom:container-demuxer-ogg: 62fdf1f143b41e24485cea50d1cbac27 -> 
  custom:AudioImporter_EditorPlatform: 3918e3fc78b5a79bad01e8451be0beb8 -> 
  custom:CustomObjectIndexerAttribute: 9a22284fe3817be447336de3de66b15e -> 
  custom:container-demuxer-webm: 4f35f7cbe854078d1ac9338744f61a02 -> 
  custom:video-decoder-ogg-theora: a1e56fd34408186e4bbccfd4996cb3dc -> 
  custom:audio-encoder-webm-vorbis: bf7c407c2cedff20999df2af8eb42d56 -> 
  custom:framework-osx-AVFoundation: e770b220cccbd017edd2c1fefb359320 -> 
  custom:container-muxer-webm: aa71ff27fc2769a1b78a27578f13a17b -> 
========================================================================
Received Prepare
Caller must complete domain reload
Begin MonoManager ReloadAssembly
Thread 0x16af67000 may have been prematurely finalized
- Loaded All Assemblies, in  0.209 seconds
Native extension for OSXStandalone target not found
Native extension for WebGL target not found
[Package Manager] Server::EnsureServerProcessIsRunning -- launch failed, reason: Unity was launched with the -noUpm command-line argument
[Package Manager] UpmClient::Send -- Unable to send message (not connected to UPM process).
[Package Manager] Cannot connect to Unity Package Manager local server
Mono: successfully reloaded assembly
- Finished resetting the current domain, in  0.436 seconds
Domain Reload Profiling: 645ms
	BeginReloadAssembly (82ms)
		ExecutionOrderSort (0ms)
		DisableScriptedObjects (3ms)
		BackupInstance (0ms)
		ReleaseScriptingObjects (0ms)
		CreateAndSetChildDomain (23ms)
	RebuildCommonClasses (23ms)
	RebuildNativeTypeToScriptingClass (8ms)
	initialDomainReloadingComplete (13ms)
	LoadAllAssembliesAndSetupDomain (84ms)
		LoadAssemblies (113ms)
		RebuildTransferFunctionScriptingTraits (0ms)
		AnalyzeDomain (7ms)
			TypeCache.Refresh (5ms)
				TypeCache.ScanAssembly (0ms)
			ScanForSourceGeneratedMonoScriptInfo (0ms)
			ResolveRequiredComponents (2ms)
	FinalizeReload (436ms)
		ReleaseScriptCaches (0ms)
		RebuildScriptCaches (0ms)
		SetupLoadedEditorAssemblies (205ms)
			LogAssemblyErrors (0ms)
			InitializePlatformSupportModulesInManaged (3ms)
			SetLoadedEditorAssemblies (2ms)
			RefreshPlugins (0ms)
			BeforeProcessingInitializeOnLoad (24ms)
			ProcessInitializeOnLoadAttributes (163ms)
			ProcessInitializeOnLoadMethodAttributes (12ms)
			AfterProcessingInitializeOnLoad (1ms)
			EditorAssembliesLoaded (0ms)
		ExecutionOrderSort2 (0ms)
		AwakeInstancesAfterBackupRestoration (2ms)
Refreshing native plugins compatible for Editor in 0.41 ms, found 2 plugins.
Preloading 0 native plugins for Editor in 0.00 ms.
Unloading 1427 Unused Serialized files (Serialized files now loaded: 0)
Unloading 9 unused Assets / (26.0 KB). Loaded Objects now: 1994.
Memory consumption went from 157.5 MB to 157.5 MB.
Total: 2.389167 ms (FindLiveObjects: 0.094958 ms CreateObjectMapping: 0.027625 ms MarkObjects: 2.235750 ms  DeleteObjects: 0.030167 ms)

Prepare: number of updated asset objects reloaded= 0
AssetImportParameters requested are different than current active one (requested -> active):
  custom:video-encoder-webm-vp8: eb34c28f22e8b96e1ab97ce403110664 -> 
  custom:video-decoder-webm-vp8: 9c59270c3fd7afecdb556c50c9e8de78 -> 
  custom:audio-decoder-ogg-vorbis: bf7c407c2cedff20999df2af8eb42d56 -> 
  custom:SearchIndexIgnoredProperties: e643bd26f0fe6173181afceb89e7c659 -> 
  custom:container-demuxer-ogg: 62fdf1f143b41e24485cea50d1cbac27 -> 
  custom:AudioImporter_EditorPlatform: 3918e3fc78b5a79bad01e8451be0beb8 -> 
  custom:CustomObjectIndexerAttribute: 9a22284fe3817be447336de3de66b15e -> 
  custom:container-demuxer-webm: 4f35f7cbe854078d1ac9338744f61a02 -> 
  custom:video-decoder-ogg-theora: a1e56fd34408186e4bbccfd4996cb3dc -> 
  custom:audio-encoder-webm-vorbis: bf7c407c2cedff20999df2af8eb42d56 -> 
  custom:framework-osx-AVFoundation: e770b220cccbd017edd2c1fefb359320 -> 
  custom:container-muxer-webm: aa71ff27fc2769a1b78a27578f13a17b -> 
========================================================================
Received Prepare
Caller must complete domain reload
Begin MonoManager ReloadAssembly
Thread 0x16af67000 may have been prematurely finalized
- Loaded All Assemblies, in  0.219 seconds
Native extension for OSXStandalone target not found
Native extension for WebGL target not found
[Package Manager] Server::EnsureServerProcessIsRunning -- launch failed, reason: Unity was launched with the -noUpm command-line argument
[Package Manager] UpmClient::Send -- Unable to send message (not connected to UPM process).
[Package Manager] Cannot connect to Unity Package Manager local server
Mono: successfully reloaded assembly
- Finished resetting the current domain, in  0.431 seconds
Domain Reload Profiling: 650ms
	BeginReloadAssembly (73ms)
		ExecutionOrderSort (0ms)
		DisableScriptedObjects (3ms)
		BackupInstance (0ms)
		ReleaseScriptingObjects (0ms)
		CreateAndSetChildDomain (22ms)
	RebuildCommonClasses (21ms)
	RebuildNativeTypeToScriptingClass (8ms)
	initialDomainReloadingComplete (12ms)
	LoadAllAssembliesAndSetupDomain (105ms)
		LoadAssemblies (125ms)
		RebuildTransferFunctionScriptingTraits (0ms)
		AnalyzeDomain (8ms)
			TypeCache.Refresh (5ms)
				TypeCache.ScanAssembly (0ms)
			ScanForSourceGeneratedMonoScriptInfo (0ms)
			ResolveRequiredComponents (2ms)
	FinalizeReload (431ms)
		ReleaseScriptCaches (0ms)
		RebuildScriptCaches (0ms)
		SetupLoadedEditorAssemblies (196ms)
			LogAssemblyErrors (0ms)
			InitializePlatformSupportModulesInManaged (3ms)
			SetLoadedEditorAssemblies (2ms)
			RefreshPlugins (0ms)
			BeforeProcessingInitializeOnLoad (21ms)
			ProcessInitializeOnLoadAttributes (158ms)
			ProcessInitializeOnLoadMethodAttributes (11ms)
			AfterProcessingInitializeOnLoad (1ms)
			EditorAssembliesLoaded (0ms)
		ExecutionOrderSort2 (0ms)
		AwakeInstancesAfterBackupRestoration (2ms)
Refreshing native plugins compatible for Editor in 0.42 ms, found 2 plugins.
Preloading 0 native plugins for Editor in 0.00 ms.
Unloading 1427 Unused Serialized files (Serialized files now loaded: 0)
Unloading 9 unused Assets / (26.1 KB). Loaded Objects now: 1997.
Memory consumption went from 161.6 MB to 161.6 MB.
Total: 2.232291 ms (FindLiveObjects: 0.085875 ms CreateObjectMapping: 0.025125 ms MarkObjects: 2.096584 ms  DeleteObjects: 0.024166 ms)

Prepare: number of updated asset objects reloaded= 0
AssetImportParameters requested are different than current active one (requested -> active):
  custom:video-encoder-webm-vp8: eb34c28f22e8b96e1ab97ce403110664 -> 
  custom:video-decoder-webm-vp8: 9c59270c3fd7afecdb556c50c9e8de78 -> 
  custom:audio-decoder-ogg-vorbis: bf7c407c2cedff20999df2af8eb42d56 -> 
  custom:SearchIndexIgnoredProperties: e643bd26f0fe6173181afceb89e7c659 -> 
  custom:container-demuxer-ogg: 62fdf1f143b41e24485cea50d1cbac27 -> 
  custom:AudioImporter_EditorPlatform: 3918e3fc78b5a79bad01e8451be0beb8 -> 
  custom:CustomObjectIndexerAttribute: 9a22284fe3817be447336de3de66b15e -> 
  custom:container-demuxer-webm: 4f35f7cbe854078d1ac9338744f61a02 -> 
  custom:video-decoder-ogg-theora: a1e56fd34408186e4bbccfd4996cb3dc -> 
  custom:audio-encoder-webm-vorbis: bf7c407c2cedff20999df2af8eb42d56 -> 
  custom:framework-osx-AVFoundation: e770b220cccbd017edd2c1fefb359320 -> 
  custom:container-muxer-webm: aa71ff27fc2769a1b78a27578f13a17b -> 
========================================================================
Received Prepare
Caller must complete domain reload
Begin MonoManager ReloadAssembly
Thread 0x16af67000 may have been prematurely finalized
- Loaded All Assemblies, in  0.218 seconds
Native extension for OSXStandalone target not found
Native extension for WebGL target not found
[Package Manager] Server::EnsureServerProcessIsRunning -- launch failed, reason: Unity was launched with the -noUpm command-line argument
[Package Manager] UpmClient::Send -- Unable to send message (not connected to UPM process).
[Package Manager] Cannot connect to Unity Package Manager local server
Mono: successfully reloaded assembly
- Finished resetting the current domain, in  0.453 seconds
Domain Reload Profiling: 671ms
	BeginReloadAssembly (88ms)
		ExecutionOrderSort (0ms)
		DisableScriptedObjects (3ms)
		BackupInstance (0ms)
		ReleaseScriptingObjects (0ms)
		CreateAndSetChildDomain (26ms)
	RebuildCommonClasses (22ms)
	RebuildNativeTypeToScriptingClass (8ms)
	initialDomainReloadingComplete (12ms)
	LoadAllAssembliesAndSetupDomain (88ms)
		LoadAssemblies (119ms)
		RebuildTransferFunctionScriptingTraits (0ms)
		AnalyzeDomain (7ms)
			TypeCache.Refresh (4ms)
				TypeCache.ScanAssembly (0ms)
			ScanForSourceGeneratedMonoScriptInfo (0ms)
			ResolveRequiredComponents (2ms)
	FinalizeReload (453ms)
		ReleaseScriptCaches (0ms)
		RebuildScriptCaches (0ms)
		SetupLoadedEditorAssemblies (199ms)
			LogAssemblyErrors (0ms)
			InitializePlatformSupportModulesInManaged (3ms)
			SetLoadedEditorAssemblies (2ms)
			RefreshPlugins (0ms)
			BeforeProcessingInitializeOnLoad (21ms)
			ProcessInitializeOnLoadAttributes (162ms)
			ProcessInitializeOnLoadMethodAttributes (11ms)
			AfterProcessingInitializeOnLoad (0ms)
			EditorAssembliesLoaded (0ms)
		ExecutionOrderSort2 (0ms)
		AwakeInstancesAfterBackupRestoration (2ms)
Refreshing native plugins compatible for Editor in 0.46 ms, found 2 plugins.
Preloading 0 native plugins for Editor in 0.00 ms.
Unloading 1427 Unused Serialized files (Serialized files now loaded: 0)
Unloading 9 unused Assets / (26.0 KB). Loaded Objects now: 2000.
Memory consumption went from 165.7 MB to 165.6 MB.
Total: 2.246875 ms (FindLiveObjects: 0.079500 ms CreateObjectMapping: 0.023541 ms MarkObjects: 2.118000 ms  DeleteObjects: 0.025500 ms)

Prepare: number of updated asset objects reloaded= 0
AssetImportParameters requested are different than current active one (requested -> active):
  custom:video-encoder-webm-vp8: eb34c28f22e8b96e1ab97ce403110664 -> 
  custom:video-decoder-webm-vp8: 9c59270c3fd7afecdb556c50c9e8de78 -> 
  custom:audio-decoder-ogg-vorbis: bf7c407c2cedff20999df2af8eb42d56 -> 
  custom:SearchIndexIgnoredProperties: e643bd26f0fe6173181afceb89e7c659 -> 
  custom:container-demuxer-ogg: 62fdf1f143b41e24485cea50d1cbac27 -> 
  custom:AudioImporter_EditorPlatform: 3918e3fc78b5a79bad01e8451be0beb8 -> 
  custom:CustomObjectIndexerAttribute: 9a22284fe3817be447336de3de66b15e -> 
  custom:container-demuxer-webm: 4f35f7cbe854078d1ac9338744f61a02 -> 
  custom:video-decoder-ogg-theora: a1e56fd34408186e4bbccfd4996cb3dc -> 
  custom:audio-encoder-webm-vorbis: bf7c407c2cedff20999df2af8eb42d56 -> 
  custom:framework-osx-AVFoundation: e770b220cccbd017edd2c1fefb359320 -> 
  custom:container-muxer-webm: aa71ff27fc2769a1b78a27578f13a17b -> 
========================================================================
Received Prepare
Caller must complete domain reload
Begin MonoManager ReloadAssembly
Thread 0x16af67000 may have been prematurely finalized
- Loaded All Assemblies, in  0.202 seconds
Native extension for OSXStandalone target not found
Native extension for WebGL target not found
[Package Manager] Server::EnsureServerProcessIsRunning -- launch failed, reason: Unity was launched with the -noUpm command-line argument
[Package Manager] UpmClient::Send -- Unable to send message (not connected to UPM process).
[Package Manager] Cannot connect to Unity Package Manager local server
Mono: successfully reloaded assembly
- Finished resetting the current domain, in  0.421 seconds
Domain Reload Profiling: 623ms
	BeginReloadAssembly (84ms)
		ExecutionOrderSort (0ms)
		DisableScriptedObjects (3ms)
		BackupInstance (0ms)
		ReleaseScriptingObjects (0ms)
		CreateAndSetChildDomain (20ms)
	RebuildCommonClasses (22ms)
	RebuildNativeTypeToScriptingClass (8ms)
	initialDomainReloadingComplete (12ms)
	LoadAllAssembliesAndSetupDomain (77ms)
		LoadAssemblies (112ms)
		RebuildTransferFunctionScriptingTraits (0ms)
		AnalyzeDomain (6ms)
			TypeCache.Refresh (4ms)
				TypeCache.ScanAssembly (0ms)
			ScanForSourceGeneratedMonoScriptInfo (0ms)
			ResolveRequiredComponents (2ms)
	FinalizeReload (421ms)
		ReleaseScriptCaches (0ms)
		RebuildScriptCaches (0ms)
		SetupLoadedEditorAssemblies (195ms)
			LogAssemblyErrors (0ms)
			InitializePlatformSupportModulesInManaged (3ms)
			SetLoadedEditorAssemblies (2ms)
			RefreshPlugins (0ms)
			BeforeProcessingInitializeOnLoad (20ms)
			ProcessInitializeOnLoadAttributes (158ms)
			ProcessInitializeOnLoadMethodAttributes (12ms)
			AfterProcessingInitializeOnLoad (1ms)
			EditorAssembliesLoaded (0ms)
		ExecutionOrderSort2 (0ms)
		AwakeInstancesAfterBackupRestoration (2ms)
Refreshing native plugins compatible for Editor in 0.43 ms, found 2 plugins.
Preloading 0 native plugins for Editor in 0.00 ms.
Unloading 1427 Unused Serialized files (Serialized files now loaded: 0)
Unloading 9 unused Assets / (26.0 KB). Loaded Objects now: 2003.
Memory consumption went from 169.7 MB to 169.7 MB.
Total: 2.328333 ms (FindLiveObjects: 0.070250 ms CreateObjectMapping: 0.021583 ms MarkObjects: 2.185083 ms  DeleteObjects: 0.051083 ms)

Prepare: number of updated asset objects reloaded= 0
AssetImportParameters requested are different than current active one (requested -> active):
  custom:video-encoder-webm-vp8: eb34c28f22e8b96e1ab97ce403110664 -> 
  custom:video-decoder-webm-vp8: 9c59270c3fd7afecdb556c50c9e8de78 -> 
  custom:audio-decoder-ogg-vorbis: bf7c407c2cedff20999df2af8eb42d56 -> 
  custom:SearchIndexIgnoredProperties: e643bd26f0fe6173181afceb89e7c659 -> 
  custom:container-demuxer-ogg: 62fdf1f143b41e24485cea50d1cbac27 -> 
  custom:AudioImporter_EditorPlatform: 3918e3fc78b5a79bad01e8451be0beb8 -> 
  custom:CustomObjectIndexerAttribute: 9a22284fe3817be447336de3de66b15e -> 
  custom:container-demuxer-webm: 4f35f7cbe854078d1ac9338744f61a02 -> 
  custom:video-decoder-ogg-theora: a1e56fd34408186e4bbccfd4996cb3dc -> 
  custom:audio-encoder-webm-vorbis: bf7c407c2cedff20999df2af8eb42d56 -> 
  custom:framework-osx-AVFoundation: e770b220cccbd017edd2c1fefb359320 -> 
  custom:container-muxer-webm: aa71ff27fc2769a1b78a27578f13a17b -> 
========================================================================
Received Import Request.
  Time since last request: 470.274453 seconds.
  path: Assets/Characters_Zombie_SuitMan_1.prefab
  artifactKey: Guid(8c0b697be1e7f490baa9e6158e0f7223) Importer(2089858483,0ecaa5967403d082aa24f35e1b516d23)
Start importing Assets/Characters_Zombie_SuitMan_1.prefab using Guid(8c0b697be1e7f490baa9e6158e0f7223) Importer(2089858483,0ecaa5967403d082aa24f35e1b516d23) [PhysX] Initialized MultithreadedTaskDispatcher with 8 workers.
 -> (artifact id: '2d1fc32491c46fb1eff94e522f301bb5') in 0.101323 seconds
Number of updated asset objects reloaded before import = 0
Number of asset objects unloaded after import = 256
========================================================================
Received Import Request.
  Time since last request: 0.000037 seconds.
  path: Assets/Scenes/Lesson 2-3.unity
  artifactKey: Guid(9589451cc138d4e00a2da0a6c2198153) Importer(2089858483,0ecaa5967403d082aa24f35e1b516d23)
Start importing Assets/Scenes/Lesson 2-3.unity using Guid(9589451cc138d4e00a2da0a6c2198153) Importer(2089858483,0ecaa5967403d082aa24f35e1b516d23) [PhysX] Initialized MultithreadedTaskDispatcher with 8 workers.
 -> (artifact id: '5c6a79ba0a8019927ec2dbc9990c993e') in 0.002871 seconds
Number of updated asset objects reloaded before import = 0
Number of asset objects unloaded after import = 1
========================================================================
Received Import Request.
  Time since last request: 0.000171 seconds.
  path: Assets/Female Soldier Voice - Dr. Elena Shiroff/Normal/easy2.ogg
  artifactKey: Guid(5593b5ebb7f27c14dbcf893bb8d35912) Importer(2089858483,0ecaa5967403d082aa24f35e1b516d23)
Start importing Assets/Female Soldier Voice - Dr. Elena Shiroff/Normal/easy2.ogg using Guid(5593b5ebb7f27c14dbcf893bb8d35912) Importer(2089858483,0ecaa5967403d082aa24f35e1b516d23) [PhysX] Initialized MultithreadedTaskDispatcher with 8 workers.
 -> (artifact id: 'b37e1a886849d28f7ad3d486adc2ff58') in 0.017948 seconds
Number of updated asset objects reloaded before import = 0
Number of asset objects unloaded after import = 1
========================================================================
Received Import Request.
  Time since last request: 0.000143 seconds.
  path: Assets/Prefab/GameObject (1) 1.prefab
  artifactKey: Guid(d13ac0461de4041ba8f7a26ff502683e) Importer(2089858483,0ecaa5967403d082aa24f35e1b516d23)
Start importing Assets/Prefab/GameObject (1) 1.prefab using Guid(d13ac0461de4041ba8f7a26ff502683e) Importer(2089858483,0ecaa5967403d082aa24f35e1b516d23) [PhysX] Initialized MultithreadedTaskDispatcher with 8 workers.
 -> (artifact id: '67a38dfb5f7bdc12a952d545bd8d0844') in 0.002742 seconds
Number of updated asset objects reloaded before import = 0
Number of asset objects unloaded after import = 0
========================================================================
Received Import Request.
  Time since last request: 0.001233 seconds.
  path: Assets/3D Characters Zombie City Streets Lowpoly Pack - Lite/Materials/BaseMaterial.mat
  artifactKey: Guid(1cef3382fdcf7af4d8520c90e7e23d69) Importer(2089858483,0ecaa5967403d082aa24f35e1b516d23)
Start importing Assets/3D Characters Zombie City Streets Lowpoly Pack - Lite/Materials/BaseMaterial.mat using Guid(1cef3382fdcf7af4d8520c90e7e23d69) Importer(2089858483,0ecaa5967403d082aa24f35e1b516d23) [PhysX] Initialized MultithreadedTaskDispatcher with 8 workers.
 -> (artifact id: '619deb2cd0782f60caf22d3520a91a92') in 0.015339 seconds
Number of updated asset objects reloaded before import = 0
Number of asset objects unloaded after import = 1
========================================================================
Received Import Request.
  Time since last request: 0.000415 seconds.
  path: Assets/_TerrainAutoUpgrade/layer_GR_Asphalt1_ASGR_Asphalt1_Nd261c09ae55ba1e3.terrainlayer
  artifactKey: Guid(85656c56be0104b8099cac5d372aa0be) Importer(2089858483,0ecaa5967403d082aa24f35e1b516d23)
Start importing Assets/_TerrainAutoUpgrade/layer_GR_Asphalt1_ASGR_Asphalt1_Nd261c09ae55ba1e3.terrainlayer using Guid(85656c56be0104b8099cac5d372aa0be) Importer(2089858483,0ecaa5967403d082aa24f35e1b516d23) [PhysX] Initialized MultithreadedTaskDispatcher with 8 workers.
 -> (artifact id: 'de1b51687383192a5dbf90e63f68e7cd') in 0.005893 seconds
Number of updated asset objects reloaded before import = 0
Number of asset objects unloaded after import = 1
========================================================================
Received Import Request.
  Time since last request: 0.000110 seconds.
  path: Assets/Female Soldier Voice - Dr. Elena Shiroff/Normal/asap3.ogg
  artifactKey: Guid(cbdb30ddf8936b140917c9ebff0bce87) Importer(2089858483,0ecaa5967403d082aa24f35e1b516d23)
Start importing Assets/Female Soldier Voice - Dr. Elena Shiroff/Normal/asap3.ogg using Guid(cbdb30ddf8936b140917c9ebff0bce87) Importer(2089858483,0ecaa5967403d082aa24f35e1b516d23) [PhysX] Initialized MultithreadedTaskDispatcher with 8 workers.
 -> (artifact id: '99003d912e48a16e1f4b935df1ca709a') in 0.015551 seconds
Number of updated asset objects reloaded before import = 0
Number of asset objects unloaded after import = 1
========================================================================
Received Import Request.
  Time since last request: 0.000098 seconds.
  path: Assets/Solutions/Mini-Project-2.unity
  artifactKey: Guid(1026e0ed33c7a0648814bc1135ab597b) Importer(2089858483,0ecaa5967403d082aa24f35e1b516d23)
Start importing Assets/Solutions/Mini-Project-2.unity using Guid(1026e0ed33c7a0648814bc1135ab597b) Importer(2089858483,0ecaa5967403d082aa24f35e1b516d23) [PhysX] Initialized MultithreadedTaskDispatcher with 8 workers.
 -> (artifact id: '1d2f5333928bb6ae6278d34409179ea5') in 0.002727 seconds
Number of updated asset objects reloaded before import = 0
Number of asset objects unloaded after import = 1
========================================================================
Received Import Request.
  Time since last request: 0.000096 seconds.
  path: Assets/3D Characters Zombie City Streets Lowpoly Pack - Lite/Materials/Skybox.mat
  artifactKey: Guid(6da9959c796b439439597ddf567c39f3) Importer(2089858483,0ecaa5967403d082aa24f35e1b516d23)
Start importing Assets/3D Characters Zombie City Streets Lowpoly Pack - Lite/Materials/Skybox.mat using Guid(6da9959c796b439439597ddf567c39f3) Importer(2089858483,0ecaa5967403d082aa24f35e1b516d23) [PhysX] Initialized MultithreadedTaskDispatcher with 8 workers.
 -> (artifact id: 'f674b0f2d801cc5458c79fa44a5a6c2d') in 0.007996 seconds
Number of updated asset objects reloaded before import = 0
Number of asset objects unloaded after import = 1
========================================================================
Received Import Request.
  Time since last request: 0.000142 seconds.
  path: Assets/Animation/Jump.anim
  artifactKey: Guid(3e55f9e86a9304be6890ae3fe6a9fd58) Importer(2089858483,0ecaa5967403d082aa24f35e1b516d23)
Start importing Assets/Animation/Jump.anim using Guid(3e55f9e86a9304be6890ae3fe6a9fd58) Importer(2089858483,0ecaa5967403d082aa24f35e1b516d23) [PhysX] Initialized MultithreadedTaskDispatcher with 8 workers.
 -> (artifact id: 'cb6484100daaf3e1087d842c63adc02a') in 0.015412 seconds
Number of updated asset objects reloaded before import = 0
Number of asset objects unloaded after import = 1
========================================================================
Received Import Request.
  Time since last request: 0.000055 seconds.
  path: Assets/Prefab/GameObject.prefab
  artifactKey: Guid(f09a2506a49064ef9bf062b4ead7ee5b) Importer(2089858483,0ecaa5967403d082aa24f35e1b516d23)
Start importing Assets/Prefab/GameObject.prefab using Guid(f09a2506a49064ef9bf062b4ead7ee5b) Importer(2089858483,0ecaa5967403d082aa24f35e1b516d23) [PhysX] Initialized MultithreadedTaskDispatcher with 8 workers.
 -> (artifact id: '39ec122e7b4d595fa86728522be74db9') in 0.001608 seconds
Number of updated asset objects reloaded before import = 0
Number of asset objects unloaded after import = 0
========================================================================
Received Import Request.
  Time since last request: 0.000083 seconds.
  path: Assets/Female Soldier Voice - Dr. Elena Shiroff/Normal/covering fire2.ogg
  artifactKey: Guid(ad94f2daeba923440a5d6ec2bb2d90fa) Importer(2089858483,0ecaa5967403d082aa24f35e1b516d23)
Start importing Assets/Female Soldier Voice - Dr. Elena Shiroff/Normal/covering fire2.ogg using Guid(ad94f2daeba923440a5d6ec2bb2d90fa) Importer(2089858483,0ecaa5967403d082aa24f35e1b516d23) [PhysX] Initialized MultithreadedTaskDispatcher with 8 workers.
 -> (artifact id: 'd43db751f8727aca774af5a77d916ad0') in 0.012696 seconds
Number of updated asset objects reloaded before import = 0
Number of asset objects unloaded after import = 1
========================================================================
Received Import Request.
  Time since last request: 0.000091 seconds.
  path: Assets/Scenes/Lesson 2-5.unity
  artifactKey: Guid(b0b1f4baa9c384382b81c35c4d9f0a30) Importer(2089858483,0ecaa5967403d082aa24f35e1b516d23)
Start importing Assets/Scenes/Lesson 2-5.unity using Guid(b0b1f4baa9c384382b81c35c4d9f0a30) Importer(2089858483,0ecaa5967403d082aa24f35e1b516d23) [PhysX] Initialized MultithreadedTaskDispatcher with 8 workers.
 -> (artifact id: 'af7a30d0b86da0acb0ccdb6f932db328') in 0.001370 seconds
Number of updated asset objects reloaded before import = 0
Number of asset objects unloaded after import = 1
========================================================================
Received Import Request.
  Time since last request: 0.000182 seconds.
  path: Assets/3D Characters Zombie City Streets Lowpoly Pack - Lite/Materials/Eyes.mat
  artifactKey: Guid(ffcd02750402e264babfe88a9b5f9422) Importer(2089858483,0ecaa5967403d082aa24f35e1b516d23)
Start importing Assets/3D Characters Zombie City Streets Lowpoly Pack - Lite/Materials/Eyes.mat using Guid(ffcd02750402e264babfe88a9b5f9422) Importer(2089858483,0ecaa5967403d082aa24f35e1b516d23) [PhysX] Initialized MultithreadedTaskDispatcher with 8 workers.
 -> (artifact id: '9e10ae1b63049971b3f016f20262617d') in 0.002203 seconds
Number of updated asset objects reloaded before import = 0
Number of asset objects unloaded after import = 1
========================================================================
Received Import Request.
  Time since last request: 0.000086 seconds.
  path: Assets/NewLayer 3.terrainlayer
  artifactKey: Guid(4ae97e1b71c4d4ef897cf91855b2727d) Importer(2089858483,0ecaa5967403d082aa24f35e1b516d23)
Start importing Assets/NewLayer 3.terrainlayer using Guid(4ae97e1b71c4d4ef897cf91855b2727d) Importer(2089858483,0ecaa5967403d082aa24f35e1b516d23) [PhysX] Initialized MultithreadedTaskDispatcher with 8 workers.
 -> (artifact id: '2e85d85cc33c6e27d63fcdd6c3263f42') in 0.017358 seconds
Number of updated asset objects reloaded before import = 0
Number of asset objects unloaded after import = 2
========================================================================
Received Import Request.
  Time since last request: 0.000184 seconds.
  path: Assets/Female Soldier Voice - Dr. Elena Shiroff/license.txt
  artifactKey: Guid(0e247e209c8d71f40bfee8fc4f273573) Importer(2089858483,0ecaa5967403d082aa24f35e1b516d23)
Start importing Assets/Female Soldier Voice - Dr. Elena Shiroff/license.txt using Guid(0e247e209c8d71f40bfee8fc4f273573) Importer(2089858483,0ecaa5967403d082aa24f35e1b516d23) [PhysX] Initialized MultithreadedTaskDispatcher with 8 workers.
 -> (artifact id: 'e845934c5b828dab33bac6f32b9cb7f2') in 0.002308 seconds
Number of updated asset objects reloaded before import = 0
Number of asset objects unloaded after import = 1
========================================================================
Received Import Request.
  Time since last request: 0.000400 seconds.
  path: Assets/Prefab/Project2Starter.prefab
  artifactKey: Guid(59e361ea2588642959bd3b337e186a6f) Importer(2089858483,0ecaa5967403d082aa24f35e1b516d23)
Start importing Assets/Prefab/Project2Starter.prefab using Guid(59e361ea2588642959bd3b337e186a6f) Importer(2089858483,0ecaa5967403d082aa24f35e1b516d23) [PhysX] Initialized MultithreadedTaskDispatcher with 8 workers.
 -> (artifact id: 'b1014fba81c84aa46b71489a33eecf3e') in 0.001441 seconds
Number of updated asset objects reloaded before import = 0
Number of asset objects unloaded after import = 0
========================================================================
Received Import Request.
  Time since last request: 0.000391 seconds.
  path: Assets/NewLayer 5.terrainlayer
  artifactKey: Guid(16368eb0932814bcaad26f3fb4cf5346) Importer(2089858483,0ecaa5967403d082aa24f35e1b516d23)
Start importing Assets/NewLayer 5.terrainlayer using Guid(16368eb0932814bcaad26f3fb4cf5346) Importer(2089858483,0ecaa5967403d082aa24f35e1b516d23) [PhysX] Initialized MultithreadedTaskDispatcher with 8 workers.
 -> (artifact id: 'c48f46db5816bb27488f4b53995726c9') in 0.008191 seconds
Number of updated asset objects reloaded before import = 0
Number of asset objects unloaded after import = 2
========================================================================
Received Import Request.
  Time since last request: 0.000051 seconds.
  path: Assets/Prefab/dead_tree_03 (1).prefab
  artifactKey: Guid(167eae53f82a54b9495eb3dabb0bb8c6) Importer(2089858483,0ecaa5967403d082aa24f35e1b516d23)
Start importing Assets/Prefab/dead_tree_03 (1).prefab using Guid(167eae53f82a54b9495eb3dabb0bb8c6) Importer(2089858483,0ecaa5967403d082aa24f35e1b516d23) [PhysX] Initialized MultithreadedTaskDispatcher with 8 workers.
 -> (artifact id: '041bc6e65e378d0a887ebc15b980a8a7') in 0.006549 seconds
Number of updated asset objects reloaded before import = 0
Number of asset objects unloaded after import = 15
========================================================================
Received Import Request.
  Time since last request: 0.000028 seconds.
  path: Assets/Prefab/dead_tree_02.prefab
  artifactKey: Guid(156397be870254fa180a3f022a03449f) Importer(2089858483,0ecaa5967403d082aa24f35e1b516d23)
Start importing Assets/Prefab/dead_tree_02.prefab using Guid(156397be870254fa180a3f022a03449f) Importer(2089858483,0ecaa5967403d082aa24f35e1b516d23) [PhysX] Initialized MultithreadedTaskDispatcher with 8 workers.
 -> (artifact id: 'e5a3ae07e982eef493bf225e3ecf21c1') in 0.005598 seconds
Number of updated asset objects reloaded before import = 0
Number of asset objects unloaded after import = 15
========================================================================
Received Import Request.
  Time since last request: 0.000111 seconds.
  path: Assets/Female Soldier Voice - Dr. Elena Shiroff/Normal/do no harm yeah right1.ogg
  artifactKey: Guid(f836ee1c51eeeb54abd0b7e99b956afd) Importer(2089858483,0ecaa5967403d082aa24f35e1b516d23)
Start importing Assets/Female Soldier Voice - Dr. Elena Shiroff/Normal/do no harm yeah right1.ogg using Guid(f836ee1c51eeeb54abd0b7e99b956afd) Importer(2089858483,0ecaa5967403d082aa24f35e1b516d23) [PhysX] Initialized MultithreadedTaskDispatcher with 8 workers.
 -> (artifact id: '8115c308b1b3370cb450a311a81eaeda') in 0.011652 seconds
Number of updated asset objects reloaded before import = 0
Number of asset objects unloaded after import = 1
========================================================================
Received Import Request.
  Time since last request: 0.000126 seconds.
  path: Assets/Scenes/Lesson 2-2.unity
  artifactKey: Guid(9fc0d4010bbf28b4594072e72b8655ab) Importer(2089858483,0ecaa5967403d082aa24f35e1b516d23)
Start importing Assets/Scenes/Lesson 2-2.unity using Guid(9fc0d4010bbf28b4594072e72b8655ab) Importer(2089858483,0ecaa5967403d082aa24f35e1b516d23) [PhysX] Initialized MultithreadedTaskDispatcher with 8 workers.
 -> (artifact id: '3a00440e1b3ba3cfde43b6ad16064168') in 0.001344 seconds
Number of updated asset objects reloaded before import = 0
Number of asset objects unloaded after import = 1
========================================================================
Received Import Request.
  Time since last request: 0.000173 seconds.
  path: Assets/Solutions/Lesson 2-2.unity
  artifactKey: Guid(148d1dd691ec1f745b358f04253d209d) Importer(2089858483,0ecaa5967403d082aa24f35e1b516d23)
Start importing Assets/Solutions/Lesson 2-2.unity using Guid(148d1dd691ec1f745b358f04253d209d) Importer(2089858483,0ecaa5967403d082aa24f35e1b516d23) [PhysX] Initialized MultithreadedTaskDispatcher with 8 workers.
 -> (artifact id: 'c661d2554fb055758d7c45bb86ccc2b4') in 0.001298 seconds
Number of updated asset objects reloaded before import = 0
Number of asset objects unloaded after import = 1
========================================================================
Received Import Request.
  Time since last request: 0.000092 seconds.
  path: Assets/NewLayer 7.terrainlayer
  artifactKey: Guid(ba8fc3081f1d34178966a8c02a473ee1) Importer(2089858483,0ecaa5967403d082aa24f35e1b516d23)
Start importing Assets/NewLayer 7.terrainlayer using Guid(ba8fc3081f1d34178966a8c02a473ee1) Importer(2089858483,0ecaa5967403d082aa24f35e1b516d23) [PhysX] Initialized MultithreadedTaskDispatcher with 8 workers.
 -> (artifact id: '38ce6d302e40f5be699aa72fce97a6f2') in 0.025537 seconds
Number of updated asset objects reloaded before import = 0
Number of asset objects unloaded after import = 2
========================================================================
Received Import Request.
  Time since last request: 0.000258 seconds.
  path: Assets/NewLayer.terrainlayer
  artifactKey: Guid(349839ec7431d4153819286812e7d4b5) Importer(2089858483,0ecaa5967403d082aa24f35e1b516d23)
Start importing Assets/NewLayer.terrainlayer using Guid(349839ec7431d4153819286812e7d4b5) Importer(2089858483,0ecaa5967403d082aa24f35e1b516d23) [PhysX] Initialized MultithreadedTaskDispatcher with 8 workers.
 -> (artifact id: '9f2e7d5d594706d58087aec1acc06548') in 0.004385 seconds
Number of updated asset objects reloaded before import = 0
Number of asset objects unloaded after import = 2
========================================================================
Received Import Request.
  Time since last request: 0.000032 seconds.
  path: Assets/Female Soldier Voice - Dr. Elena Shiroff/Normal/attack formation1.ogg
  artifactKey: Guid(b6fd398c8826def4493f774a2f46ddf1) Importer(2089858483,0ecaa5967403d082aa24f35e1b516d23)
Start importing Assets/Female Soldier Voice - Dr. Elena Shiroff/Normal/attack formation1.ogg using Guid(b6fd398c8826def4493f774a2f46ddf1) Importer(2089858483,0ecaa5967403d082aa24f35e1b516d23) [PhysX] Initialized MultithreadedTaskDispatcher with 8 workers.
 -> (artifact id: 'a365091b80999b73877100106d2e02be') in 0.012753 seconds
Number of updated asset objects reloaded before import = 0
Number of asset objects unloaded after import = 1
========================================================================
Received Import Request.
  Time since last request: 0.000068 seconds.
  path: Assets/Scenes/final project.unity
  artifactKey: Guid(618e58d53e97f4fbe87e395fb699f43a) Importer(2089858483,0ecaa5967403d082aa24f35e1b516d23)
Start importing Assets/Scenes/final project.unity using Guid(618e58d53e97f4fbe87e395fb699f43a) Importer(2089858483,0ecaa5967403d082aa24f35e1b516d23) [PhysX] Initialized MultithreadedTaskDispatcher with 8 workers.
 -> (artifact id: '9ed32efaab21ac70a03b7778c6dd7cb0') in 0.000970 seconds
Number of updated asset objects reloaded before import = 0
Number of asset objects unloaded after import = 1
========================================================================
Received Import Request.
  Time since last request: 0.000082 seconds.
  path: Assets/Female Soldier Voice - Dr. Elena Shiroff/Normal/all clear2.ogg
  artifactKey: Guid(8a122ee88018cbc47ad567c7d747b969) Importer(2089858483,0ecaa5967403d082aa24f35e1b516d23)
Start importing Assets/Female Soldier Voice - Dr. Elena Shiroff/Normal/all clear2.ogg using Guid(8a122ee88018cbc47ad567c7d747b969) Importer(2089858483,0ecaa5967403d082aa24f35e1b516d23) [PhysX] Initialized MultithreadedTaskDispatcher with 8 workers.
 -> (artifact id: 'c2812f8ebc749af3eb5606e5ad59975b') in 0.020701 seconds
Number of updated asset objects reloaded before import = 0
Number of asset objects unloaded after import = 1
========================================================================
Received Import Request.
  Time since last request: 0.000064 seconds.
  path: Assets/NewLayer 1.terrainlayer
  artifactKey: Guid(1158ecfac0faa42c5b1ee1b329f0f88d) Importer(2089858483,0ecaa5967403d082aa24f35e1b516d23)
Start importing Assets/NewLayer 1.terrainlayer using Guid(1158ecfac0faa42c5b1ee1b329f0f88d) Importer(2089858483,0ecaa5967403d082aa24f35e1b516d23) [PhysX] Initialized MultithreadedTaskDispatcher with 8 workers.
 -> (artifact id: 'a2780eae20344316c0ef34bb38a586a3') in 0.006133 seconds
Number of updated asset objects reloaded before import = 0
Number of asset objects unloaded after import = 2
========================================================================
Received Import Request.
  Time since last request: 0.000096 seconds.
  path: Assets/Female Soldier Voice - Dr. Elena Shiroff/Normal/clear1.ogg
  artifactKey: Guid(9402d61dd33343e49a85230cf20638b1) Importer(2089858483,0ecaa5967403d082aa24f35e1b516d23)
Start importing Assets/Female Soldier Voice - Dr. Elena Shiroff/Normal/clear1.ogg using Guid(9402d61dd33343e49a85230cf20638b1) Importer(2089858483,0ecaa5967403d082aa24f35e1b516d23) [PhysX] Initialized MultithreadedTaskDispatcher with 8 workers.
 -> (artifact id: '66e5cbcf9f9b4663f86ab5c94c07f73c') in 0.012181 seconds
Number of updated asset objects reloaded before import = 0
Number of asset objects unloaded after import = 1
========================================================================
Received Import Request.
  Time since last request: 0.000154 seconds.
  path: Assets/NewLayer 8.terrainlayer
  artifactKey: Guid(e98c43b474c4a49e19cccf36ae67e667) Importer(2089858483,0ecaa5967403d082aa24f35e1b516d23)
Start importing Assets/NewLayer 8.terrainlayer using Guid(e98c43b474c4a49e19cccf36ae67e667) Importer(2089858483,0ecaa5967403d082aa24f35e1b516d23) [PhysX] Initialized MultithreadedTaskDispatcher with 8 workers.
 -> (artifact id: 'f566af794347074531e7bdc05cb8b049') in 0.006819 seconds
Number of updated asset objects reloaded before import = 0
Number of asset objects unloaded after import = 2
========================================================================
Received Import Request.
  Time since last request: 0.000035 seconds.
  path: Assets/Female Soldier Voice - Dr. Elena Shiroff/Normal/danger2.ogg
  artifactKey: Guid(243cc07cd0a5c5e479fb911fd48ec643) Importer(2089858483,0ecaa5967403d082aa24f35e1b516d23)
Start importing Assets/Female Soldier Voice - Dr. Elena Shiroff/Normal/danger2.ogg using Guid(243cc07cd0a5c5e479fb911fd48ec643) Importer(2089858483,0ecaa5967403d082aa24f35e1b516d23) [PhysX] Initialized MultithreadedTaskDispatcher with 8 workers.
 -> (artifact id: 'be4db4491008d8b68222128cd9261ee8') in 0.012339 seconds
Number of updated asset objects reloaded before import = 0
Number of asset objects unloaded after import = 1
========================================================================
Received Import Request.
  Time since last request: 0.000053 seconds.
  path: Assets/Female Soldier Voice - Dr. Elena Shiroff/Normal/abort3.ogg
  artifactKey: Guid(16b8fe73fa0626945955b3a4e1300b9b) Importer(2089858483,0ecaa5967403d082aa24f35e1b516d23)
Start importing Assets/Female Soldier Voice - Dr. Elena Shiroff/Normal/abort3.ogg using Guid(16b8fe73fa0626945955b3a4e1300b9b) Importer(2089858483,0ecaa5967403d082aa24f35e1b516d23) [PhysX] Initialized MultithreadedTaskDispatcher with 8 workers.
 -> (artifact id: 'ea79bb2a4140c5cc31fd918810294b4c') in 0.013016 seconds
Number of updated asset objects reloaded before import = 0
Number of asset objects unloaded after import = 1
========================================================================
Received Import Request.
  Time since last request: 0.000153 seconds.
  path: Assets/Scenes/Lesson 2-1.unity
  artifactKey: Guid(68e018779e01143b6b93256b0fd106f0) Importer(2089858483,0ecaa5967403d082aa24f35e1b516d23)
Start importing Assets/Scenes/Lesson 2-1.unity using Guid(68e018779e01143b6b93256b0fd106f0) Importer(2089858483,0ecaa5967403d082aa24f35e1b516d23) [PhysX] Initialized MultithreadedTaskDispatcher with 8 workers.
 -> (artifact id: 'b1f75e44fe2219665c3824ed8d4bf3f3') in 0.004890 seconds
Number of updated asset objects reloaded before import = 0
Number of asset objects unloaded after import = 1
========================================================================
Received Import Request.
  Time since last request: 0.000125 seconds.
  path: Assets/Female Soldier Voice - Dr. Elena Shiroff/Normal/affirmative2.ogg
  artifactKey: Guid(5d9a5148f4745074094d164f5a8bac85) Importer(2089858483,0ecaa5967403d082aa24f35e1b516d23)
Start importing Assets/Female Soldier Voice - Dr. Elena Shiroff/Normal/affirmative2.ogg using Guid(5d9a5148f4745074094d164f5a8bac85) Importer(2089858483,0ecaa5967403d082aa24f35e1b516d23) [PhysX] Initialized MultithreadedTaskDispatcher with 8 workers.
 -> (artifact id: '874d0578d155094d47bf74d33cfbfca0') in 0.011421 seconds
Number of updated asset objects reloaded before import = 0
Number of asset objects unloaded after import = 1
========================================================================
Received Import Request.
  Time since last request: 0.000077 seconds.
  path: Assets/NewLayer 4.terrainlayer
  artifactKey: Guid(b97e44b2efb3c41e99b23491ba7a4286) Importer(2089858483,0ecaa5967403d082aa24f35e1b516d23)
Start importing Assets/NewLayer 4.terrainlayer using Guid(b97e44b2efb3c41e99b23491ba7a4286) Importer(2089858483,0ecaa5967403d082aa24f35e1b516d23) [PhysX] Initialized MultithreadedTaskDispatcher with 8 workers.
 -> (artifact id: '289cfa127b4c3bdc6770c924caf92798') in 0.004954 seconds
Number of updated asset objects reloaded before import = 0
Number of asset objects unloaded after import = 2
========================================================================
Received Import Request.
  Time since last request: 0.000046 seconds.
  path: Assets/NewLayer 6.terrainlayer
  artifactKey: Guid(31882f634d3844b2c85b756eabd2a628) Importer(2089858483,0ecaa5967403d082aa24f35e1b516d23)
Start importing Assets/NewLayer 6.terrainlayer using Guid(31882f634d3844b2c85b756eabd2a628) Importer(2089858483,0ecaa5967403d082aa24f35e1b516d23) [PhysX] Initialized MultithreadedTaskDispatcher with 8 workers.
 -> (artifact id: '1558347a4e35b4b6a9166e68b8f8f951') in 0.003795 seconds
Number of updated asset objects reloaded before import = 0
Number of asset objects unloaded after import = 2
========================================================================
Received Import Request.
  Time since last request: 0.000044 seconds.
  path: Assets/Prefab/dead_tree_06.prefab
  artifactKey: Guid(97120e29d620d41429b4974bbdf07b2d) Importer(2089858483,0ecaa5967403d082aa24f35e1b516d23)
Start importing Assets/Prefab/dead_tree_06.prefab using Guid(97120e29d620d41429b4974bbdf07b2d) Importer(2089858483,0ecaa5967403d082aa24f35e1b516d23) [PhysX] Initialized MultithreadedTaskDispatcher with 8 workers.
 -> (artifact id: 'ac3637bce8ff9e8ae3e1640f0e5bcfe1') in 0.004604 seconds
Number of updated asset objects reloaded before import = 0
Number of asset objects unloaded after import = 15
========================================================================
Received Import Request.
  Time since last request: 0.000284 seconds.
  path: Assets/Female Soldier Voice - Dr. Elena Shiroff/Normal/doctor is in session1.ogg
  artifactKey: Guid(ad5ac1a5798ad814d9a1f6055eda7426) Importer(2089858483,0ecaa5967403d082aa24f35e1b516d23)
Start importing Assets/Female Soldier Voice - Dr. Elena Shiroff/Normal/doctor is in session1.ogg using Guid(ad5ac1a5798ad814d9a1f6055eda7426) Importer(2089858483,0ecaa5967403d082aa24f35e1b516d23) [PhysX] Initialized MultithreadedTaskDispatcher with 8 workers.
 -> (artifact id: '916a6b96a9cd6fd7d944054c21ed8d77') in 0.013117 seconds
Number of updated asset objects reloaded before import = 0
Number of asset objects unloaded after import = 1
========================================================================
Received Import Request.
  Time since last request: 0.000046 seconds.
  path: Assets/Prefab/Game Reset Area.prefab
  artifactKey: Guid(dd648e5c2f56d418ebdae896402b1441) Importer(2089858483,0ecaa5967403d082aa24f35e1b516d23)
Start importing Assets/Prefab/Game Reset Area.prefab using Guid(dd648e5c2f56d418ebdae896402b1441) Importer(2089858483,0ecaa5967403d082aa24f35e1b516d23) [PhysX] Initialized MultithreadedTaskDispatcher with 8 workers.
 -> (artifact id: 'ee20fb6ca7dafbb7eb5dc06540b6b118') in 0.001271 seconds
Number of updated asset objects reloaded before import = 0
Number of asset objects unloaded after import = 0
========================================================================
Received Import Request.
  Time since last request: 0.000034 seconds.
  path: Assets/Female Soldier Voice - Dr. Elena Shiroff/Normal/abort mission1.ogg
  artifactKey: Guid(fa6b953b33948484ebe94bc066322416) Importer(2089858483,0ecaa5967403d082aa24f35e1b516d23)
Start importing Assets/Female Soldier Voice - Dr. Elena Shiroff/Normal/abort mission1.ogg using Guid(fa6b953b33948484ebe94bc066322416) Importer(2089858483,0ecaa5967403d082aa24f35e1b516d23) [PhysX] Initialized MultithreadedTaskDispatcher with 8 workers.
 -> (artifact id: 'aeec75ef21bc1329985176ebb7ed4a3b') in 0.012795 seconds
Number of updated asset objects reloaded before import = 0
Number of asset objects unloaded after import = 1
========================================================================
Received Import Request.
  Time since last request: 0.000228 seconds.
  path: Assets/Female Soldier Voice - Dr. Elena Shiroff/Normal/attack1.ogg
  artifactKey: Guid(94583e842ff9c3341a5db17866c87e76) Importer(2089858483,0ecaa5967403d082aa24f35e1b516d23)
Start importing Assets/Female Soldier Voice - Dr. Elena Shiroff/Normal/attack1.ogg using Guid(94583e842ff9c3341a5db17866c87e76) Importer(2089858483,0ecaa5967403d082aa24f35e1b516d23) [PhysX] Initialized MultithreadedTaskDispatcher with 8 workers.
 -> (artifact id: '7155eb4c7bd9e144c32907cd47e4f4d2') in 0.010926 seconds
Number of updated asset objects reloaded before import = 0
Number of asset objects unloaded after import = 1
========================================================================
Received Import Request.
  Time since last request: 0.000221 seconds.
  path: Assets/LowPoly Guns/Demo.unity
  artifactKey: Guid(54b90a4993be5234ab0f27ddca1c3188) Importer(2089858483,0ecaa5967403d082aa24f35e1b516d23)
Start importing Assets/LowPoly Guns/Demo.unity using Guid(54b90a4993be5234ab0f27ddca1c3188) Importer(2089858483,0ecaa5967403d082aa24f35e1b516d23) [PhysX] Initialized MultithreadedTaskDispatcher with 8 workers.
 -> (artifact id: 'b365a925d10223fb9a44993c9e94e8c5') in 0.001299 seconds
Number of updated asset objects reloaded before import = 0
Number of asset objects unloaded after import = 1
========================================================================
Received Import Request.
  Time since last request: 0.000373 seconds.
  path: Assets/Prefab/Project1Starter.prefab
  artifactKey: Guid(f929f4ea6ae444214b9d6143ed8458fd) Importer(2089858483,0ecaa5967403d082aa24f35e1b516d23)
Start importing Assets/Prefab/Project1Starter.prefab using Guid(f929f4ea6ae444214b9d6143ed8458fd) Importer(2089858483,0ecaa5967403d082aa24f35e1b516d23) [PhysX] Initialized MultithreadedTaskDispatcher with 8 workers.
 -> (artifact id: 'a20d18422a994cdcb4dced7e02a8f769') in 0.001031 seconds
Number of updated asset objects reloaded before import = 0
Number of asset objects unloaded after import = 0
========================================================================
Received Import Request.
  Time since last request: 0.000180 seconds.
  path: Assets/Scenes/2-6.unity
  artifactKey: Guid(2be874ff718ff407990db929e2154e55) Importer(2089858483,0ecaa5967403d082aa24f35e1b516d23)
Start importing Assets/Scenes/2-6.unity using Guid(2be874ff718ff407990db929e2154e55) Importer(2089858483,0ecaa5967403d082aa24f35e1b516d23) [PhysX] Initialized MultithreadedTaskDispatcher with 8 workers.
 -> (artifact id: '788325392b26ec41acf042d568fd31b4') in 0.003185 seconds
Number of updated asset objects reloaded before import = 0
Number of asset objects unloaded after import = 1
========================================================================
Received Import Request.
  Time since last request: 0.000093 seconds.
  path: Assets/Female Soldier Voice - Dr. Elena Shiroff/Normal/cover me2.ogg
  artifactKey: Guid(645c787b850947c48b9bbcac74e6181b) Importer(2089858483,0ecaa5967403d082aa24f35e1b516d23)
Start importing Assets/Female Soldier Voice - Dr. Elena Shiroff/Normal/cover me2.ogg using Guid(645c787b850947c48b9bbcac74e6181b) Importer(2089858483,0ecaa5967403d082aa24f35e1b516d23) [PhysX] Initialized MultithreadedTaskDispatcher with 8 workers.
 -> (artifact id: '4bef3dd5dc957cd3dfcfdfec772fb7b6') in 0.011110 seconds
Number of updated asset objects reloaded before import = 0
Number of asset objects unloaded after import = 1
========================================================================
Received Import Request.
  Time since last request: 0.000252 seconds.
  path: Assets/Scripts/AgentControl.cs
  artifactKey: Guid(96d1509afdbb9451f98a8da7fb15545a) Importer(2089858483,0ecaa5967403d082aa24f35e1b516d23)
Start importing Assets/Scripts/AgentControl.cs using Guid(96d1509afdbb9451f98a8da7fb15545a) Importer(2089858483,0ecaa5967403d082aa24f35e1b516d23) [PhysX] Initialized MultithreadedTaskDispatcher with 8 workers.
 -> (artifact id: '6fa791488b0d08846a43c1e3df8bbb55') in 0.003693 seconds
Number of updated asset objects reloaded before import = 0
Number of asset objects unloaded after import = 1
========================================================================
Received Import Request.
  Time since last request: 0.000060 seconds.
  path: Assets/Female Soldier Voice - Dr. Elena Shiroff/Normal/all clear1.ogg
  artifactKey: Guid(2b404c90baeefce4bae5a2182661f775) Importer(2089858483,0ecaa5967403d082aa24f35e1b516d23)
Start importing Assets/Female Soldier Voice - Dr. Elena Shiroff/Normal/all clear1.ogg using Guid(2b404c90baeefce4bae5a2182661f775) Importer(2089858483,0ecaa5967403d082aa24f35e1b516d23) [PhysX] Initialized MultithreadedTaskDispatcher with 8 workers.
 -> (artifact id: '1ee9f8ad2b61a91aeaae49db52aba8b7') in 0.010645 seconds
Number of updated asset objects reloaded before import = 0
Number of asset objects unloaded after import = 1
========================================================================
Received Import Request.
  Time since last request: 0.000560 seconds.
  path: Assets/Prefab/mobile_pumpkin_12.prefab
  artifactKey: Guid(6c936644d7f004d9eb914b51128c02c3) Importer(2089858483,0ecaa5967403d082aa24f35e1b516d23)
Start importing Assets/Prefab/mobile_pumpkin_12.prefab using Guid(6c936644d7f004d9eb914b51128c02c3) Importer(2089858483,0ecaa5967403d082aa24f35e1b516d23) [PhysX] Initialized MultithreadedTaskDispatcher with 8 workers.
 -> (artifact id: '40a1a48e4f50902a7a99f64246ec9d5a') in 0.007961 seconds
Number of updated asset objects reloaded before import = 0
Number of asset objects unloaded after import = 15
========================================================================
Received Import Request.
  Time since last request: 0.000073 seconds.
  path: Assets/Prefab/GameObject (1).prefab
  artifactKey: Guid(9c1505fc05b454e42b6b80576d63ff8a) Importer(2089858483,0ecaa5967403d082aa24f35e1b516d23)
Start importing Assets/Prefab/GameObject (1).prefab using Guid(9c1505fc05b454e42b6b80576d63ff8a) Importer(2089858483,0ecaa5967403d082aa24f35e1b516d23) [PhysX] Initialized MultithreadedTaskDispatcher with 8 workers.
 -> (artifact id: '259c2c8be07e1d0b9127ce51d132ba5f') in 0.001151 seconds
Number of updated asset objects reloaded before import = 0
Number of asset objects unloaded after import = 0
========================================================================
Received Import Request.
  Time since last request: 0.000126 seconds.
  path: Assets/Prefab/mobile_pumpkin_03.prefab
  artifactKey: Guid(5a57dc48faf42462eb46dd983c09e5ff) Importer(2089858483,0ecaa5967403d082aa24f35e1b516d23)
Start importing Assets/Prefab/mobile_pumpkin_03.prefab using Guid(5a57dc48faf42462eb46dd983c09e5ff) Importer(2089858483,0ecaa5967403d082aa24f35e1b516d23) [PhysX] Initialized MultithreadedTaskDispatcher with 8 workers.
 -> (artifact id: '8cb1c1b76674702417d673959aa542be') in 0.002926 seconds
Number of updated asset objects reloaded before import = 0
Number of asset objects unloaded after import = 32
========================================================================
Received Import Request.
  Time since last request: 0.000175 seconds.
  path: Assets/Prefab/dead_tree_04.prefab
  artifactKey: Guid(5abbcca3e029d4a65ae897ff4fc5a146) Importer(2089858483,0ecaa5967403d082aa24f35e1b516d23)
Start importing Assets/Prefab/dead_tree_04.prefab using Guid(5abbcca3e029d4a65ae897ff4fc5a146) Importer(2089858483,0ecaa5967403d082aa24f35e1b516d23) [PhysX] Initialized MultithreadedTaskDispatcher with 8 workers.
 -> (artifact id: '35fcc19777b7b3b2802bff9f30072ed1') in 0.003335 seconds
Number of updated asset objects reloaded before import = 0
Number of asset objects unloaded after import = 15
========================================================================
Received Import Request.
  Time since last request: 0.000101 seconds.
  path: Assets/Female Soldier Voice - Dr. Elena Shiroff/Normal/covering fire1.ogg
  artifactKey: Guid(38c76ab550755c44393a3f5ef40d0b19) Importer(2089858483,0ecaa5967403d082aa24f35e1b516d23)
Start importing Assets/Female Soldier Voice - Dr. Elena Shiroff/Normal/covering fire1.ogg using Guid(38c76ab550755c44393a3f5ef40d0b19) Importer(2089858483,0ecaa5967403d082aa24f35e1b516d23) [PhysX] Initialized MultithreadedTaskDispatcher with 8 workers.
 -> (artifact id: '31d3ee77e717bdccbf47537ce11847d1') in 0.011568 seconds
Number of updated asset objects reloaded before import = 0
Number of asset objects unloaded after import = 1
========================================================================
Received Import Request.
  Time since last request: 0.618243 seconds.
  path: Assets/Female Soldier Voice - Dr. Elena Shiroff/Normal/easy3.ogg
  artifactKey: Guid(888360c811483e644ae89852f544066f) Importer(2089858483,0ecaa5967403d082aa24f35e1b516d23)
Start importing Assets/Female Soldier Voice - Dr. Elena Shiroff/Normal/easy3.ogg using Guid(888360c811483e644ae89852f544066f) Importer(2089858483,0ecaa5967403d082aa24f35e1b516d23) [PhysX] Initialized MultithreadedTaskDispatcher with 8 workers.
 -> (artifact id: 'f232a9130b73f3d940cc65aca74b05fd') in 0.012058 seconds
Number of updated asset objects reloaded before import = 0
Number of asset objects unloaded after import = 1
========================================================================
Received Import Request.
  Time since last request: 0.000041 seconds.
  path: Assets/Female Soldier Voice - Dr. Elena Shiroff/Normal/i'm on it1.ogg
  artifactKey: Guid(e955a64b854ec6745b2e4884c8aba15d) Importer(2089858483,0ecaa5967403d082aa24f35e1b516d23)
Start importing Assets/Female Soldier Voice - Dr. Elena Shiroff/Normal/i'm on it1.ogg using Guid(e955a64b854ec6745b2e4884c8aba15d) Importer(2089858483,0ecaa5967403d082aa24f35e1b516d23) [PhysX] Initialized MultithreadedTaskDispatcher with 8 workers.
 -> (artifact id: '0c149636f71cde05a93006cb70bbca4c') in 0.012204 seconds
Number of updated asset objects reloaded before import = 0
Number of asset objects unloaded after import = 1
========================================================================
Received Import Request.
  Time since last request: 0.000322 seconds.
  path: Assets/Female Soldier Voice - Dr. Elena Shiroff/Normal/i'm in range1.ogg
  artifactKey: Guid(0a479e68987c61c4a97dfd3f91da4420) Importer(2089858483,0ecaa5967403d082aa24f35e1b516d23)
Start importing Assets/Female Soldier Voice - Dr. Elena Shiroff/Normal/i'm in range1.ogg using Guid(0a479e68987c61c4a97dfd3f91da4420) Importer(2089858483,0ecaa5967403d082aa24f35e1b516d23) [PhysX] Initialized MultithreadedTaskDispatcher with 8 workers.
 -> (artifact id: 'f4d2928f1a38c2111dc6bbeb189a439d') in 0.010658 seconds
Number of updated asset objects reloaded before import = 0
Number of asset objects unloaded after import = 1
========================================================================
Received Import Request.
  Time since last request: 0.000491 seconds.
  path: Assets/Female Soldier Voice - Dr. Elena Shiroff/Normal/kill confirmed1.ogg
  artifactKey: Guid(d01c2ef83b23c4e4ba1d2d0ef9b225df) Importer(2089858483,0ecaa5967403d082aa24f35e1b516d23)
Start importing Assets/Female Soldier Voice - Dr. Elena Shiroff/Normal/kill confirmed1.ogg using Guid(d01c2ef83b23c4e4ba1d2d0ef9b225df) Importer(2089858483,0ecaa5967403d082aa24f35e1b516d23) [PhysX] Initialized MultithreadedTaskDispatcher with 8 workers.
 -> (artifact id: '70411f98cfe18606c81da521a6fe4cca') in 0.012192 seconds
Number of updated asset objects reloaded before import = 0
Number of asset objects unloaded after import = 1
========================================================================
Received Import Request.
  Time since last request: 0.000149 seconds.
  path: Assets/Female Soldier Voice - Dr. Elena Shiroff/Normal/good job1.ogg
  artifactKey: Guid(6009ba683fa6bfb4c9a0f258f493f770) Importer(2089858483,0ecaa5967403d082aa24f35e1b516d23)
Start importing Assets/Female Soldier Voice - Dr. Elena Shiroff/Normal/good job1.ogg using Guid(6009ba683fa6bfb4c9a0f258f493f770) Importer(2089858483,0ecaa5967403d082aa24f35e1b516d23) [PhysX] Initialized MultithreadedTaskDispatcher with 8 workers.
 -> (artifact id: '28e7fee259b8f418e5d9489198df0574') in 0.015244 seconds
Number of updated asset objects reloaded before import = 0
Number of asset objects unloaded after import = 1
========================================================================
Received Import Request.
  Time since last request: 0.000145 seconds.
  path: Assets/Female Soldier Voice - Dr. Elena Shiroff/Normal/in position2.ogg
  artifactKey: Guid(61416771042920c47821571b0b2b73fc) Importer(2089858483,0ecaa5967403d082aa24f35e1b516d23)
Start importing Assets/Female Soldier Voice - Dr. Elena Shiroff/Normal/in position2.ogg using Guid(61416771042920c47821571b0b2b73fc) Importer(2089858483,0ecaa5967403d082aa24f35e1b516d23) [PhysX] Initialized MultithreadedTaskDispatcher with 8 workers.
 -> (artifact id: '89b5ba9b17f25f28ae9d4b442c313ce0') in 0.013574 seconds
Number of updated asset objects reloaded before import = 0
Number of asset objects unloaded after import = 1
========================================================================
Received Import Request.
  Time since last request: 0.000174 seconds.
  path: Assets/Female Soldier Voice - Dr. Elena Shiroff/Normal/engage the enemy2.ogg
  artifactKey: Guid(b92b1a5eebac93646b1095ba40eb512a) Importer(2089858483,0ecaa5967403d082aa24f35e1b516d23)
Start importing Assets/Female Soldier Voice - Dr. Elena Shiroff/Normal/engage the enemy2.ogg using Guid(b92b1a5eebac93646b1095ba40eb512a) Importer(2089858483,0ecaa5967403d082aa24f35e1b516d23) [PhysX] Initialized MultithreadedTaskDispatcher with 8 workers.
 -> (artifact id: '856f8c7df5ae34b7b8220f904c3b500d') in 0.012817 seconds
Number of updated asset objects reloaded before import = 0
Number of asset objects unloaded after import = 1
========================================================================
Received Import Request.
  Time since last request: 0.000153 seconds.
  path: Assets/Female Soldier Voice - Dr. Elena Shiroff/Normal/grenade2.ogg
  artifactKey: Guid(42bfe6269e68a2f4585deeb40dc954ce) Importer(2089858483,0ecaa5967403d082aa24f35e1b516d23)
Start importing Assets/Female Soldier Voice - Dr. Elena Shiroff/Normal/grenade2.ogg using Guid(42bfe6269e68a2f4585deeb40dc954ce) Importer(2089858483,0ecaa5967403d082aa24f35e1b516d23) [PhysX] Initialized MultithreadedTaskDispatcher with 8 workers.
 -> (artifact id: 'b241ac4f5084f23e5442733f8b6fd0a4') in 0.012642 seconds
Number of updated asset objects reloaded before import = 0
Number of asset objects unloaded after import = 1
========================================================================
Received Import Request.
  Time since last request: 0.000141 seconds.
  path: Assets/Female Soldier Voice - Dr. Elena Shiroff/Normal/hold them off1.ogg
  artifactKey: Guid(dcd6fcdfaf9d03c49beea5d86bfce654) Importer(2089858483,0ecaa5967403d082aa24f35e1b516d23)
Start importing Assets/Female Soldier Voice - Dr. Elena Shiroff/Normal/hold them off1.ogg using Guid(dcd6fcdfaf9d03c49beea5d86bfce654) Importer(2089858483,0ecaa5967403d082aa24f35e1b516d23) [PhysX] Initialized MultithreadedTaskDispatcher with 8 workers.
 -> (artifact id: '21e710f518166c1eda5ed1425fdfc704') in 0.014613 seconds
Number of updated asset objects reloaded before import = 0
Number of asset objects unloaded after import = 1
========================================================================
Received Import Request.
  Time since last request: 0.000165 seconds.
  path: Assets/Female Soldier Voice - Dr. Elena Shiroff/Normal/immediately1.ogg
  artifactKey: Guid(e6b50c15ad6478443815897dfbc87d87) Importer(2089858483,0ecaa5967403d082aa24f35e1b516d23)
Start importing Assets/Female Soldier Voice - Dr. Elena Shiroff/Normal/immediately1.ogg using Guid(e6b50c15ad6478443815897dfbc87d87) Importer(2089858483,0ecaa5967403d082aa24f35e1b516d23) [PhysX] Initialized MultithreadedTaskDispatcher with 8 workers.
 -> (artifact id: '05a088e5f9fbb463091be69802a75e1f') in 0.014506 seconds
Number of updated asset objects reloaded before import = 0
Number of asset objects unloaded after import = 1
========================================================================
Received Import Request.
  Time since last request: 0.000229 seconds.
  path: Assets/Female Soldier Voice - Dr. Elena Shiroff/Normal/hold still it's just pain1.ogg
  artifactKey: Guid(075974eaf65d00840920e4d185669d3b) Importer(2089858483,0ecaa5967403d082aa24f35e1b516d23)
Start importing Assets/Female Soldier Voice - Dr. Elena Shiroff/Normal/hold still it's just pain1.ogg using Guid(075974eaf65d00840920e4d185669d3b) Importer(2089858483,0ecaa5967403d082aa24f35e1b516d23) [PhysX] Initialized MultithreadedTaskDispatcher with 8 workers.
 -> (artifact id: '29fee9e404a5e28dc3660cef928c0f33') in 0.013421 seconds
Number of updated asset objects reloaded before import = 0
Number of asset objects unloaded after import = 1
========================================================================
Received Import Request.
  Time since last request: 0.000407 seconds.
  path: Assets/Female Soldier Voice - Dr. Elena Shiroff/Normal/need backup1.ogg
  artifactKey: Guid(c79f99001732a3145b8f089adf41c85b) Importer(2089858483,0ecaa5967403d082aa24f35e1b516d23)
Start importing Assets/Female Soldier Voice - Dr. Elena Shiroff/Normal/need backup1.ogg using Guid(c79f99001732a3145b8f089adf41c85b) Importer(2089858483,0ecaa5967403d082aa24f35e1b516d23) [PhysX] Initialized MultithreadedTaskDispatcher with 8 workers.
 -> (artifact id: '65719b56b2f7f00b71f281d16d049b1d') in 0.012856 seconds
Number of updated asset objects reloaded before import = 0
Number of asset objects unloaded after import = 1
========================================================================
Received Import Request.
  Time since last request: 0.000098 seconds.
  path: Assets/Female Soldier Voice - Dr. Elena Shiroff/Normal/hold your positions1.ogg
  artifactKey: Guid(d007e0a147ab8d240a0af6f2205208ed) Importer(2089858483,0ecaa5967403d082aa24f35e1b516d23)
Start importing Assets/Female Soldier Voice - Dr. Elena Shiroff/Normal/hold your positions1.ogg using Guid(d007e0a147ab8d240a0af6f2205208ed) Importer(2089858483,0ecaa5967403d082aa24f35e1b516d23) [PhysX] Initialized MultithreadedTaskDispatcher with 8 workers.
 -> (artifact id: 'aa73118595134ecd8cbfc1852de5d620') in 0.011491 seconds
Number of updated asset objects reloaded before import = 0
Number of asset objects unloaded after import = 1
========================================================================
Received Import Request.
  Time since last request: 0.000066 seconds.
  path: Assets/Female Soldier Voice - Dr. Elena Shiroff/Normal/no way2.ogg
  artifactKey: Guid(4a2f052a883b0c843a20832302e13d59) Importer(2089858483,0ecaa5967403d082aa24f35e1b516d23)
Start importing Assets/Female Soldier Voice - Dr. Elena Shiroff/Normal/no way2.ogg using Guid(4a2f052a883b0c843a20832302e13d59) Importer(2089858483,0ecaa5967403d082aa24f35e1b516d23) [PhysX] Initialized MultithreadedTaskDispatcher with 8 workers.
 -> (artifact id: 'd8d07098e69c51539f70a3fa25cf1a7c') in 0.011104 seconds
Number of updated asset objects reloaded before import = 0
Number of asset objects unloaded after import = 1
========================================================================
Received Import Request.
  Time since last request: 0.000217 seconds.
  path: Assets/Female Soldier Voice - Dr. Elena Shiroff/Normal/man down1.ogg
  artifactKey: Guid(de4a451b68fe9e040950188ddcdc5dbd) Importer(2089858483,0ecaa5967403d082aa24f35e1b516d23)
Start importing Assets/Female Soldier Voice - Dr. Elena Shiroff/Normal/man down1.ogg using Guid(de4a451b68fe9e040950188ddcdc5dbd) Importer(2089858483,0ecaa5967403d082aa24f35e1b516d23) [PhysX] Initialized MultithreadedTaskDispatcher with 8 workers.
 -> (artifact id: '6ed6d21e44a76a675fd47258acb9cde7') in 0.031472 seconds
Number of updated asset objects reloaded before import = 0
Number of asset objects unloaded after import = 1
========================================================================
Received Import Request.
  Time since last request: 0.000077 seconds.
  path: Assets/Female Soldier Voice - Dr. Elena Shiroff/Normal/get down1.ogg
  artifactKey: Guid(a2e527df64fa9be48b725dcbe6a0cff0) Importer(2089858483,0ecaa5967403d082aa24f35e1b516d23)
Start importing Assets/Female Soldier Voice - Dr. Elena Shiroff/Normal/get down1.ogg using Guid(a2e527df64fa9be48b725dcbe6a0cff0) Importer(2089858483,0ecaa5967403d082aa24f35e1b516d23) [PhysX] Initialized MultithreadedTaskDispatcher with 8 workers.
 -> (artifact id: '031c54b695bf1954c7b76437fccbd211') in 0.011854 seconds
Number of updated asset objects reloaded before import = 0
Number of asset objects unloaded after import = 1
========================================================================
Received Import Request.
  Time since last request: 0.000071 seconds.
  path: Assets/Female Soldier Voice - Dr. Elena Shiroff/Normal/i've got your medicine right here.ogg
  artifactKey: Guid(6f53df28b0d7ed948a7ebf0a01bd4906) Importer(2089858483,0ecaa5967403d082aa24f35e1b516d23)
Start importing Assets/Female Soldier Voice - Dr. Elena Shiroff/Normal/i've got your medicine right here.ogg using Guid(6f53df28b0d7ed948a7ebf0a01bd4906) Importer(2089858483,0ecaa5967403d082aa24f35e1b516d23) [PhysX] Initialized MultithreadedTaskDispatcher with 8 workers.
 -> (artifact id: 'eaa56af698fd0f8fd62b0604a704e9c2') in 0.011222 seconds
Number of updated asset objects reloaded before import = 0
Number of asset objects unloaded after import = 1
========================================================================
Received Import Request.
  Time since last request: 0.000118 seconds.
  path: Assets/Female Soldier Voice - Dr. Elena Shiroff/Normal/i'm trying to help stop screaming1.ogg
  artifactKey: Guid(65bb4ef1c9d6a184480974e74367a7b4) Importer(2089858483,0ecaa5967403d082aa24f35e1b516d23)
Start importing Assets/Female Soldier Voice - Dr. Elena Shiroff/Normal/i'm trying to help stop screaming1.ogg using Guid(65bb4ef1c9d6a184480974e74367a7b4) Importer(2089858483,0ecaa5967403d082aa24f35e1b516d23) [PhysX] Initialized MultithreadedTaskDispatcher with 8 workers.
 -> (artifact id: '167bb50c047fa9413748352fa04ce45f') in 0.013293 seconds
Number of updated asset objects reloaded before import = 0
Number of asset objects unloaded after import = 1
========================================================================
Received Import Request.
  Time since last request: 0.000424 seconds.
  path: Assets/Female Soldier Voice - Dr. Elena Shiroff/Normal/man down2.ogg
  artifactKey: Guid(3ddbd64cfb1ad9c45bf18873f58a60a3) Importer(2089858483,0ecaa5967403d082aa24f35e1b516d23)
Start importing Assets/Female Soldier Voice - Dr. Elena Shiroff/Normal/man down2.ogg using Guid(3ddbd64cfb1ad9c45bf18873f58a60a3) Importer(2089858483,0ecaa5967403d082aa24f35e1b516d23) [PhysX] Initialized MultithreadedTaskDispatcher with 8 workers.
 -> (artifact id: '35b1deab2644b39c26cf15111193e0d9') in 0.011169 seconds
Number of updated asset objects reloaded before import = 0
Number of asset objects unloaded after import = 1
========================================================================
Received Import Request.
  Time since last request: 0.000122 seconds.
  path: Assets/Female Soldier Voice - Dr. Elena Shiroff/Normal/no can do2.ogg
  artifactKey: Guid(c530b5a4b6671b0478fa8bf2bed513a5) Importer(2089858483,0ecaa5967403d082aa24f35e1b516d23)
Start importing Assets/Female Soldier Voice - Dr. Elena Shiroff/Normal/no can do2.ogg using Guid(c530b5a4b6671b0478fa8bf2bed513a5) Importer(2089858483,0ecaa5967403d082aa24f35e1b516d23) [PhysX] Initialized MultithreadedTaskDispatcher with 8 workers.
 -> (artifact id: '959c86d5a7670662e1944242ef31e899') in 0.011304 seconds
Number of updated asset objects reloaded before import = 0
Number of asset objects unloaded after import = 1
========================================================================
Received Import Request.
  Time since last request: 0.000044 seconds.
  path: Assets/Female Soldier Voice - Dr. Elena Shiroff/Normal/help2.ogg
  artifactKey: Guid(5a19df43ea2cf4e45b49599b7ca5e6fb) Importer(2089858483,0ecaa5967403d082aa24f35e1b516d23)
Start importing Assets/Female Soldier Voice - Dr. Elena Shiroff/Normal/help2.ogg using Guid(5a19df43ea2cf4e45b49599b7ca5e6fb) Importer(2089858483,0ecaa5967403d082aa24f35e1b516d23) [PhysX] Initialized MultithreadedTaskDispatcher with 8 workers.
 -> (artifact id: '93d397d0e937eb170a8c7b5b1b9ac3cf') in 0.011187 seconds
Number of updated asset objects reloaded before import = 0
Number of asset objects unloaded after import = 1
========================================================================
Received Import Request.
  Time since last request: 0.000049 seconds.
  path: Assets/Female Soldier Voice - Dr. Elena Shiroff/Normal/good job3.ogg
  artifactKey: Guid(9ef0df3922269c54d85e529cc0156cab) Importer(2089858483,0ecaa5967403d082aa24f35e1b516d23)
Start importing Assets/Female Soldier Voice - Dr. Elena Shiroff/Normal/good job3.ogg using Guid(9ef0df3922269c54d85e529cc0156cab) Importer(2089858483,0ecaa5967403d082aa24f35e1b516d23) [PhysX] Initialized MultithreadedTaskDispatcher with 8 workers.
 -> (artifact id: '8fdab4d1d934eddfc33f7734fcb3fece') in 0.011378 seconds
Number of updated asset objects reloaded before import = 0
Number of asset objects unloaded after import = 1
========================================================================
Received Import Request.
  Time since last request: 0.000097 seconds.
  path: Assets/Female Soldier Voice - Dr. Elena Shiroff/Normal/even i can't fix that2.ogg
  artifactKey: Guid(9a18bbf9727fd5e45b72db9fa1fe32f9) Importer(2089858483,0ecaa5967403d082aa24f35e1b516d23)
Start importing Assets/Female Soldier Voice - Dr. Elena Shiroff/Normal/even i can't fix that2.ogg using Guid(9a18bbf9727fd5e45b72db9fa1fe32f9) Importer(2089858483,0ecaa5967403d082aa24f35e1b516d23) [PhysX] Initialized MultithreadedTaskDispatcher with 8 workers.
 -> (artifact id: 'd7e3de9fd601d65419e7289021022ba3') in 0.011370 seconds
Number of updated asset objects reloaded before import = 0
Number of asset objects unloaded after import = 1
========================================================================
Received Import Request.
  Time since last request: 0.000111 seconds.
  path: Assets/Female Soldier Voice - Dr. Elena Shiroff/Normal/grenade1.ogg
  artifactKey: Guid(50c2d59b967b68646af6f0f73dfae364) Importer(2089858483,0ecaa5967403d082aa24f35e1b516d23)
Start importing Assets/Female Soldier Voice - Dr. Elena Shiroff/Normal/grenade1.ogg using Guid(50c2d59b967b68646af6f0f73dfae364) Importer(2089858483,0ecaa5967403d082aa24f35e1b516d23) [PhysX] Initialized MultithreadedTaskDispatcher with 8 workers.
 -> (artifact id: 'c6e8b1c715af4ed3a543954d8b73a4fb') in 0.010595 seconds
Number of updated asset objects reloaded before import = 0
Number of asset objects unloaded after import = 1
========================================================================
Received Import Request.
  Time since last request: 0.000058 seconds.
  path: Assets/Female Soldier Voice - Dr. Elena Shiroff/Normal/get down3.ogg
  artifactKey: Guid(abfd60db95e825a4bb2f116c41e94813) Importer(2089858483,0ecaa5967403d082aa24f35e1b516d23)
Start importing Assets/Female Soldier Voice - Dr. Elena Shiroff/Normal/get down3.ogg using Guid(abfd60db95e825a4bb2f116c41e94813) Importer(2089858483,0ecaa5967403d082aa24f35e1b516d23) [PhysX] Initialized MultithreadedTaskDispatcher with 8 workers.
 -> (artifact id: '3f4eee8c7252761c8f719982656bf8f7') in 0.010324 seconds
Number of updated asset objects reloaded before import = 0
Number of asset objects unloaded after import = 1
========================================================================
Received Import Request.
  Time since last request: 0.000122 seconds.
  path: Assets/Female Soldier Voice - Dr. Elena Shiroff/Normal/enemy spotted2.ogg
  artifactKey: Guid(bd02dc02f1250de47804943044e73975) Importer(2089858483,0ecaa5967403d082aa24f35e1b516d23)
Start importing Assets/Female Soldier Voice - Dr. Elena Shiroff/Normal/enemy spotted2.ogg using Guid(bd02dc02f1250de47804943044e73975) Importer(2089858483,0ecaa5967403d082aa24f35e1b516d23) [PhysX] Initialized MultithreadedTaskDispatcher with 8 workers.
 -> (artifact id: '4b96a04bb98e9ee429759ddaad001680') in 0.010582 seconds
Number of updated asset objects reloaded before import = 0
Number of asset objects unloaded after import = 1
========================================================================
Received Import Request.
  Time since last request: 0.000094 seconds.
  path: Assets/Female Soldier Voice - Dr. Elena Shiroff/Normal/enemy engaged1.ogg
  artifactKey: Guid(88664b96e7b61124a8731b97365823e6) Importer(2089858483,0ecaa5967403d082aa24f35e1b516d23)
Start importing Assets/Female Soldier Voice - Dr. Elena Shiroff/Normal/enemy engaged1.ogg using Guid(88664b96e7b61124a8731b97365823e6) Importer(2089858483,0ecaa5967403d082aa24f35e1b516d23) [PhysX] Initialized MultithreadedTaskDispatcher with 8 workers.
 -> (artifact id: 'd6b7b00c984d1478fed3c4ef3114349d') in 0.010309 seconds
Number of updated asset objects reloaded before import = 0
Number of asset objects unloaded after import = 1
========================================================================
Received Import Request.
  Time since last request: 0.000070 seconds.
  path: Assets/Female Soldier Voice - Dr. Elena Shiroff/Normal/enemy spotted1.ogg
  artifactKey: Guid(bc4c724a43959514d89453d613d992d0) Importer(2089858483,0ecaa5967403d082aa24f35e1b516d23)
Start importing Assets/Female Soldier Voice - Dr. Elena Shiroff/Normal/enemy spotted1.ogg using Guid(bc4c724a43959514d89453d613d992d0) Importer(2089858483,0ecaa5967403d082aa24f35e1b516d23) [PhysX] Initialized MultithreadedTaskDispatcher with 8 workers.
 -> (artifact id: 'c693c71e9825b7e26278dc44ed246f6f') in 0.010916 seconds
Number of updated asset objects reloaded before import = 0
Number of asset objects unloaded after import = 1
========================================================================
Received Import Request.
  Time since last request: 0.000104 seconds.
  path: Assets/Female Soldier Voice - Dr. Elena Shiroff/Normal/engaging enemy1.ogg
  artifactKey: Guid(652d83d4c7e3f074c9f63a7825e176cc) Importer(2089858483,0ecaa5967403d082aa24f35e1b516d23)
Start importing Assets/Female Soldier Voice - Dr. Elena Shiroff/Normal/engaging enemy1.ogg using Guid(652d83d4c7e3f074c9f63a7825e176cc) Importer(2089858483,0ecaa5967403d082aa24f35e1b516d23) [PhysX] Initialized MultithreadedTaskDispatcher with 8 workers.
 -> (artifact id: '9c6efc20d92a0bba16cdf3144c66d575') in 0.010506 seconds
Number of updated asset objects reloaded before import = 0
Number of asset objects unloaded after import = 1
========================================================================
Received Import Request.
  Time since last request: 0.000302 seconds.
  path: Assets/Female Soldier Voice - Dr. Elena Shiroff/Normal/help1.ogg
  artifactKey: Guid(bbf34f7cd463ec144bd17eb510dd0153) Importer(2089858483,0ecaa5967403d082aa24f35e1b516d23)
Start importing Assets/Female Soldier Voice - Dr. Elena Shiroff/Normal/help1.ogg using Guid(bbf34f7cd463ec144bd17eb510dd0153) Importer(2089858483,0ecaa5967403d082aa24f35e1b516d23) [PhysX] Initialized MultithreadedTaskDispatcher with 8 workers.
 -> (artifact id: '959fefb462adcb7dad8e2a539eb383ed') in 0.020384 seconds
Number of updated asset objects reloaded before import = 0
Number of asset objects unloaded after import = 1
========================================================================
Received Import Request.
  Time since last request: 0.000069 seconds.
  path: Assets/Female Soldier Voice - Dr. Elena Shiroff/Normal/hostile3.ogg
  artifactKey: Guid(534f55d96f4c84641aa3d31c7daecf28) Importer(2089858483,0ecaa5967403d082aa24f35e1b516d23)
Start importing Assets/Female Soldier Voice - Dr. Elena Shiroff/Normal/hostile3.ogg using Guid(534f55d96f4c84641aa3d31c7daecf28) Importer(2089858483,0ecaa5967403d082aa24f35e1b516d23) [PhysX] Initialized MultithreadedTaskDispatcher with 8 workers.
 -> (artifact id: '9f3383333affc2f7b38ea18b200f38b4') in 0.012464 seconds
Number of updated asset objects reloaded before import = 0
Number of asset objects unloaded after import = 1
========================================================================
Received Import Request.
  Time since last request: 0.000256 seconds.
  path: Assets/Female Soldier Voice - Dr. Elena Shiroff/Normal/move out1.ogg
  artifactKey: Guid(4a45ff4de7dd05447a01785059f2ab59) Importer(2089858483,0ecaa5967403d082aa24f35e1b516d23)
Start importing Assets/Female Soldier Voice - Dr. Elena Shiroff/Normal/move out1.ogg using Guid(4a45ff4de7dd05447a01785059f2ab59) Importer(2089858483,0ecaa5967403d082aa24f35e1b516d23) [PhysX] Initialized MultithreadedTaskDispatcher with 8 workers.
 -> (artifact id: '635ebd76afd1f181ae53923ec3494790') in 0.010663 seconds
Number of updated asset objects reloaded before import = 0
Number of asset objects unloaded after import = 1
========================================================================
Received Import Request.
  Time since last request: 0.000729 seconds.
  path: Assets/Female Soldier Voice - Dr. Elena Shiroff/Normal/fall back2.ogg
  artifactKey: Guid(9bee1b87363bbe0478ba43802bb6565a) Importer(2089858483,0ecaa5967403d082aa24f35e1b516d23)
Start importing Assets/Female Soldier Voice - Dr. Elena Shiroff/Normal/fall back2.ogg using Guid(9bee1b87363bbe0478ba43802bb6565a) Importer(2089858483,0ecaa5967403d082aa24f35e1b516d23) [PhysX] Initialized MultithreadedTaskDispatcher with 8 workers.
 -> (artifact id: '6a16bab4acd5898c8007afa565be8b37') in 0.012640 seconds
Number of updated asset objects reloaded before import = 0
Number of asset objects unloaded after import = 1
========================================================================
Received Import Request.
  Time since last request: 0.000026 seconds.
  path: Assets/Female Soldier Voice - Dr. Elena Shiroff/Normal/engage the enemy1.ogg
  artifactKey: Guid(1e50ffad6f80a7c47acc1093b525e7f3) Importer(2089858483,0ecaa5967403d082aa24f35e1b516d23)
Start importing Assets/Female Soldier Voice - Dr. Elena Shiroff/Normal/engage the enemy1.ogg using Guid(1e50ffad6f80a7c47acc1093b525e7f3) Importer(2089858483,0ecaa5967403d082aa24f35e1b516d23) [PhysX] Initialized MultithreadedTaskDispatcher with 8 workers.
 -> (artifact id: '043c2254fa2c62deb5197ab5263ae8bc') in 0.014563 seconds
Number of updated asset objects reloaded before import = 0
Number of asset objects unloaded after import = 1
========================================================================
Received Import Request.
  Time since last request: 0.000121 seconds.
  path: Assets/Female Soldier Voice - Dr. Elena Shiroff/Normal/move out2.ogg
  artifactKey: Guid(ed7e12d5e1c310d4bb55b79e9f2615f5) Importer(2089858483,0ecaa5967403d082aa24f35e1b516d23)
Start importing Assets/Female Soldier Voice - Dr. Elena Shiroff/Normal/move out2.ogg using Guid(ed7e12d5e1c310d4bb55b79e9f2615f5) Importer(2089858483,0ecaa5967403d082aa24f35e1b516d23) [PhysX] Initialized MultithreadedTaskDispatcher with 8 workers.
 -> (artifact id: '384bbf2c0adc363dc1870d2748820d47') in 0.013315 seconds
Number of updated asset objects reloaded before import = 0
Number of asset objects unloaded after import = 1
========================================================================
Received Import Request.
  Time since last request: 0.000050 seconds.
  path: Assets/Female Soldier Voice - Dr. Elena Shiroff/Normal/nuhuh1.ogg
  artifactKey: Guid(7fab45d77ef591d44a479ccb4fb33972) Importer(2089858483,0ecaa5967403d082aa24f35e1b516d23)
Start importing Assets/Female Soldier Voice - Dr. Elena Shiroff/Normal/nuhuh1.ogg using Guid(7fab45d77ef591d44a479ccb4fb33972) Importer(2089858483,0ecaa5967403d082aa24f35e1b516d23) [PhysX] Initialized MultithreadedTaskDispatcher with 8 workers.
 -> (artifact id: 'e311a8bd026d8c9e1d8fa410a473bca8') in 0.010779 seconds
Number of updated asset objects reloaded before import = 0
Number of asset objects unloaded after import = 1
========================================================================
Received Import Request.
  Time since last request: 0.000070 seconds.
  path: Assets/Female Soldier Voice - Dr. Elena Shiroff/Normal/going silent2.ogg
  artifactKey: Guid(347966bf25ab99f42a2ec2370a8b8a97) Importer(2089858483,0ecaa5967403d082aa24f35e1b516d23)
Start importing Assets/Female Soldier Voice - Dr. Elena Shiroff/Normal/going silent2.ogg using Guid(347966bf25ab99f42a2ec2370a8b8a97) Importer(2089858483,0ecaa5967403d082aa24f35e1b516d23) [PhysX] Initialized MultithreadedTaskDispatcher with 8 workers.
 -> (artifact id: '1814ec17981ef095c91f64228f0a2144') in 0.010881 seconds
Number of updated asset objects reloaded before import = 0
Number of asset objects unloaded after import = 1
========================================================================
Received Import Request.
  Time since last request: 0.000125 seconds.
  path: Assets/Female Soldier Voice - Dr. Elena Shiroff/Normal/i got your medicine right here1.ogg
  artifactKey: Guid(998d87ed401bb174d819c28ba5ebc592) Importer(2089858483,0ecaa5967403d082aa24f35e1b516d23)
Start importing Assets/Female Soldier Voice - Dr. Elena Shiroff/Normal/i got your medicine right here1.ogg using Guid(998d87ed401bb174d819c28ba5ebc592) Importer(2089858483,0ecaa5967403d082aa24f35e1b516d23) [PhysX] Initialized MultithreadedTaskDispatcher with 8 workers.
 -> (artifact id: 'd99bb3c29922a900cd5e19de35cff6ea') in 0.011563 seconds
Number of updated asset objects reloaded before import = 0
Number of asset objects unloaded after import = 1
========================================================================
Received Import Request.
  Time since last request: 0.000058 seconds.
  path: Assets/Female Soldier Voice - Dr. Elena Shiroff/Normal/hold your fire1.ogg
  artifactKey: Guid(ab55065eb38595043a4e89f6481a7420) Importer(2089858483,0ecaa5967403d082aa24f35e1b516d23)
Start importing Assets/Female Soldier Voice - Dr. Elena Shiroff/Normal/hold your fire1.ogg using Guid(ab55065eb38595043a4e89f6481a7420) Importer(2089858483,0ecaa5967403d082aa24f35e1b516d23) [PhysX] Initialized MultithreadedTaskDispatcher with 8 workers.
 -> (artifact id: '1fdb53da31f408a5b47aeb37ad4022a1') in 0.011132 seconds
Number of updated asset objects reloaded before import = 0
Number of asset objects unloaded after import = 1
========================================================================
Received Import Request.
  Time since last request: 0.000047 seconds.
  path: Assets/Female Soldier Voice - Dr. Elena Shiroff/Normal/in range2.ogg
  artifactKey: Guid(74ce760dab829854f93b8cd640fe80a4) Importer(2089858483,0ecaa5967403d082aa24f35e1b516d23)
Start importing Assets/Female Soldier Voice - Dr. Elena Shiroff/Normal/in range2.ogg using Guid(74ce760dab829854f93b8cd640fe80a4) Importer(2089858483,0ecaa5967403d082aa24f35e1b516d23) [PhysX] Initialized MultithreadedTaskDispatcher with 8 workers.
 -> (artifact id: '9a5636cd7e0cae2bce34028f0a2fe24b') in 0.010578 seconds
Number of updated asset objects reloaded before import = 0
Number of asset objects unloaded after import = 1
========================================================================
Received Import Request.
  Time since last request: 0.000159 seconds.
  path: Assets/Female Soldier Voice - Dr. Elena Shiroff/Normal/m'am yes m'am1.ogg
  artifactKey: Guid(ce01f0afc6105024aa8e07db954c3ed6) Importer(2089858483,0ecaa5967403d082aa24f35e1b516d23)
Start importing Assets/Female Soldier Voice - Dr. Elena Shiroff/Normal/m'am yes m'am1.ogg using Guid(ce01f0afc6105024aa8e07db954c3ed6) Importer(2089858483,0ecaa5967403d082aa24f35e1b516d23) [PhysX] Initialized MultithreadedTaskDispatcher with 8 workers.
 -> (artifact id: 'de490ed6306e1e152b6464c1f3c5b112') in 0.011016 seconds
Number of updated asset objects reloaded before import = 0
Number of asset objects unloaded after import = 1
========================================================================
Received Import Request.
  Time since last request: 0.000048 seconds.
  path: Assets/Female Soldier Voice - Dr. Elena Shiroff/Normal/good job2.ogg
  artifactKey: Guid(fdb0414d8d7f4594893c5ca7d8c7f488) Importer(2089858483,0ecaa5967403d082aa24f35e1b516d23)
Start importing Assets/Female Soldier Voice - Dr. Elena Shiroff/Normal/good job2.ogg using Guid(fdb0414d8d7f4594893c5ca7d8c7f488) Importer(2089858483,0ecaa5967403d082aa24f35e1b516d23) [PhysX] Initialized MultithreadedTaskDispatcher with 8 workers.
 -> (artifact id: '2cf6d2ae7159512e33b7d45e7b651aeb') in 0.010654 seconds
Number of updated asset objects reloaded before import = 0
Number of asset objects unloaded after import = 1
========================================================================
Received Import Request.
  Time since last request: 0.000137 seconds.
  path: Assets/Female Soldier Voice - Dr. Elena Shiroff/Normal/holding position1.ogg
  artifactKey: Guid(aee2c5d062142194b8557cb5bec3c811) Importer(2089858483,0ecaa5967403d082aa24f35e1b516d23)
Start importing Assets/Female Soldier Voice - Dr. Elena Shiroff/Normal/holding position1.ogg using Guid(aee2c5d062142194b8557cb5bec3c811) Importer(2089858483,0ecaa5967403d082aa24f35e1b516d23) [PhysX] Initialized MultithreadedTaskDispatcher with 8 workers.
 -> (artifact id: '768f2a94d5dce54f24357953cb59bdd8') in 0.011909 seconds
Number of updated asset objects reloaded before import = 0
Number of asset objects unloaded after import = 1
========================================================================
Received Import Request.
  Time since last request: 0.000136 seconds.
  path: Assets/Female Soldier Voice - Dr. Elena Shiroff/Normal/in range3.ogg
  artifactKey: Guid(77eecafe8a00e3e4ca4e6f5676fbdb4a) Importer(2089858483,0ecaa5967403d082aa24f35e1b516d23)
Start importing Assets/Female Soldier Voice - Dr. Elena Shiroff/Normal/in range3.ogg using Guid(77eecafe8a00e3e4ca4e6f5676fbdb4a) Importer(2089858483,0ecaa5967403d082aa24f35e1b516d23) [PhysX] Initialized MultithreadedTaskDispatcher with 8 workers.
 -> (artifact id: '0520068f3b19a504531e54128366ecf1') in 0.010697 seconds
Number of updated asset objects reloaded before import = 0
Number of asset objects unloaded after import = 1
========================================================================
Received Import Request.
  Time since last request: 0.000226 seconds.
  path: Assets/Female Soldier Voice - Dr. Elena Shiroff/Normal/even i can't fix that1.ogg
  artifactKey: Guid(d53ae47929378d9449271eda881aa3aa) Importer(2089858483,0ecaa5967403d082aa24f35e1b516d23)
Start importing Assets/Female Soldier Voice - Dr. Elena Shiroff/Normal/even i can't fix that1.ogg using Guid(d53ae47929378d9449271eda881aa3aa) Importer(2089858483,0ecaa5967403d082aa24f35e1b516d23) [PhysX] Initialized MultithreadedTaskDispatcher with 8 workers.
 -> (artifact id: '8115bc9635912d2bf830d535a461041d') in 0.013907 seconds
Number of updated asset objects reloaded before import = 0
Number of asset objects unloaded after import = 1
========================================================================
Received Import Request.
  Time since last request: 0.000059 seconds.
  path: Assets/Female Soldier Voice - Dr. Elena Shiroff/Normal/fire in the hole2.ogg
  artifactKey: Guid(0eb6dea1cf4ecdf47b71056adfcc4bd7) Importer(2089858483,0ecaa5967403d082aa24f35e1b516d23)
Start importing Assets/Female Soldier Voice - Dr. Elena Shiroff/Normal/fire in the hole2.ogg using Guid(0eb6dea1cf4ecdf47b71056adfcc4bd7) Importer(2089858483,0ecaa5967403d082aa24f35e1b516d23) [PhysX] Initialized MultithreadedTaskDispatcher with 8 workers.
 -> (artifact id: '0e95f5111f0d240384a41fd7f329839e') in 0.011355 seconds
Number of updated asset objects reloaded before import = 0
Number of asset objects unloaded after import = 1
========================================================================
Received Import Request.
  Time since last request: 0.000361 seconds.
  path: Assets/Female Soldier Voice - Dr. Elena Shiroff/Normal/gogogo1.ogg
  artifactKey: Guid(b0c845beb7b1a9247a95bb9f474833b8) Importer(2089858483,0ecaa5967403d082aa24f35e1b516d23)
Start importing Assets/Female Soldier Voice - Dr. Elena Shiroff/Normal/gogogo1.ogg using Guid(b0c845beb7b1a9247a95bb9f474833b8) Importer(2089858483,0ecaa5967403d082aa24f35e1b516d23) [PhysX] Initialized MultithreadedTaskDispatcher with 8 workers.
 -> (artifact id: '6e137c51961ad1266c7cfb87acb1b9fa') in 0.011484 seconds
Number of updated asset objects reloaded before import = 0
Number of asset objects unloaded after import = 1
========================================================================
Received Import Request.
  Time since last request: 0.000309 seconds.
  path: Assets/Female Soldier Voice - Dr. Elena Shiroff/Normal/get down2.ogg
  artifactKey: Guid(2ad8fd12fe819a04db97a1209ec153a1) Importer(2089858483,0ecaa5967403d082aa24f35e1b516d23)
Start importing Assets/Female Soldier Voice - Dr. Elena Shiroff/Normal/get down2.ogg using Guid(2ad8fd12fe819a04db97a1209ec153a1) Importer(2089858483,0ecaa5967403d082aa24f35e1b516d23) [PhysX] Initialized MultithreadedTaskDispatcher with 8 workers.
 -> (artifact id: 'fced3213e4536025eca2b9ce2976a5fd') in 0.011475 seconds
Number of updated asset objects reloaded before import = 0
Number of asset objects unloaded after import = 1
========================================================================
Received Import Request.
  Time since last request: 0.000210 seconds.
  path: Assets/Female Soldier Voice - Dr. Elena Shiroff/Normal/i need a medic out here bonus1.ogg
  artifactKey: Guid(8ca8610947f68854693c1ba8fc4ff5fe) Importer(2089858483,0ecaa5967403d082aa24f35e1b516d23)
Start importing Assets/Female Soldier Voice - Dr. Elena Shiroff/Normal/i need a medic out here bonus1.ogg using Guid(8ca8610947f68854693c1ba8fc4ff5fe) Importer(2089858483,0ecaa5967403d082aa24f35e1b516d23) [PhysX] Initialized MultithreadedTaskDispatcher with 8 workers.
 -> (artifact id: '4fe6f195b2538eb671fefaf4c867284b') in 0.014623 seconds
Number of updated asset objects reloaded before import = 0
Number of asset objects unloaded after import = 1
========================================================================
Received Import Request.
  Time since last request: 0.000443 seconds.
  path: Assets/Female Soldier Voice - Dr. Elena Shiroff/Normal/opening fire1.ogg
  artifactKey: Guid(e0adddbc74ab14947b7250744b1974b8) Importer(2089858483,0ecaa5967403d082aa24f35e1b516d23)
Start importing Assets/Female Soldier Voice - Dr. Elena Shiroff/Normal/opening fire1.ogg using Guid(e0adddbc74ab14947b7250744b1974b8) Importer(2089858483,0ecaa5967403d082aa24f35e1b516d23) [PhysX] Initialized MultithreadedTaskDispatcher with 8 workers.
 -> (artifact id: 'c3a23f6b8cd829b12f83e27ae4624115') in 0.011369 seconds
Number of updated asset objects reloaded before import = 0
Number of asset objects unloaded after import = 1
========================================================================
Received Import Request.
  Time since last request: 0.421654 seconds.
  path: Assets/Female Soldier Voice - Dr. Elena Shiroff/Normal/opening fire2.ogg
  artifactKey: Guid(47655e2c80554ed4bb633eb7ae63f628) Importer(2089858483,0ecaa5967403d082aa24f35e1b516d23)
Start importing Assets/Female Soldier Voice - Dr. Elena Shiroff/Normal/opening fire2.ogg using Guid(47655e2c80554ed4bb633eb7ae63f628) Importer(2089858483,0ecaa5967403d082aa24f35e1b516d23) [PhysX] Initialized MultithreadedTaskDispatcher with 8 workers.
 -> (artifact id: '4329bd11c360d6387cb568129cadd1fc') in 0.010988 seconds
Number of updated asset objects reloaded before import = 0
Number of asset objects unloaded after import = 1
========================================================================
Received Import Request.
  Time since last request: 0.000094 seconds.
  path: Assets/Female Soldier Voice - Dr. Elena Shiroff/Radio/asap3.ogg
  artifactKey: Guid(357da89b60f2c6a4496d411cc6b5ac7d) Importer(2089858483,0ecaa5967403d082aa24f35e1b516d23)
Start importing Assets/Female Soldier Voice - Dr. Elena Shiroff/Radio/asap3.ogg using Guid(357da89b60f2c6a4496d411cc6b5ac7d) Importer(2089858483,0ecaa5967403d082aa24f35e1b516d23) [PhysX] Initialized MultithreadedTaskDispatcher with 8 workers.
 -> (artifact id: '36090d76281dfc4ad52bfc31275975e3') in 0.010825 seconds
Number of updated asset objects reloaded before import = 0
Number of asset objects unloaded after import = 1
========================================================================
Received Import Request.
  Time since last request: 0.000618 seconds.
  path: Assets/Female Soldier Voice - Dr. Elena Shiroff/Radio/Sniper.controller
  artifactKey: Guid(ef754711e7b514e00b0827a24dd5e622) Importer(2089858483,0ecaa5967403d082aa24f35e1b516d23)
Start importing Assets/Female Soldier Voice - Dr. Elena Shiroff/Radio/Sniper.controller using Guid(ef754711e7b514e00b0827a24dd5e622) Importer(2089858483,0ecaa5967403d082aa24f35e1b516d23) [PhysX] Initialized MultithreadedTaskDispatcher with 8 workers.
 -> (artifact id: '49651586b8eab2239be910532d6fcb1a') in 0.003483 seconds
Number of updated asset objects reloaded before import = 0
Number of asset objects unloaded after import = 4
========================================================================
Received Import Request.
  Time since last request: 0.000076 seconds.
  path: Assets/Female Soldier Voice - Dr. Elena Shiroff/Normal/sir yes sir1.ogg
  artifactKey: Guid(ba086e38270e7b64b93179d3d6da59ce) Importer(2089858483,0ecaa5967403d082aa24f35e1b516d23)
Start importing Assets/Female Soldier Voice - Dr. Elena Shiroff/Normal/sir yes sir1.ogg using Guid(ba086e38270e7b64b93179d3d6da59ce) Importer(2089858483,0ecaa5967403d082aa24f35e1b516d23) [PhysX] Initialized MultithreadedTaskDispatcher with 8 workers.
 -> (artifact id: '635c161138ac2d8485012248c625f8d3') in 0.010908 seconds
Number of updated asset objects reloaded before import = 0
Number of asset objects unloaded after import = 1
========================================================================
Received Import Request.
  Time since last request: 0.000079 seconds.
  path: Assets/Female Soldier Voice - Dr. Elena Shiroff/Radio/cover me1.ogg
  artifactKey: Guid(b55f11c6a2887cb4ca128d90e64b442b) Importer(2089858483,0ecaa5967403d082aa24f35e1b516d23)
Start importing Assets/Female Soldier Voice - Dr. Elena Shiroff/Radio/cover me1.ogg using Guid(b55f11c6a2887cb4ca128d90e64b442b) Importer(2089858483,0ecaa5967403d082aa24f35e1b516d23) [PhysX] Initialized MultithreadedTaskDispatcher with 8 workers.
 -> (artifact id: '06ae267f527c529dcadc9fd3adfaa2e7') in 0.015040 seconds
Number of updated asset objects reloaded before import = 0
Number of asset objects unloaded after import = 1
========================================================================
Received Import Request.
  Time since last request: 0.000272 seconds.
  path: Assets/Female Soldier Voice - Dr. Elena Shiroff/Radio/engage the enemy1.ogg
  artifactKey: Guid(b897d269f93548142a52519b63285013) Importer(2089858483,0ecaa5967403d082aa24f35e1b516d23)
Start importing Assets/Female Soldier Voice - Dr. Elena Shiroff/Radio/engage the enemy1.ogg using Guid(b897d269f93548142a52519b63285013) Importer(2089858483,0ecaa5967403d082aa24f35e1b516d23) [PhysX] Initialized MultithreadedTaskDispatcher with 8 workers.
 -> (artifact id: '024e6dccd039ca9c65490049c17ac8b9') in 0.011395 seconds
Number of updated asset objects reloaded before import = 0
Number of asset objects unloaded after import = 1
========================================================================
Received Import Request.
  Time since last request: 0.000075 seconds.
  path: Assets/Female Soldier Voice - Dr. Elena Shiroff/Radio/good job2.ogg
  artifactKey: Guid(a03884a014236d946b56a76a1d0370da) Importer(2089858483,0ecaa5967403d082aa24f35e1b516d23)
Start importing Assets/Female Soldier Voice - Dr. Elena Shiroff/Radio/good job2.ogg using Guid(a03884a014236d946b56a76a1d0370da) Importer(2089858483,0ecaa5967403d082aa24f35e1b516d23) [PhysX] Initialized MultithreadedTaskDispatcher with 8 workers.
 -> (artifact id: '63c6f521045de9b7f46a62cbe0496d5d') in 0.010169 seconds
Number of updated asset objects reloaded before import = 0
Number of asset objects unloaded after import = 1
========================================================================
Received Import Request.
  Time since last request: 0.000058 seconds.
  path: Assets/Female Soldier Voice - Dr. Elena Shiroff/Radio/abort3.ogg
  artifactKey: Guid(8a4c1deaf7fb2764c97dcfca62b5240d) Importer(2089858483,0ecaa5967403d082aa24f35e1b516d23)
Start importing Assets/Female Soldier Voice - Dr. Elena Shiroff/Radio/abort3.ogg using Guid(8a4c1deaf7fb2764c97dcfca62b5240d) Importer(2089858483,0ecaa5967403d082aa24f35e1b516d23) [PhysX] Initialized MultithreadedTaskDispatcher with 8 workers.
 -> (artifact id: '02ff6990a214ac1dda0624e6ec8d48fc') in 0.010271 seconds
Number of updated asset objects reloaded before import = 0
Number of asset objects unloaded after import = 1
========================================================================
Received Import Request.
  Time since last request: 0.000114 seconds.
  path: Assets/Female Soldier Voice - Dr. Elena Shiroff/Normal/well done1.ogg
  artifactKey: Guid(9237c6aaa52f8e1409952bcd17faa8c0) Importer(2089858483,0ecaa5967403d082aa24f35e1b516d23)
Start importing Assets/Female Soldier Voice - Dr. Elena Shiroff/Normal/well done1.ogg using Guid(9237c6aaa52f8e1409952bcd17faa8c0) Importer(2089858483,0ecaa5967403d082aa24f35e1b516d23) [PhysX] Initialized MultithreadedTaskDispatcher with 8 workers.
 -> (artifact id: '1b4578163228f7e0391dc1070fe6ad2c') in 0.010839 seconds
Number of updated asset objects reloaded before import = 0
Number of asset objects unloaded after import = 1
========================================================================
Received Import Request.
  Time since last request: 0.000122 seconds.
  path: Assets/Female Soldier Voice - Dr. Elena Shiroff/Normal/perfect2.ogg
  artifactKey: Guid(bb2fad3a1d9430944bc62370e25ad8b4) Importer(2089858483,0ecaa5967403d082aa24f35e1b516d23)
Start importing Assets/Female Soldier Voice - Dr. Elena Shiroff/Normal/perfect2.ogg using Guid(bb2fad3a1d9430944bc62370e25ad8b4) Importer(2089858483,0ecaa5967403d082aa24f35e1b516d23) [PhysX] Initialized MultithreadedTaskDispatcher with 8 workers.
 -> (artifact id: '8cae9fd19d3ed2979a069b65fdef9838') in 0.010348 seconds
Number of updated asset objects reloaded before import = 0
Number of asset objects unloaded after import = 1
========================================================================
Received Import Request.
  Time since last request: 0.000099 seconds.
  path: Assets/Female Soldier Voice - Dr. Elena Shiroff/Normal/time to break some bones1.ogg
  artifactKey: Guid(4cb2011870a18954198c24b8ca6060f9) Importer(2089858483,0ecaa5967403d082aa24f35e1b516d23)
Start importing Assets/Female Soldier Voice - Dr. Elena Shiroff/Normal/time to break some bones1.ogg using Guid(4cb2011870a18954198c24b8ca6060f9) Importer(2089858483,0ecaa5967403d082aa24f35e1b516d23) [PhysX] Initialized MultithreadedTaskDispatcher with 8 workers.
 -> (artifact id: 'b7cb3e021548faa0a0be6c3351fcc517') in 0.012332 seconds
Number of updated asset objects reloaded before import = 0
Number of asset objects unloaded after import = 1
========================================================================
Received Import Request.
  Time since last request: 0.000055 seconds.
  path: Assets/Female Soldier Voice - Dr. Elena Shiroff/Normal/this medic needs a medic1.ogg
  artifactKey: Guid(6aa8bd41fa9a50f4c968602cf02df908) Importer(2089858483,0ecaa5967403d082aa24f35e1b516d23)
Start importing Assets/Female Soldier Voice - Dr. Elena Shiroff/Normal/this medic needs a medic1.ogg using Guid(6aa8bd41fa9a50f4c968602cf02df908) Importer(2089858483,0ecaa5967403d082aa24f35e1b516d23) [PhysX] Initialized MultithreadedTaskDispatcher with 8 workers.
 -> (artifact id: '3b63e92d9c7bb44fe130d1ba9def27d4') in 0.010927 seconds
Number of updated asset objects reloaded before import = 0
Number of asset objects unloaded after import = 1
========================================================================
Received Import Request.
  Time since last request: 0.000069 seconds.
  path: Assets/Female Soldier Voice - Dr. Elena Shiroff/Normal/pain d1.ogg
  artifactKey: Guid(710c608dfc0fa51438c497efe68ce6a0) Importer(2089858483,0ecaa5967403d082aa24f35e1b516d23)
Start importing Assets/Female Soldier Voice - Dr. Elena Shiroff/Normal/pain d1.ogg using Guid(710c608dfc0fa51438c497efe68ce6a0) Importer(2089858483,0ecaa5967403d082aa24f35e1b516d23) [PhysX] Initialized MultithreadedTaskDispatcher with 8 workers.
 -> (artifact id: '2144c6912889c95c978bb18e9b886cb6') in 0.010631 seconds
Number of updated asset objects reloaded before import = 0
Number of asset objects unloaded after import = 1
========================================================================
Received Import Request.
  Time since last request: 0.000152 seconds.
  path: Assets/Female Soldier Voice - Dr. Elena Shiroff/Radio/get to position1.ogg
  artifactKey: Guid(224d0441b8c6a7640be8d3e58003f7d2) Importer(2089858483,0ecaa5967403d082aa24f35e1b516d23)
Start importing Assets/Female Soldier Voice - Dr. Elena Shiroff/Radio/get to position1.ogg using Guid(224d0441b8c6a7640be8d3e58003f7d2) Importer(2089858483,0ecaa5967403d082aa24f35e1b516d23) [PhysX] Initialized MultithreadedTaskDispatcher with 8 workers.
 -> (artifact id: '0e4fb409355f6682fb9258644a3c2286') in 0.010444 seconds
Number of updated asset objects reloaded before import = 0
Number of asset objects unloaded after import = 1
========================================================================
Received Import Request.
  Time since last request: 0.000080 seconds.
  path: Assets/Female Soldier Voice - Dr. Elena Shiroff/Radio/all clear1.ogg
  artifactKey: Guid(56e711b566f2f984ca985ab9a1ae97b2) Importer(2089858483,0ecaa5967403d082aa24f35e1b516d23)
Start importing Assets/Female Soldier Voice - Dr. Elena Shiroff/Radio/all clear1.ogg using Guid(56e711b566f2f984ca985ab9a1ae97b2) Importer(2089858483,0ecaa5967403d082aa24f35e1b516d23) [PhysX] Initialized MultithreadedTaskDispatcher with 8 workers.
 -> (artifact id: '72c26d32bcaf0672da6735e9aef9d93f') in 0.010416 seconds
Number of updated asset objects reloaded before import = 0
Number of asset objects unloaded after import = 1
========================================================================
Received Import Request.
  Time since last request: 0.000099 seconds.
  path: Assets/Female Soldier Voice - Dr. Elena Shiroff/Radio/affirmative2.ogg
  artifactKey: Guid(9d03f2b9cc0ad7d408ffb5374a5a7202) Importer(2089858483,0ecaa5967403d082aa24f35e1b516d23)
Start importing Assets/Female Soldier Voice - Dr. Elena Shiroff/Radio/affirmative2.ogg using Guid(9d03f2b9cc0ad7d408ffb5374a5a7202) Importer(2089858483,0ecaa5967403d082aa24f35e1b516d23) [PhysX] Initialized MultithreadedTaskDispatcher with 8 workers.
 -> (artifact id: '1b5b19aa87c5ef4a18f84ed70f2f9b68') in 0.010460 seconds
Number of updated asset objects reloaded before import = 0
Number of asset objects unloaded after import = 1
========================================================================
Received Import Request.
  Time since last request: 0.000135 seconds.
  path: Assets/Female Soldier Voice - Dr. Elena Shiroff/Radio/engaging enemy2.ogg
  artifactKey: Guid(299dcc9091fe52c49954a0442547dc92) Importer(2089858483,0ecaa5967403d082aa24f35e1b516d23)
Start importing Assets/Female Soldier Voice - Dr. Elena Shiroff/Radio/engaging enemy2.ogg using Guid(299dcc9091fe52c49954a0442547dc92) Importer(2089858483,0ecaa5967403d082aa24f35e1b516d23) [PhysX] Initialized MultithreadedTaskDispatcher with 8 workers.
 -> (artifact id: 'f54370c9040b8282d1820a9392af7f28') in 0.011366 seconds
Number of updated asset objects reloaded before import = 0
Number of asset objects unloaded after import = 1
========================================================================
Received Import Request.
  Time since last request: 0.000100 seconds.
  path: Assets/Female Soldier Voice - Dr. Elena Shiroff/Normal/pain a1.ogg
  artifactKey: Guid(3131f7a0b99979043a0f06667e64df0c) Importer(2089858483,0ecaa5967403d082aa24f35e1b516d23)
Start importing Assets/Female Soldier Voice - Dr. Elena Shiroff/Normal/pain a1.ogg using Guid(3131f7a0b99979043a0f06667e64df0c) Importer(2089858483,0ecaa5967403d082aa24f35e1b516d23) [PhysX] Initialized MultithreadedTaskDispatcher with 8 workers.
 -> (artifact id: 'da625ba723aa902d418cc1ad3c6ecdab') in 0.010542 seconds
Number of updated asset objects reloaded before import = 0
Number of asset objects unloaded after import = 1
========================================================================
Received Import Request.
  Time since last request: 0.000188 seconds.
  path: Assets/Female Soldier Voice - Dr. Elena Shiroff/Radio/abort mission1.ogg
  artifactKey: Guid(d4fd1cee57d115045adedebd6c77946d) Importer(2089858483,0ecaa5967403d082aa24f35e1b516d23)
Start importing Assets/Female Soldier Voice - Dr. Elena Shiroff/Radio/abort mission1.ogg using Guid(d4fd1cee57d115045adedebd6c77946d) Importer(2089858483,0ecaa5967403d082aa24f35e1b516d23) [PhysX] Initialized MultithreadedTaskDispatcher with 8 workers.
 -> (artifact id: '1c0a5b2f3e8d48ec230f8cb8c836af92') in 0.011184 seconds
Number of updated asset objects reloaded before import = 0
Number of asset objects unloaded after import = 1
========================================================================
Received Import Request.
  Time since last request: 0.000176 seconds.
  path: Assets/Female Soldier Voice - Dr. Elena Shiroff/Normal/standing by2.ogg
  artifactKey: Guid(eab3e9582d5961e42bce87d54837e287) Importer(2089858483,0ecaa5967403d082aa24f35e1b516d23)
Start importing Assets/Female Soldier Voice - Dr. Elena Shiroff/Normal/standing by2.ogg using Guid(eab3e9582d5961e42bce87d54837e287) Importer(2089858483,0ecaa5967403d082aa24f35e1b516d23) [PhysX] Initialized MultithreadedTaskDispatcher with 8 workers.
 -> (artifact id: 'c8d2726eb073ecdfa0b1c97f553bdc1e') in 0.010315 seconds
Number of updated asset objects reloaded before import = 0
Number of asset objects unloaded after import = 1
========================================================================
Received Import Request.
  Time since last request: 0.000167 seconds.
  path: Assets/Female Soldier Voice - Dr. Elena Shiroff/Normal/taking casualties1.ogg
  artifactKey: Guid(75ccb33981a584344993ea399cb0be6a) Importer(2089858483,0ecaa5967403d082aa24f35e1b516d23)
Start importing Assets/Female Soldier Voice - Dr. Elena Shiroff/Normal/taking casualties1.ogg using Guid(75ccb33981a584344993ea399cb0be6a) Importer(2089858483,0ecaa5967403d082aa24f35e1b516d23) [PhysX] Initialized MultithreadedTaskDispatcher with 8 workers.
 -> (artifact id: 'fd9bdda63b7668bf9a14e48b18879f3c') in 0.010821 seconds
Number of updated asset objects reloaded before import = 0
Number of asset objects unloaded after import = 1
========================================================================
Received Import Request.
  Time since last request: 0.000324 seconds.
  path: Assets/Female Soldier Voice - Dr. Elena Shiroff/Radio/enemy down2.ogg
  artifactKey: Guid(3af455e565d7e344caf69cec4f611712) Importer(2089858483,0ecaa5967403d082aa24f35e1b516d23)
Start importing Assets/Female Soldier Voice - Dr. Elena Shiroff/Radio/enemy down2.ogg using Guid(3af455e565d7e344caf69cec4f611712) Importer(2089858483,0ecaa5967403d082aa24f35e1b516d23) [PhysX] Initialized MultithreadedTaskDispatcher with 8 workers.
 -> (artifact id: 'b9d55b80e03d7256ebb2b8bcf3850191') in 0.010674 seconds
Number of updated asset objects reloaded before import = 0
Number of asset objects unloaded after import = 1
========================================================================
Received Import Request.
  Time since last request: 0.000057 seconds.
  path: Assets/Female Soldier Voice - Dr. Elena Shiroff/Radio/even i can't fix that1.ogg
  artifactKey: Guid(70c6e85183bd8fd4f887dd86806c5ee5) Importer(2089858483,0ecaa5967403d082aa24f35e1b516d23)
Start importing Assets/Female Soldier Voice - Dr. Elena Shiroff/Radio/even i can't fix that1.ogg using Guid(70c6e85183bd8fd4f887dd86806c5ee5) Importer(2089858483,0ecaa5967403d082aa24f35e1b516d23) [PhysX] Initialized MultithreadedTaskDispatcher with 8 workers.
 -> (artifact id: 'd1980d78a7457a4022abcd2c94dc5825') in 0.011681 seconds
Number of updated asset objects reloaded before import = 0
Number of asset objects unloaded after import = 1
========================================================================
Received Import Request.
  Time since last request: 0.000141 seconds.
  path: Assets/Female Soldier Voice - Dr. Elena Shiroff/Normal/pain a3.ogg
  artifactKey: Guid(906c342be030656489a2062ec5df086d) Importer(2089858483,0ecaa5967403d082aa24f35e1b516d23)
Start importing Assets/Female Soldier Voice - Dr. Elena Shiroff/Normal/pain a3.ogg using Guid(906c342be030656489a2062ec5df086d) Importer(2089858483,0ecaa5967403d082aa24f35e1b516d23) [PhysX] Initialized MultithreadedTaskDispatcher with 8 workers.
 -> (artifact id: '70a39e84c8d1ef1214c22e0d1d835eaf') in 0.010520 seconds
Number of updated asset objects reloaded before import = 0
Number of asset objects unloaded after import = 1
========================================================================
Received Import Request.
  Time since last request: 0.000048 seconds.
  path: Assets/Female Soldier Voice - Dr. Elena Shiroff/Radio/even i can't fix that2.ogg
  artifactKey: Guid(e4d0797823716b74e99ce2f5f5c78010) Importer(2089858483,0ecaa5967403d082aa24f35e1b516d23)
Start importing Assets/Female Soldier Voice - Dr. Elena Shiroff/Radio/even i can't fix that2.ogg using Guid(e4d0797823716b74e99ce2f5f5c78010) Importer(2089858483,0ecaa5967403d082aa24f35e1b516d23) [PhysX] Initialized MultithreadedTaskDispatcher with 8 workers.
 -> (artifact id: '6676ff15ed9f87db794100c55e3e18ad') in 0.012439 seconds
Number of updated asset objects reloaded before import = 0
Number of asset objects unloaded after import = 1
========================================================================
Received Import Request.
  Time since last request: 0.000103 seconds.
  path: Assets/Female Soldier Voice - Dr. Elena Shiroff/Normal/requesting immediate support2.ogg
  artifactKey: Guid(43782776faa2a864b949cf7fe3549b7d) Importer(2089858483,0ecaa5967403d082aa24f35e1b516d23)
Start importing Assets/Female Soldier Voice - Dr. Elena Shiroff/Normal/requesting immediate support2.ogg using Guid(43782776faa2a864b949cf7fe3549b7d) Importer(2089858483,0ecaa5967403d082aa24f35e1b516d23) [PhysX] Initialized MultithreadedTaskDispatcher with 8 workers.
 -> (artifact id: '36b6691cf2dec60e1bf3ed7137908dc6') in 0.011127 seconds
Number of updated asset objects reloaded before import = 0
Number of asset objects unloaded after import = 1
========================================================================
Received Import Request.
  Time since last request: 0.000113 seconds.
  path: Assets/Female Soldier Voice - Dr. Elena Shiroff/Normal/retreat1.ogg
  artifactKey: Guid(7727534a433999b49ad93ac76b1b4a1a) Importer(2089858483,0ecaa5967403d082aa24f35e1b516d23)
Start importing Assets/Female Soldier Voice - Dr. Elena Shiroff/Normal/retreat1.ogg using Guid(7727534a433999b49ad93ac76b1b4a1a) Importer(2089858483,0ecaa5967403d082aa24f35e1b516d23) [PhysX] Initialized MultithreadedTaskDispatcher with 8 workers.
 -> (artifact id: 'd7454f468dacd0c283d61396403ba0c9') in 0.010355 seconds
Number of updated asset objects reloaded before import = 0
Number of asset objects unloaded after import = 1
========================================================================
Received Import Request.
  Time since last request: 0.000077 seconds.
  path: Assets/Female Soldier Voice - Dr. Elena Shiroff/Radio/attack formation1.ogg
  artifactKey: Guid(5a63c69e79f17254f8a3dd7dea90809c) Importer(2089858483,0ecaa5967403d082aa24f35e1b516d23)
Start importing Assets/Female Soldier Voice - Dr. Elena Shiroff/Radio/attack formation1.ogg using Guid(5a63c69e79f17254f8a3dd7dea90809c) Importer(2089858483,0ecaa5967403d082aa24f35e1b516d23) [PhysX] Initialized MultithreadedTaskDispatcher with 8 workers.
 -> (artifact id: '953b312715a2971830c8a3d3e0c438c2') in 0.010654 seconds
Number of updated asset objects reloaded before import = 0
Number of asset objects unloaded after import = 1
========================================================================
Received Import Request.
  Time since last request: 0.000140 seconds.
  path: Assets/Female Soldier Voice - Dr. Elena Shiroff/Radio/get down3.ogg
  artifactKey: Guid(23d20eca19be99844b98e0c5bcc368a8) Importer(2089858483,0ecaa5967403d082aa24f35e1b516d23)
Start importing Assets/Female Soldier Voice - Dr. Elena Shiroff/Radio/get down3.ogg using Guid(23d20eca19be99844b98e0c5bcc368a8) Importer(2089858483,0ecaa5967403d082aa24f35e1b516d23) [PhysX] Initialized MultithreadedTaskDispatcher with 8 workers.
 -> (artifact id: 'd97903ae536a21f830e604cc09c72e42') in 0.010552 seconds
Number of updated asset objects reloaded before import = 0
Number of asset objects unloaded after import = 1
========================================================================
Received Import Request.
  Time since last request: 0.000050 seconds.
  path: Assets/Female Soldier Voice - Dr. Elena Shiroff/Radio/fall back2.ogg
  artifactKey: Guid(b22b9de6eaf6d6847b6f05db3690817e) Importer(2089858483,0ecaa5967403d082aa24f35e1b516d23)
Start importing Assets/Female Soldier Voice - Dr. Elena Shiroff/Radio/fall back2.ogg using Guid(b22b9de6eaf6d6847b6f05db3690817e) Importer(2089858483,0ecaa5967403d082aa24f35e1b516d23) [PhysX] Initialized MultithreadedTaskDispatcher with 8 workers.
 -> (artifact id: 'b3a9ea37bf3b847523354ea7bbc83066') in 0.010475 seconds
Number of updated asset objects reloaded before import = 0
Number of asset objects unloaded after import = 1
========================================================================
Received Import Request.
  Time since last request: 0.000165 seconds.
  path: Assets/Female Soldier Voice - Dr. Elena Shiroff/Radio/covering fire1.ogg
  artifactKey: Guid(2afa1d52e61bdd44295f8af0161296a0) Importer(2089858483,0ecaa5967403d082aa24f35e1b516d23)
Start importing Assets/Female Soldier Voice - Dr. Elena Shiroff/Radio/covering fire1.ogg using Guid(2afa1d52e61bdd44295f8af0161296a0) Importer(2089858483,0ecaa5967403d082aa24f35e1b516d23) [PhysX] Initialized MultithreadedTaskDispatcher with 8 workers.
 -> (artifact id: 'f657446d618d91b1c41a43f397e3c95b') in 0.012413 seconds
Number of updated asset objects reloaded before import = 0
Number of asset objects unloaded after import = 1
========================================================================
Received Import Request.
  Time since last request: 0.000081 seconds.
  path: Assets/Female Soldier Voice - Dr. Elena Shiroff/Normal/target eliminated1.ogg
  artifactKey: Guid(98bec6839e90c4f4f882224fa8e6968a) Importer(2089858483,0ecaa5967403d082aa24f35e1b516d23)
Start importing Assets/Female Soldier Voice - Dr. Elena Shiroff/Normal/target eliminated1.ogg using Guid(98bec6839e90c4f4f882224fa8e6968a) Importer(2089858483,0ecaa5967403d082aa24f35e1b516d23) [PhysX] Initialized MultithreadedTaskDispatcher with 8 workers.
 -> (artifact id: '1f6bbab58d534563da1ecca93641f60d') in 0.011831 seconds
Number of updated asset objects reloaded before import = 0
Number of asset objects unloaded after import = 1
========================================================================
Received Import Request.
  Time since last request: 0.000066 seconds.
  path: Assets/Female Soldier Voice - Dr. Elena Shiroff/Radio/affirmative1.ogg
  artifactKey: Guid(cf2db3fe0679bc444837b9325a13b5d9) Importer(2089858483,0ecaa5967403d082aa24f35e1b516d23)
Start importing Assets/Female Soldier Voice - Dr. Elena Shiroff/Radio/affirmative1.ogg using Guid(cf2db3fe0679bc444837b9325a13b5d9) Importer(2089858483,0ecaa5967403d082aa24f35e1b516d23) [PhysX] Initialized MultithreadedTaskDispatcher with 8 workers.
 -> (artifact id: '537efca25b856322dcdb3494e3d1eaa8') in 0.011665 seconds
Number of updated asset objects reloaded before import = 0
Number of asset objects unloaded after import = 1
========================================================================
Received Import Request.
  Time since last request: 0.000124 seconds.
  path: Assets/Female Soldier Voice - Dr. Elena Shiroff/Radio/help2.ogg
  artifactKey: Guid(d929535cb44a12b4f9f5370edc8f581f) Importer(2089858483,0ecaa5967403d082aa24f35e1b516d23)
Start importing Assets/Female Soldier Voice - Dr. Elena Shiroff/Radio/help2.ogg using Guid(d929535cb44a12b4f9f5370edc8f581f) Importer(2089858483,0ecaa5967403d082aa24f35e1b516d23) [PhysX] Initialized MultithreadedTaskDispatcher with 8 workers.
 -> (artifact id: 'f7abc41bca75479b72a1b4626aa74f42') in 0.010741 seconds
Number of updated asset objects reloaded before import = 0
Number of asset objects unloaded after import = 1
========================================================================
Received Import Request.
  Time since last request: 0.000227 seconds.
  path: Assets/Female Soldier Voice - Dr. Elena Shiroff/Normal/under heavy fire2.ogg
  artifactKey: Guid(349b79ace805d7b408a8dd878c5cf789) Importer(2089858483,0ecaa5967403d082aa24f35e1b516d23)
Start importing Assets/Female Soldier Voice - Dr. Elena Shiroff/Normal/under heavy fire2.ogg using Guid(349b79ace805d7b408a8dd878c5cf789) Importer(2089858483,0ecaa5967403d082aa24f35e1b516d23) [PhysX] Initialized MultithreadedTaskDispatcher with 8 workers.
 -> (artifact id: 'f94fea2ddaca005f62dbae9dfda74310') in 0.011513 seconds
Number of updated asset objects reloaded before import = 0
Number of asset objects unloaded after import = 1
========================================================================
Received Import Request.
  Time since last request: 0.000085 seconds.
  path: Assets/Female Soldier Voice - Dr. Elena Shiroff/Radio/acknowledged1.ogg
  artifactKey: Guid(8b6d5932763ec0f4ab4e3c87a395ac6c) Importer(2089858483,0ecaa5967403d082aa24f35e1b516d23)
Start importing Assets/Female Soldier Voice - Dr. Elena Shiroff/Radio/acknowledged1.ogg using Guid(8b6d5932763ec0f4ab4e3c87a395ac6c) Importer(2089858483,0ecaa5967403d082aa24f35e1b516d23) [PhysX] Initialized MultithreadedTaskDispatcher with 8 workers.
 -> (artifact id: 'ba8966e622108260ff5fc9e6002a5e76') in 0.012116 seconds
Number of updated asset objects reloaded before import = 0
Number of asset objects unloaded after import = 1
========================================================================
Received Import Request.
  Time since last request: 0.000036 seconds.
  path: Assets/Female Soldier Voice - Dr. Elena Shiroff/Normal/visual on target1.ogg
  artifactKey: Guid(7de301bbeea75ff4faac75d3cab9a118) Importer(2089858483,0ecaa5967403d082aa24f35e1b516d23)
Start importing Assets/Female Soldier Voice - Dr. Elena Shiroff/Normal/visual on target1.ogg using Guid(7de301bbeea75ff4faac75d3cab9a118) Importer(2089858483,0ecaa5967403d082aa24f35e1b516d23) [PhysX] Initialized MultithreadedTaskDispatcher with 8 workers.
 -> (artifact id: 'f0600db52047c741f4d8162d5a4e08b4') in 0.010528 seconds
Number of updated asset objects reloaded before import = 0
Number of asset objects unloaded after import = 1
========================================================================
Received Import Request.
  Time since last request: 0.000098 seconds.
  path: Assets/Female Soldier Voice - Dr. Elena Shiroff/Normal/watch your head2.ogg
  artifactKey: Guid(c883760ce759715408ef74ac549b2893) Importer(2089858483,0ecaa5967403d082aa24f35e1b516d23)
Start importing Assets/Female Soldier Voice - Dr. Elena Shiroff/Normal/watch your head2.ogg using Guid(c883760ce759715408ef74ac549b2893) Importer(2089858483,0ecaa5967403d082aa24f35e1b516d23) [PhysX] Initialized MultithreadedTaskDispatcher with 8 workers.
 -> (artifact id: '5243556e21e67110e67386b188384ba3') in 0.011383 seconds
Number of updated asset objects reloaded before import = 0
Number of asset objects unloaded after import = 1
========================================================================
Received Import Request.
  Time since last request: 0.000114 seconds.
  path: Assets/Female Soldier Voice - Dr. Elena Shiroff/Radio/get down2.ogg
  artifactKey: Guid(fee67312f1e31a54d94412e479d40f55) Importer(2089858483,0ecaa5967403d082aa24f35e1b516d23)
Start importing Assets/Female Soldier Voice - Dr. Elena Shiroff/Radio/get down2.ogg using Guid(fee67312f1e31a54d94412e479d40f55) Importer(2089858483,0ecaa5967403d082aa24f35e1b516d23) [PhysX] Initialized MultithreadedTaskDispatcher with 8 workers.
 -> (artifact id: '9d9cad665a333d491a1ff38ab0f12816') in 0.011581 seconds
Number of updated asset objects reloaded before import = 0
Number of asset objects unloaded after import = 1
========================================================================
Received Import Request.
  Time since last request: 0.000055 seconds.
  path: Assets/Female Soldier Voice - Dr. Elena Shiroff/Normal/target spotted1.ogg
  artifactKey: Guid(b030745a4b586bd4992dbeca1fdb7feb) Importer(2089858483,0ecaa5967403d082aa24f35e1b516d23)
Start importing Assets/Female Soldier Voice - Dr. Elena Shiroff/Normal/target spotted1.ogg using Guid(b030745a4b586bd4992dbeca1fdb7feb) Importer(2089858483,0ecaa5967403d082aa24f35e1b516d23) [PhysX] Initialized MultithreadedTaskDispatcher with 8 workers.
 -> (artifact id: '2192773606cd754a3292b8d153c785ed') in 0.015116 seconds
Number of updated asset objects reloaded before import = 0
Number of asset objects unloaded after import = 1
========================================================================
Received Import Request.
  Time since last request: 0.000072 seconds.
  path: Assets/Female Soldier Voice - Dr. Elena Shiroff/Radio/abort2.ogg
  artifactKey: Guid(98c03352f3221ea459821b33698976d0) Importer(2089858483,0ecaa5967403d082aa24f35e1b516d23)
Start importing Assets/Female Soldier Voice - Dr. Elena Shiroff/Radio/abort2.ogg using Guid(98c03352f3221ea459821b33698976d0) Importer(2089858483,0ecaa5967403d082aa24f35e1b516d23) [PhysX] Initialized MultithreadedTaskDispatcher with 8 workers.
 -> (artifact id: 'e815f606c37f2dc857964081741c8ee0') in 0.010435 seconds
Number of updated asset objects reloaded before import = 0
Number of asset objects unloaded after import = 1
========================================================================
Received Import Request.
  Time since last request: 0.000121 seconds.
  path: Assets/Female Soldier Voice - Dr. Elena Shiroff/Radio/covering fire2.ogg
  artifactKey: Guid(95739393f34a97b44ae036affc1950cb) Importer(2089858483,0ecaa5967403d082aa24f35e1b516d23)
Start importing Assets/Female Soldier Voice - Dr. Elena Shiroff/Radio/covering fire2.ogg using Guid(95739393f34a97b44ae036affc1950cb) Importer(2089858483,0ecaa5967403d082aa24f35e1b516d23) [PhysX] Initialized MultithreadedTaskDispatcher with 8 workers.
 -> (artifact id: '93902a1b762f21067768cf47d01d4c8b') in 0.010527 seconds
Number of updated asset objects reloaded before import = 0
Number of asset objects unloaded after import = 1
========================================================================
Received Import Request.
  Time since last request: 0.000079 seconds.
  path: Assets/Female Soldier Voice - Dr. Elena Shiroff/Radio/gogogo1.ogg
  artifactKey: Guid(57ab52d50893dc646b717128d9a0d2ae) Importer(2089858483,0ecaa5967403d082aa24f35e1b516d23)
Start importing Assets/Female Soldier Voice - Dr. Elena Shiroff/Radio/gogogo1.ogg using Guid(57ab52d50893dc646b717128d9a0d2ae) Importer(2089858483,0ecaa5967403d082aa24f35e1b516d23) [PhysX] Initialized MultithreadedTaskDispatcher with 8 workers.
 -> (artifact id: 'f8fff841a0d0c6d0258bc2dbcefdcf5c') in 0.010873 seconds
Number of updated asset objects reloaded before import = 0
Number of asset objects unloaded after import = 1
========================================================================
Received Import Request.
  Time since last request: 0.000034 seconds.
  path: Assets/Female Soldier Voice - Dr. Elena Shiroff/Normal/standing by1.ogg
  artifactKey: Guid(3c8c3137c10e5f046bd1e3bdf4f66a7f) Importer(2089858483,0ecaa5967403d082aa24f35e1b516d23)
Start importing Assets/Female Soldier Voice - Dr. Elena Shiroff/Normal/standing by1.ogg using Guid(3c8c3137c10e5f046bd1e3bdf4f66a7f) Importer(2089858483,0ecaa5967403d082aa24f35e1b516d23) [PhysX] Initialized MultithreadedTaskDispatcher with 8 workers.
 -> (artifact id: '90e49eb5c913362e03089931d557ad09') in 0.010424 seconds
Number of updated asset objects reloaded before import = 0
Number of asset objects unloaded after import = 1
========================================================================
Received Import Request.
  Time since last request: 0.000127 seconds.
  path: Assets/Female Soldier Voice - Dr. Elena Shiroff/Radio/good job1.ogg
  artifactKey: Guid(0ddfa438f94ba0e4cacdb3e5a9149cf6) Importer(2089858483,0ecaa5967403d082aa24f35e1b516d23)
Start importing Assets/Female Soldier Voice - Dr. Elena Shiroff/Radio/good job1.ogg using Guid(0ddfa438f94ba0e4cacdb3e5a9149cf6) Importer(2089858483,0ecaa5967403d082aa24f35e1b516d23) [PhysX] Initialized MultithreadedTaskDispatcher with 8 workers.
 -> (artifact id: 'ce26d6048ef45a9289487cdb2747abce') in 0.011012 seconds
Number of updated asset objects reloaded before import = 0
Number of asset objects unloaded after import = 1
========================================================================
Received Import Request.
  Time since last request: 0.000105 seconds.
  path: Assets/Female Soldier Voice - Dr. Elena Shiroff/Radio/gun.anim
  artifactKey: Guid(8235dbcae0bf647e594663b233d173d6) Importer(2089858483,0ecaa5967403d082aa24f35e1b516d23)
Start importing Assets/Female Soldier Voice - Dr. Elena Shiroff/Radio/gun.anim using Guid(8235dbcae0bf647e594663b233d173d6) Importer(2089858483,0ecaa5967403d082aa24f35e1b516d23) [PhysX] Initialized MultithreadedTaskDispatcher with 8 workers.
 -> (artifact id: '72221fe853badc11c813abc05f34cdf0') in 0.002487 seconds
Number of updated asset objects reloaded before import = 0
Number of asset objects unloaded after import = 1
========================================================================
Received Import Request.
  Time since last request: 0.000070 seconds.
  path: Assets/Female Soldier Voice - Dr. Elena Shiroff/Normal/show me the money1.ogg
  artifactKey: Guid(9ed847f6f2420bd4ba07836a945e3bec) Importer(2089858483,0ecaa5967403d082aa24f35e1b516d23)
Start importing Assets/Female Soldier Voice - Dr. Elena Shiroff/Normal/show me the money1.ogg using Guid(9ed847f6f2420bd4ba07836a945e3bec) Importer(2089858483,0ecaa5967403d082aa24f35e1b516d23) [PhysX] Initialized MultithreadedTaskDispatcher with 8 workers.
 -> (artifact id: 'aaa94db50b7245aa2e975be6359f8835') in 0.010251 seconds
Number of updated asset objects reloaded before import = 0
Number of asset objects unloaded after import = 1
========================================================================
Received Import Request.
  Time since last request: 0.000112 seconds.
  path: Assets/Female Soldier Voice - Dr. Elena Shiroff/Normal/status critical1.ogg
  artifactKey: Guid(74dfa1c0208082b40a3b922ddeffae74) Importer(2089858483,0ecaa5967403d082aa24f35e1b516d23)
Start importing Assets/Female Soldier Voice - Dr. Elena Shiroff/Normal/status critical1.ogg using Guid(74dfa1c0208082b40a3b922ddeffae74) Importer(2089858483,0ecaa5967403d082aa24f35e1b516d23) [PhysX] Initialized MultithreadedTaskDispatcher with 8 workers.
 -> (artifact id: '3bf294b80a2bbea5e7fe74f00da163fe') in 0.011026 seconds
Number of updated asset objects reloaded before import = 0
Number of asset objects unloaded after import = 1
========================================================================
Received Import Request.
  Time since last request: 0.000056 seconds.
  path: Assets/Female Soldier Voice - Dr. Elena Shiroff/Normal/order received1.ogg
  artifactKey: Guid(18d1e52f8315f3c4c8c89f010c775106) Importer(2089858483,0ecaa5967403d082aa24f35e1b516d23)
Start importing Assets/Female Soldier Voice - Dr. Elena Shiroff/Normal/order received1.ogg using Guid(18d1e52f8315f3c4c8c89f010c775106) Importer(2089858483,0ecaa5967403d082aa24f35e1b516d23) [PhysX] Initialized MultithreadedTaskDispatcher with 8 workers.
 -> (artifact id: '124dcd2d3fa5dfc981a5e6496f894c1f') in 0.010487 seconds
Number of updated asset objects reloaded before import = 0
Number of asset objects unloaded after import = 1
========================================================================
Received Import Request.
  Time since last request: 0.000065 seconds.
  path: Assets/Female Soldier Voice - Dr. Elena Shiroff/Radio/gogogo2.ogg
  artifactKey: Guid(c841a3c376c541d49b549bc7579847a7) Importer(2089858483,0ecaa5967403d082aa24f35e1b516d23)
Start importing Assets/Female Soldier Voice - Dr. Elena Shiroff/Radio/gogogo2.ogg using Guid(c841a3c376c541d49b549bc7579847a7) Importer(2089858483,0ecaa5967403d082aa24f35e1b516d23) [PhysX] Initialized MultithreadedTaskDispatcher with 8 workers.
 -> (artifact id: 'da294e7d0eda70ec82b9cb19c2a48828') in 0.010631 seconds
Number of updated asset objects reloaded before import = 0
Number of asset objects unloaded after import = 1
========================================================================
Received Import Request.
  Time since last request: 0.000150 seconds.
  path: Assets/Female Soldier Voice - Dr. Elena Shiroff/Radio/easy2.ogg
  artifactKey: Guid(4ea253aad0a09ba4599b8d4cf33af26f) Importer(2089858483,0ecaa5967403d082aa24f35e1b516d23)
Start importing Assets/Female Soldier Voice - Dr. Elena Shiroff/Radio/easy2.ogg using Guid(4ea253aad0a09ba4599b8d4cf33af26f) Importer(2089858483,0ecaa5967403d082aa24f35e1b516d23) [PhysX] Initialized MultithreadedTaskDispatcher with 8 workers.
 -> (artifact id: '03047e6ebf52fc3e1911efd5eeadf9df') in 0.010349 seconds
Number of updated asset objects reloaded before import = 0
Number of asset objects unloaded after import = 1
========================================================================
Received Import Request.
  Time since last request: 0.000179 seconds.
  path: Assets/Female Soldier Voice - Dr. Elena Shiroff/Normal/yes m'am1.ogg
  artifactKey: Guid(b99a233df361ab44094d915e1487bd55) Importer(2089858483,0ecaa5967403d082aa24f35e1b516d23)
Start importing Assets/Female Soldier Voice - Dr. Elena Shiroff/Normal/yes m'am1.ogg using Guid(b99a233df361ab44094d915e1487bd55) Importer(2089858483,0ecaa5967403d082aa24f35e1b516d23) [PhysX] Initialized MultithreadedTaskDispatcher with 8 workers.
 -> (artifact id: 'd201c99e924a916b04c427f66ce251ee') in 0.010795 seconds
Number of updated asset objects reloaded before import = 0
Number of asset objects unloaded after import = 1
========================================================================
Received Import Request.
  Time since last request: 0.000158 seconds.
  path: Assets/Female Soldier Voice - Dr. Elena Shiroff/Normal/yes sir1.ogg
  artifactKey: Guid(d3366cf88707edd4e9a032e85e75fbb7) Importer(2089858483,0ecaa5967403d082aa24f35e1b516d23)
Start importing Assets/Female Soldier Voice - Dr. Elena Shiroff/Normal/yes sir1.ogg using Guid(d3366cf88707edd4e9a032e85e75fbb7) Importer(2089858483,0ecaa5967403d082aa24f35e1b516d23) [PhysX] Initialized MultithreadedTaskDispatcher with 8 workers.
 -> (artifact id: '78dbee7899bd751b8517469b00dc2d12') in 0.011354 seconds
Number of updated asset objects reloaded before import = 0
Number of asset objects unloaded after import = 1
========================================================================
Received Import Request.
  Time since last request: 0.000057 seconds.
  path: Assets/Female Soldier Voice - Dr. Elena Shiroff/Normal/roger2.ogg
  artifactKey: Guid(5999bfcf1b64b53489ac39a78f158e17) Importer(2089858483,0ecaa5967403d082aa24f35e1b516d23)
Start importing Assets/Female Soldier Voice - Dr. Elena Shiroff/Normal/roger2.ogg using Guid(5999bfcf1b64b53489ac39a78f158e17) Importer(2089858483,0ecaa5967403d082aa24f35e1b516d23) [PhysX] Initialized MultithreadedTaskDispatcher with 8 workers.
 -> (artifact id: '7f8062bb216317b2bd17d13b949159b1') in 0.010718 seconds
Number of updated asset objects reloaded before import = 0
Number of asset objects unloaded after import = 1
========================================================================
Received Import Request.
  Time since last request: 0.000149 seconds.
  path: Assets/Female Soldier Voice - Dr. Elena Shiroff/Normal/retreat2.ogg
  artifactKey: Guid(9b7263936c1526c4b8a08a8f45b7533c) Importer(2089858483,0ecaa5967403d082aa24f35e1b516d23)
Start importing Assets/Female Soldier Voice - Dr. Elena Shiroff/Normal/retreat2.ogg using Guid(9b7263936c1526c4b8a08a8f45b7533c) Importer(2089858483,0ecaa5967403d082aa24f35e1b516d23) [PhysX] Initialized MultithreadedTaskDispatcher with 8 workers.
 -> (artifact id: 'db6235a9ced6699fb4b61440c998c704') in 0.012361 seconds
Number of updated asset objects reloaded before import = 0
Number of asset objects unloaded after import = 1
========================================================================
Received Import Request.
  Time since last request: 0.000058 seconds.
  path: Assets/Female Soldier Voice - Dr. Elena Shiroff/Radio/easy1.ogg
  artifactKey: Guid(0e8c270c5a882ac4799513981684beeb) Importer(2089858483,0ecaa5967403d082aa24f35e1b516d23)
Start importing Assets/Female Soldier Voice - Dr. Elena Shiroff/Radio/easy1.ogg using Guid(0e8c270c5a882ac4799513981684beeb) Importer(2089858483,0ecaa5967403d082aa24f35e1b516d23) [PhysX] Initialized MultithreadedTaskDispatcher with 8 workers.
 -> (artifact id: '09fce9454322657be9b0fbb3e02d3b82') in 0.010426 seconds
Number of updated asset objects reloaded before import = 0
Number of asset objects unloaded after import = 1
========================================================================
Received Import Request.
  Time since last request: 0.000153 seconds.
  path: Assets/Female Soldier Voice - Dr. Elena Shiroff/Normal/pain b1.ogg
  artifactKey: Guid(321a4db06d7b7534b912f92e6796b2b3) Importer(2089858483,0ecaa5967403d082aa24f35e1b516d23)
Start importing Assets/Female Soldier Voice - Dr. Elena Shiroff/Normal/pain b1.ogg using Guid(321a4db06d7b7534b912f92e6796b2b3) Importer(2089858483,0ecaa5967403d082aa24f35e1b516d23) [PhysX] Initialized MultithreadedTaskDispatcher with 8 workers.
 -> (artifact id: '2a68003903ac0464f835c3f0b96438b9') in 0.010193 seconds
Number of updated asset objects reloaded before import = 0
Number of asset objects unloaded after import = 1
========================================================================
Received Import Request.
  Time since last request: 0.000174 seconds.
  path: Assets/Female Soldier Voice - Dr. Elena Shiroff/Normal/perfect1.ogg
  artifactKey: Guid(88db9012066ba044d8a3a2ba093be86e) Importer(2089858483,0ecaa5967403d082aa24f35e1b516d23)
Start importing Assets/Female Soldier Voice - Dr. Elena Shiroff/Normal/perfect1.ogg using Guid(88db9012066ba044d8a3a2ba093be86e) Importer(2089858483,0ecaa5967403d082aa24f35e1b516d23) [PhysX] Initialized MultithreadedTaskDispatcher with 8 workers.
 -> (artifact id: '48a536697f67ff6467dba72b4b8aa752') in 0.010777 seconds
Number of updated asset objects reloaded before import = 0
Number of asset objects unloaded after import = 1
========================================================================
Received Import Request.
  Time since last request: 0.000191 seconds.
  path: Assets/Female Soldier Voice - Dr. Elena Shiroff/Normal/watch out1.ogg
  artifactKey: Guid(3325f5b482c5662418a6271e422e3c74) Importer(2089858483,0ecaa5967403d082aa24f35e1b516d23)
Start importing Assets/Female Soldier Voice - Dr. Elena Shiroff/Normal/watch out1.ogg using Guid(3325f5b482c5662418a6271e422e3c74) Importer(2089858483,0ecaa5967403d082aa24f35e1b516d23) [PhysX] Initialized MultithreadedTaskDispatcher with 8 workers.
 -> (artifact id: '2f9554904edabe40b019cf318277f29a') in 0.010826 seconds
Number of updated asset objects reloaded before import = 0
Number of asset objects unloaded after import = 1
========================================================================
Received Import Request.
  Time since last request: 0.000063 seconds.
  path: Assets/Female Soldier Voice - Dr. Elena Shiroff/Radio/advancing2.ogg
  artifactKey: Guid(ca3f6004e9321d94082f6f43ca4d1b80) Importer(2089858483,0ecaa5967403d082aa24f35e1b516d23)
Start importing Assets/Female Soldier Voice - Dr. Elena Shiroff/Radio/advancing2.ogg using Guid(ca3f6004e9321d94082f6f43ca4d1b80) Importer(2089858483,0ecaa5967403d082aa24f35e1b516d23) [PhysX] Initialized MultithreadedTaskDispatcher with 8 workers.
 -> (artifact id: '2af45000c9e0686958e85bb71ce13e0f') in 0.011634 seconds
Number of updated asset objects reloaded before import = 0
Number of asset objects unloaded after import = 1
========================================================================
Received Import Request.
  Time since last request: 0.000234 seconds.
  path: Assets/Female Soldier Voice - Dr. Elena Shiroff/Normal/target destroyed1.ogg
  artifactKey: Guid(7cc227a1a67aa0f49bb5b4bb7053a309) Importer(2089858483,0ecaa5967403d082aa24f35e1b516d23)
Start importing Assets/Female Soldier Voice - Dr. Elena Shiroff/Normal/target destroyed1.ogg using Guid(7cc227a1a67aa0f49bb5b4bb7053a309) Importer(2089858483,0ecaa5967403d082aa24f35e1b516d23) [PhysX] Initialized MultithreadedTaskDispatcher with 8 workers.
 -> (artifact id: 'f7d8e92fe192dd8969e07bbf0cd11aa2') in 0.011110 seconds
Number of updated asset objects reloaded before import = 0
Number of asset objects unloaded after import = 1
========================================================================
Received Import Request.
  Time since last request: 0.000159 seconds.
  path: Assets/Female Soldier Voice - Dr. Elena Shiroff/Radio/can do1.ogg
  artifactKey: Guid(4ce5fcb9b84209a479c12d2ebfd3652b) Importer(2089858483,0ecaa5967403d082aa24f35e1b516d23)
Start importing Assets/Female Soldier Voice - Dr. Elena Shiroff/Radio/can do1.ogg using Guid(4ce5fcb9b84209a479c12d2ebfd3652b) Importer(2089858483,0ecaa5967403d082aa24f35e1b516d23) [PhysX] Initialized MultithreadedTaskDispatcher with 8 workers.
 -> (artifact id: '02090d7fb499fa09e2d6610c50fc8339') in 0.010574 seconds
Number of updated asset objects reloaded before import = 0
Number of asset objects unloaded after import = 1
========================================================================
Received Import Request.
  Time since last request: 0.000110 seconds.
  path: Assets/Female Soldier Voice - Dr. Elena Shiroff/Normal/pain c2.ogg
  artifactKey: Guid(c8678acd331bd334a93c25c717c929c7) Importer(2089858483,0ecaa5967403d082aa24f35e1b516d23)
Start importing Assets/Female Soldier Voice - Dr. Elena Shiroff/Normal/pain c2.ogg using Guid(c8678acd331bd334a93c25c717c929c7) Importer(2089858483,0ecaa5967403d082aa24f35e1b516d23) [PhysX] Initialized MultithreadedTaskDispatcher with 8 workers.
 -> (artifact id: '10c1360f2e396f8b03699cb9f8766982') in 0.011239 seconds
Number of updated asset objects reloaded before import = 0
Number of asset objects unloaded after import = 1
========================================================================
Received Import Request.
  Time since last request: 0.000164 seconds.
  path: Assets/Female Soldier Voice - Dr. Elena Shiroff/Radio/enemy engaged3.ogg
  artifactKey: Guid(987517fba7d51bc40a34b1674dd1082e) Importer(2089858483,0ecaa5967403d082aa24f35e1b516d23)
Start importing Assets/Female Soldier Voice - Dr. Elena Shiroff/Radio/enemy engaged3.ogg using Guid(987517fba7d51bc40a34b1674dd1082e) Importer(2089858483,0ecaa5967403d082aa24f35e1b516d23) [PhysX] Initialized MultithreadedTaskDispatcher with 8 workers.
 -> (artifact id: 'f43495ad5e1896688c06ed4aef13b88a') in 0.011714 seconds
Number of updated asset objects reloaded before import = 0
Number of asset objects unloaded after import = 1
========================================================================
Received Import Request.
  Time since last request: 0.000265 seconds.
  path: Assets/Female Soldier Voice - Dr. Elena Shiroff/Normal/out of range1.ogg
  artifactKey: Guid(aebcf65da8c7f3e42ac37f05a0f0a704) Importer(2089858483,0ecaa5967403d082aa24f35e1b516d23)
Start importing Assets/Female Soldier Voice - Dr. Elena Shiroff/Normal/out of range1.ogg using Guid(aebcf65da8c7f3e42ac37f05a0f0a704) Importer(2089858483,0ecaa5967403d082aa24f35e1b516d23) [PhysX] Initialized MultithreadedTaskDispatcher with 8 workers.
 -> (artifact id: '9f445f9044acadcb4e6ae8af21a19dfa') in 0.011254 seconds
Number of updated asset objects reloaded before import = 0
Number of asset objects unloaded after import = 1
========================================================================
Received Import Request.
  Time since last request: 0.000102 seconds.
  path: Assets/Female Soldier Voice - Dr. Elena Shiroff/Normal/roger that1.ogg
  artifactKey: Guid(d8a5ca7bc911f0e4f98f235da5ca175a) Importer(2089858483,0ecaa5967403d082aa24f35e1b516d23)
Start importing Assets/Female Soldier Voice - Dr. Elena Shiroff/Normal/roger that1.ogg using Guid(d8a5ca7bc911f0e4f98f235da5ca175a) Importer(2089858483,0ecaa5967403d082aa24f35e1b516d23) [PhysX] Initialized MultithreadedTaskDispatcher with 8 workers.
 -> (artifact id: 'd8ab4fc8304b8c95e69f54cef07f1c6d') in 0.011026 seconds
Number of updated asset objects reloaded before import = 0
Number of asset objects unloaded after import = 1
========================================================================
Received Import Request.
  Time since last request: 0.000083 seconds.
  path: Assets/Female Soldier Voice - Dr. Elena Shiroff/Radio/gogogo3.ogg
  artifactKey: Guid(615a2ec9ab4a1f2459dff7708cf1bebb) Importer(2089858483,0ecaa5967403d082aa24f35e1b516d23)
Start importing Assets/Female Soldier Voice - Dr. Elena Shiroff/Radio/gogogo3.ogg using Guid(615a2ec9ab4a1f2459dff7708cf1bebb) Importer(2089858483,0ecaa5967403d082aa24f35e1b516d23) [PhysX] Initialized MultithreadedTaskDispatcher with 8 workers.
 -> (artifact id: 'f8bab8d458a1ca912f3a629bcbd23881') in 0.011023 seconds
Number of updated asset objects reloaded before import = 0
Number of asset objects unloaded after import = 1
========================================================================
Received Import Request.
  Time since last request: 0.000128 seconds.
  path: Assets/Female Soldier Voice - Dr. Elena Shiroff/Radio/danger2.ogg
  artifactKey: Guid(2071e66e224d399499606a2a78a9a982) Importer(2089858483,0ecaa5967403d082aa24f35e1b516d23)
Start importing Assets/Female Soldier Voice - Dr. Elena Shiroff/Radio/danger2.ogg using Guid(2071e66e224d399499606a2a78a9a982) Importer(2089858483,0ecaa5967403d082aa24f35e1b516d23) [PhysX] Initialized MultithreadedTaskDispatcher with 8 workers.
 -> (artifact id: '96cef4bf3c2540a274c7dd80ed64534b') in 0.010218 seconds
Number of updated asset objects reloaded before import = 0
Number of asset objects unloaded after import = 1
========================================================================
Received Import Request.
  Time since last request: 0.000242 seconds.
  path: Assets/Female Soldier Voice - Dr. Elena Shiroff/Radio/get down1.ogg
  artifactKey: Guid(5cfb2d5f451a92c43bbaa227c0a29e78) Importer(2089858483,0ecaa5967403d082aa24f35e1b516d23)
Start importing Assets/Female Soldier Voice - Dr. Elena Shiroff/Radio/get down1.ogg using Guid(5cfb2d5f451a92c43bbaa227c0a29e78) Importer(2089858483,0ecaa5967403d082aa24f35e1b516d23) [PhysX] Initialized MultithreadedTaskDispatcher with 8 workers.
 -> (artifact id: '7a5bbe2b973b441978f1548eb4da548f') in 0.010085 seconds
Number of updated asset objects reloaded before import = 0
Number of asset objects unloaded after import = 1
========================================================================
Received Import Request.
  Time since last request: 0.000088 seconds.
  path: Assets/Female Soldier Voice - Dr. Elena Shiroff/Normal/weapons free2.ogg
  artifactKey: Guid(ede8172d325b97745860466f94e5617c) Importer(2089858483,0ecaa5967403d082aa24f35e1b516d23)
Start importing Assets/Female Soldier Voice - Dr. Elena Shiroff/Normal/weapons free2.ogg using Guid(ede8172d325b97745860466f94e5617c) Importer(2089858483,0ecaa5967403d082aa24f35e1b516d23) [PhysX] Initialized MultithreadedTaskDispatcher with 8 workers.
 -> (artifact id: 'a77b9f743c73e87cba68567dee18cddc') in 0.011618 seconds
Number of updated asset objects reloaded before import = 0
Number of asset objects unloaded after import = 1
========================================================================
Received Import Request.
  Time since last request: 0.000073 seconds.
  path: Assets/Female Soldier Voice - Dr. Elena Shiroff/Radio/clear1.ogg
  artifactKey: Guid(ff902b0faaad75b40bfc85ad71123dc2) Importer(2089858483,0ecaa5967403d082aa24f35e1b516d23)
Start importing Assets/Female Soldier Voice - Dr. Elena Shiroff/Radio/clear1.ogg using Guid(ff902b0faaad75b40bfc85ad71123dc2) Importer(2089858483,0ecaa5967403d082aa24f35e1b516d23) [PhysX] Initialized MultithreadedTaskDispatcher with 8 workers.
 -> (artifact id: '375cba12e87028e585b6996d4957cb0c') in 0.010144 seconds
Number of updated asset objects reloaded before import = 0
Number of asset objects unloaded after import = 1
========================================================================
Received Import Request.
  Time since last request: 0.000137 seconds.
  path: Assets/Female Soldier Voice - Dr. Elena Shiroff/Radio/fire in the hole2.ogg
  artifactKey: Guid(f1db1546ad45d7444b5ea400cc680548) Importer(2089858483,0ecaa5967403d082aa24f35e1b516d23)
Start importing Assets/Female Soldier Voice - Dr. Elena Shiroff/Radio/fire in the hole2.ogg using Guid(f1db1546ad45d7444b5ea400cc680548) Importer(2089858483,0ecaa5967403d082aa24f35e1b516d23) [PhysX] Initialized MultithreadedTaskDispatcher with 8 workers.
 -> (artifact id: '954e834a1ff2f8915fa57dff2d0edd87') in 0.010477 seconds
Number of updated asset objects reloaded before import = 0
Number of asset objects unloaded after import = 1
========================================================================
Received Import Request.
  Time since last request: 0.000172 seconds.
  path: Assets/Female Soldier Voice - Dr. Elena Shiroff/Normal/roger that2.ogg
  artifactKey: Guid(c2767ff123e8556429068dcc27a47ae0) Importer(2089858483,0ecaa5967403d082aa24f35e1b516d23)
Start importing Assets/Female Soldier Voice - Dr. Elena Shiroff/Normal/roger that2.ogg using Guid(c2767ff123e8556429068dcc27a47ae0) Importer(2089858483,0ecaa5967403d082aa24f35e1b516d23) [PhysX] Initialized MultithreadedTaskDispatcher with 8 workers.
 -> (artifact id: 'ce54a84c7ec818aea71147e40dde816d') in 0.011622 seconds
Number of updated asset objects reloaded before import = 0
Number of asset objects unloaded after import = 1
========================================================================
Received Import Request.
  Time since last request: 0.000147 seconds.
  path: Assets/Female Soldier Voice - Dr. Elena Shiroff/Radio/abort1.ogg
  artifactKey: Guid(d76950a347e9b774b8a463176dc98cb9) Importer(2089858483,0ecaa5967403d082aa24f35e1b516d23)
Start importing Assets/Female Soldier Voice - Dr. Elena Shiroff/Radio/abort1.ogg using Guid(d76950a347e9b774b8a463176dc98cb9) Importer(2089858483,0ecaa5967403d082aa24f35e1b516d23) [PhysX] Initialized MultithreadedTaskDispatcher with 8 workers.
 -> (artifact id: 'f6ea5cd1dc645408c0af74a9477361d9') in 0.010860 seconds
Number of updated asset objects reloaded before import = 0
Number of asset objects unloaded after import = 1
========================================================================
Received Import Request.
  Time since last request: 0.138719 seconds.
  path: Assets/Female Soldier Voice - Dr. Elena Shiroff/Radio/hold them off1.ogg
  artifactKey: Guid(29f5d301c41a3b44ea2f65344b97162d) Importer(2089858483,0ecaa5967403d082aa24f35e1b516d23)
Start importing Assets/Female Soldier Voice - Dr. Elena Shiroff/Radio/hold them off1.ogg using Guid(29f5d301c41a3b44ea2f65344b97162d) Importer(2089858483,0ecaa5967403d082aa24f35e1b516d23) [PhysX] Initialized MultithreadedTaskDispatcher with 8 workers.
 -> (artifact id: '8c16c65cc7e6e3d38cebfb5f4b8b00fa') in 0.013484 seconds
Number of updated asset objects reloaded before import = 0
Number of asset objects unloaded after import = 1
========================================================================
Received Import Request.
  Time since last request: 0.000097 seconds.
  path: Assets/Female Soldier Voice - Dr. Elena Shiroff/Radio/i got your medicine right here2.ogg
  artifactKey: Guid(e2e318c696d3a034898eaa489215c718) Importer(2089858483,0ecaa5967403d082aa24f35e1b516d23)
Start importing Assets/Female Soldier Voice - Dr. Elena Shiroff/Radio/i got your medicine right here2.ogg using Guid(e2e318c696d3a034898eaa489215c718) Importer(2089858483,0ecaa5967403d082aa24f35e1b516d23) [PhysX] Initialized MultithreadedTaskDispatcher with 8 workers.
 -> (artifact id: 'b3ce1505ae57dc3fa6e01a83effcaa81') in 0.012151 seconds
Number of updated asset objects reloaded before import = 0
Number of asset objects unloaded after import = 1
========================================================================
Received Import Request.
  Time since last request: 0.000054 seconds.
  path: Assets/Female Soldier Voice - Dr. Elena Shiroff/Radio/immediately1.ogg
  artifactKey: Guid(f14cb7680253412458e54ee54b6077f3) Importer(2089858483,0ecaa5967403d082aa24f35e1b516d23)
Start importing Assets/Female Soldier Voice - Dr. Elena Shiroff/Radio/immediately1.ogg using Guid(f14cb7680253412458e54ee54b6077f3) Importer(2089858483,0ecaa5967403d082aa24f35e1b516d23) [PhysX] Initialized MultithreadedTaskDispatcher with 8 workers.
 -> (artifact id: '866f4dd221ad570114db16bd8fa9f091') in 0.010308 seconds
Number of updated asset objects reloaded before import = 0
Number of asset objects unloaded after import = 1
========================================================================
Received Import Request.
  Time since last request: 0.000210 seconds.
  path: Assets/Female Soldier Voice - Dr. Elena Shiroff/Radio/medic1.ogg
  artifactKey: Guid(7f6382814eb1c0744b14d6d0aecdc2b7) Importer(2089858483,0ecaa5967403d082aa24f35e1b516d23)
Start importing Assets/Female Soldier Voice - Dr. Elena Shiroff/Radio/medic1.ogg using Guid(7f6382814eb1c0744b14d6d0aecdc2b7) Importer(2089858483,0ecaa5967403d082aa24f35e1b516d23) [PhysX] Initialized MultithreadedTaskDispatcher with 8 workers.
 -> (artifact id: '5ef50e567c93451ce5f058f09a256403') in 0.010063 seconds
Number of updated asset objects reloaded before import = 0
Number of asset objects unloaded after import = 1
========================================================================
Received Import Request.
  Time since last request: 0.000082 seconds.
  path: Assets/Female Soldier Voice - Dr. Elena Shiroff/Radio/i need a medic out here1.ogg
  artifactKey: Guid(e93b9ebb824f9b44788b916cd5ddcfd2) Importer(2089858483,0ecaa5967403d082aa24f35e1b516d23)
Start importing Assets/Female Soldier Voice - Dr. Elena Shiroff/Radio/i need a medic out here1.ogg using Guid(e93b9ebb824f9b44788b916cd5ddcfd2) Importer(2089858483,0ecaa5967403d082aa24f35e1b516d23) [PhysX] Initialized MultithreadedTaskDispatcher with 8 workers.
 -> (artifact id: '81081365c55a20a1b0696536630ebc20') in 0.011434 seconds
Number of updated asset objects reloaded before import = 0
Number of asset objects unloaded after import = 1
========================================================================
Received Import Request.
  Time since last request: 0.000169 seconds.
  path: Assets/Female Soldier Voice - Dr. Elena Shiroff/Radio/i'm trying to help stop screaming2.ogg
  artifactKey: Guid(c0c1c00d404bf294bbf10584f713ad07) Importer(2089858483,0ecaa5967403d082aa24f35e1b516d23)
Start importing Assets/Female Soldier Voice - Dr. Elena Shiroff/Radio/i'm trying to help stop screaming2.ogg using Guid(c0c1c00d404bf294bbf10584f713ad07) Importer(2089858483,0ecaa5967403d082aa24f35e1b516d23) [PhysX] Initialized MultithreadedTaskDispatcher with 8 workers.
 -> (artifact id: '7f8fd485017cce005875a4be58ad9e14') in 0.011316 seconds
Number of updated asset objects reloaded before import = 0
Number of asset objects unloaded after import = 1
========================================================================
Received Import Request.
  Time since last request: 0.000117 seconds.
  path: Assets/Female Soldier Voice - Dr. Elena Shiroff/Radio/target eliminated2.ogg
  artifactKey: Guid(22ff8141239cc1c498365c2f2996b869) Importer(2089858483,0ecaa5967403d082aa24f35e1b516d23)
Start importing Assets/Female Soldier Voice - Dr. Elena Shiroff/Radio/target eliminated2.ogg using Guid(22ff8141239cc1c498365c2f2996b869) Importer(2089858483,0ecaa5967403d082aa24f35e1b516d23) [PhysX] Initialized MultithreadedTaskDispatcher with 8 workers.
 -> (artifact id: 'cff76d293706109d5c1827b8b569d052') in 0.011367 seconds
Number of updated asset objects reloaded before import = 0
Number of asset objects unloaded after import = 1
========================================================================
Received Import Request.
  Time since last request: 0.000064 seconds.
  path: Assets/Female Soldier Voice - Dr. Elena Shiroff/Radio/standing by1.ogg
  artifactKey: Guid(b38de1024e0a16644bd166d8868b5df0) Importer(2089858483,0ecaa5967403d082aa24f35e1b516d23)
Start importing Assets/Female Soldier Voice - Dr. Elena Shiroff/Radio/standing by1.ogg using Guid(b38de1024e0a16644bd166d8868b5df0) Importer(2089858483,0ecaa5967403d082aa24f35e1b516d23) [PhysX] Initialized MultithreadedTaskDispatcher with 8 workers.
 -> (artifact id: '7755458d6853233b9cecee2e59cea4a8') in 0.010784 seconds
Number of updated asset objects reloaded before import = 0
Number of asset objects unloaded after import = 1
========================================================================
Received Import Request.
  Time since last request: 0.000222 seconds.
  path: Assets/Female Soldier Voice - Dr. Elena Shiroff/Radio/perfect2.ogg
  artifactKey: Guid(a8ef9c835ed09994d9572428826301bd) Importer(2089858483,0ecaa5967403d082aa24f35e1b516d23)
Start importing Assets/Female Soldier Voice - Dr. Elena Shiroff/Radio/perfect2.ogg using Guid(a8ef9c835ed09994d9572428826301bd) Importer(2089858483,0ecaa5967403d082aa24f35e1b516d23) [PhysX] Initialized MultithreadedTaskDispatcher with 8 workers.
 -> (artifact id: '182efc1b8c528b3f8a6da5ffa8abab78') in 0.009951 seconds
Number of updated asset objects reloaded before import = 0
Number of asset objects unloaded after import = 1
========================================================================
Received Import Request.
  Time since last request: 0.000150 seconds.
  path: Assets/Female Soldier Voice - Dr. Elena Shiroff/Radio/sniper1.ogg
  artifactKey: Guid(a48373b31139ac84cb3c6d25e32e1647) Importer(2089858483,0ecaa5967403d082aa24f35e1b516d23)
Start importing Assets/Female Soldier Voice - Dr. Elena Shiroff/Radio/sniper1.ogg using Guid(a48373b31139ac84cb3c6d25e32e1647) Importer(2089858483,0ecaa5967403d082aa24f35e1b516d23) [PhysX] Initialized MultithreadedTaskDispatcher with 8 workers.
 -> (artifact id: '8b1d631dbd0eb817269ec4090324b09b') in 0.011046 seconds
Number of updated asset objects reloaded before import = 0
Number of asset objects unloaded after import = 1
========================================================================
Received Import Request.
  Time since last request: 0.000127 seconds.
  path: Assets/Female Soldier Voice - Dr. Elena Shiroff/Radio/impossible2.ogg
  artifactKey: Guid(830b440824469464aab5076f816ece8b) Importer(2089858483,0ecaa5967403d082aa24f35e1b516d23)
Start importing Assets/Female Soldier Voice - Dr. Elena Shiroff/Radio/impossible2.ogg using Guid(830b440824469464aab5076f816ece8b) Importer(2089858483,0ecaa5967403d082aa24f35e1b516d23) [PhysX] Initialized MultithreadedTaskDispatcher with 8 workers.
 -> (artifact id: 'c7f4e65f8056afe63eb57b9763421a94') in 0.012372 seconds
Number of updated asset objects reloaded before import = 0
Number of asset objects unloaded after import = 1
========================================================================
Received Import Request.
  Time since last request: 0.000233 seconds.
  path: Assets/Female Soldier Voice - Dr. Elena Shiroff/Radio/requesting immediate support1.ogg
  artifactKey: Guid(59dd45eb1e640534aa6ec771673e21b1) Importer(2089858483,0ecaa5967403d082aa24f35e1b516d23)
Start importing Assets/Female Soldier Voice - Dr. Elena Shiroff/Radio/requesting immediate support1.ogg using Guid(59dd45eb1e640534aa6ec771673e21b1) Importer(2089858483,0ecaa5967403d082aa24f35e1b516d23) [PhysX] Initialized MultithreadedTaskDispatcher with 8 workers.
 -> (artifact id: '06136848db09acb0d57d2815ef5bc44b') in 0.011833 seconds
Number of updated asset objects reloaded before import = 0
Number of asset objects unloaded after import = 1
========================================================================
Received Import Request.
  Time since last request: 0.000335 seconds.
  path: Assets/Female Soldier Voice - Dr. Elena Shiroff/Radio/weapons free1.ogg
  artifactKey: Guid(c3e07961dabea5a4a9b08d8791944e4c) Importer(2089858483,0ecaa5967403d082aa24f35e1b516d23)
Start importing Assets/Female Soldier Voice - Dr. Elena Shiroff/Radio/weapons free1.ogg using Guid(c3e07961dabea5a4a9b08d8791944e4c) Importer(2089858483,0ecaa5967403d082aa24f35e1b516d23) [PhysX] Initialized MultithreadedTaskDispatcher with 8 workers.
 -> (artifact id: 'fd31988f3e203f1a45ee1f7f3270e925') in 0.012998 seconds
Number of updated asset objects reloaded before import = 0
Number of asset objects unloaded after import = 1
========================================================================
Received Import Request.
  Time since last request: 0.000053 seconds.
  path: Assets/Female Soldier Voice - Dr. Elena Shiroff/Radio/yes sir1.ogg
  artifactKey: Guid(5691ac3e5e45fd8489414ec2d7e4c846) Importer(2089858483,0ecaa5967403d082aa24f35e1b516d23)
Start importing Assets/Female Soldier Voice - Dr. Elena Shiroff/Radio/yes sir1.ogg using Guid(5691ac3e5e45fd8489414ec2d7e4c846) Importer(2089858483,0ecaa5967403d082aa24f35e1b516d23) [PhysX] Initialized MultithreadedTaskDispatcher with 8 workers.
 -> (artifact id: 'fc351cc7c9b9f9f09eb87361ae9d166b') in 0.011603 seconds
Number of updated asset objects reloaded before import = 0
Number of asset objects unloaded after import = 1
========================================================================
Received Import Request.
  Time since last request: 0.000189 seconds.
  path: Assets/Female Soldier Voice - Dr. Elena Shiroff/Radio/watch your head1.ogg
  artifactKey: Guid(3f4f0ead50c0d244293a17a2d644ae99) Importer(2089858483,0ecaa5967403d082aa24f35e1b516d23)
Start importing Assets/Female Soldier Voice - Dr. Elena Shiroff/Radio/watch your head1.ogg using Guid(3f4f0ead50c0d244293a17a2d644ae99) Importer(2089858483,0ecaa5967403d082aa24f35e1b516d23) [PhysX] Initialized MultithreadedTaskDispatcher with 8 workers.
 -> (artifact id: '66bc2526498fe66bb355e96e76293dd1') in 0.011153 seconds
Number of updated asset objects reloaded before import = 0
Number of asset objects unloaded after import = 1
========================================================================
Received Import Request.
  Time since last request: 0.000309 seconds.
  path: Assets/Female Soldier Voice - Dr. Elena Shiroff/Radio/pain e1.ogg
  artifactKey: Guid(951ad4cb83ff2e44fbfe3f41e2740308) Importer(2089858483,0ecaa5967403d082aa24f35e1b516d23)
Start importing Assets/Female Soldier Voice - Dr. Elena Shiroff/Radio/pain e1.ogg using Guid(951ad4cb83ff2e44fbfe3f41e2740308) Importer(2089858483,0ecaa5967403d082aa24f35e1b516d23) [PhysX] Initialized MultithreadedTaskDispatcher with 8 workers.
 -> (artifact id: 'ab0432ce24a20ab9ee03a5afa6ac4eac') in 0.010910 seconds
Number of updated asset objects reloaded before import = 0
Number of asset objects unloaded after import = 1
========================================================================
Received Import Request.
  Time since last request: 0.000174 seconds.
  path: Assets/Female Soldier Voice - Dr. Elena Shiroff/Radio/i need a medic out here bonus1.ogg
  artifactKey: Guid(ace83fec0f6607744808394c2816da71) Importer(2089858483,0ecaa5967403d082aa24f35e1b516d23)
Start importing Assets/Female Soldier Voice - Dr. Elena Shiroff/Radio/i need a medic out here bonus1.ogg using Guid(ace83fec0f6607744808394c2816da71) Importer(2089858483,0ecaa5967403d082aa24f35e1b516d23) [PhysX] Initialized MultithreadedTaskDispatcher with 8 workers.
 -> (artifact id: 'cf58a8d40c33893ac4e3bb3d572d0f38') in 0.012557 seconds
Number of updated asset objects reloaded before import = 0
Number of asset objects unloaded after import = 1
========================================================================
Received Import Request.
  Time since last request: 0.000074 seconds.
  path: Assets/Female Soldier Voice - Dr. Elena Shiroff/Radio/locking on target1.ogg
  artifactKey: Guid(3d0fa4aa2d0e1f74d9e99594b327372a) Importer(2089858483,0ecaa5967403d082aa24f35e1b516d23)
Start importing Assets/Female Soldier Voice - Dr. Elena Shiroff/Radio/locking on target1.ogg using Guid(3d0fa4aa2d0e1f74d9e99594b327372a) Importer(2089858483,0ecaa5967403d082aa24f35e1b516d23) [PhysX] Initialized MultithreadedTaskDispatcher with 8 workers.
 -> (artifact id: '67bf81aa447f77f51f6038da0be88a42') in 0.010995 seconds
Number of updated asset objects reloaded before import = 0
Number of asset objects unloaded after import = 1
========================================================================
Received Import Request.
  Time since last request: 0.000187 seconds.
  path: Assets/Female Soldier Voice - Dr. Elena Shiroff/Radio/target destroyed2.ogg
  artifactKey: Guid(860d469418223aa43a9d0aff5b85436c) Importer(2089858483,0ecaa5967403d082aa24f35e1b516d23)
Start importing Assets/Female Soldier Voice - Dr. Elena Shiroff/Radio/target destroyed2.ogg using Guid(860d469418223aa43a9d0aff5b85436c) Importer(2089858483,0ecaa5967403d082aa24f35e1b516d23) [PhysX] Initialized MultithreadedTaskDispatcher with 8 workers.
 -> (artifact id: 'f4edd84dab9b46eaa5dd96880d2fa53b') in 0.010613 seconds
Number of updated asset objects reloaded before import = 0
Number of asset objects unloaded after import = 1
========================================================================
Received Import Request.
  Time since last request: 0.000156 seconds.
  path: Assets/Female Soldier Voice - Dr. Elena Shiroff/Radio/weapons free2.ogg
  artifactKey: Guid(b35deac379fc1ca48814115f2352e8f9) Importer(2089858483,0ecaa5967403d082aa24f35e1b516d23)
Start importing Assets/Female Soldier Voice - Dr. Elena Shiroff/Radio/weapons free2.ogg using Guid(b35deac379fc1ca48814115f2352e8f9) Importer(2089858483,0ecaa5967403d082aa24f35e1b516d23) [PhysX] Initialized MultithreadedTaskDispatcher with 8 workers.
 -> (artifact id: '35c2aff1abf66e126f0685367638b0ca') in 0.010802 seconds
Number of updated asset objects reloaded before import = 0
Number of asset objects unloaded after import = 1
========================================================================
Received Import Request.
  Time since last request: 0.000104 seconds.
  path: Assets/Female Soldier Voice - Dr. Elena Shiroff/Radio/pain a2.ogg
  artifactKey: Guid(b6c5f6c36fff3e64fad872eb0fb5b180) Importer(2089858483,0ecaa5967403d082aa24f35e1b516d23)
Start importing Assets/Female Soldier Voice - Dr. Elena Shiroff/Radio/pain a2.ogg using Guid(b6c5f6c36fff3e64fad872eb0fb5b180) Importer(2089858483,0ecaa5967403d082aa24f35e1b516d23) [PhysX] Initialized MultithreadedTaskDispatcher with 8 workers.
 -> (artifact id: 'bcde69e1f1dffd0a789bc1d224247656') in 0.011462 seconds
Number of updated asset objects reloaded before import = 0
Number of asset objects unloaded after import = 1
========================================================================
Received Import Request.
  Time since last request: 0.000283 seconds.
  path: Assets/Female Soldier Voice - Dr. Elena Shiroff/Radio/i'm under heavy fire2.ogg
  artifactKey: Guid(fbcebd875ac13b746b50666838097637) Importer(2089858483,0ecaa5967403d082aa24f35e1b516d23)
Start importing Assets/Female Soldier Voice - Dr. Elena Shiroff/Radio/i'm under heavy fire2.ogg using Guid(fbcebd875ac13b746b50666838097637) Importer(2089858483,0ecaa5967403d082aa24f35e1b516d23) [PhysX] Initialized MultithreadedTaskDispatcher with 8 workers.
 -> (artifact id: 'aa774ad2be71a6a9565db5340d718c6f') in 0.011076 seconds
Number of updated asset objects reloaded before import = 0
Number of asset objects unloaded after import = 1
========================================================================
Received Import Request.
  Time since last request: 0.000134 seconds.
  path: Assets/Female Soldier Voice - Dr. Elena Shiroff/Radio/m'am yes m'am1.ogg
  artifactKey: Guid(3c5dfc7dad55155469e1cbcbc79b9a7c) Importer(2089858483,0ecaa5967403d082aa24f35e1b516d23)
Start importing Assets/Female Soldier Voice - Dr. Elena Shiroff/Radio/m'am yes m'am1.ogg using Guid(3c5dfc7dad55155469e1cbcbc79b9a7c) Importer(2089858483,0ecaa5967403d082aa24f35e1b516d23) [PhysX] Initialized MultithreadedTaskDispatcher with 8 workers.
 -> (artifact id: '1ce07946f1deab990c578635b349d33c') in 0.010912 seconds
Number of updated asset objects reloaded before import = 0
Number of asset objects unloaded after import = 1
========================================================================
Received Import Request.
  Time since last request: 0.000120 seconds.
  path: Assets/Female Soldier Voice - Dr. Elena Shiroff/Radio/i got your medicine right here1.ogg
  artifactKey: Guid(cab737ed0c5f6c54d9202bb6b5ab4a3e) Importer(2089858483,0ecaa5967403d082aa24f35e1b516d23)
Start importing Assets/Female Soldier Voice - Dr. Elena Shiroff/Radio/i got your medicine right here1.ogg using Guid(cab737ed0c5f6c54d9202bb6b5ab4a3e) Importer(2089858483,0ecaa5967403d082aa24f35e1b516d23) [PhysX] Initialized MultithreadedTaskDispatcher with 8 workers.
 -> (artifact id: 'fd2ca1f1b97dec309bab7f1640561d14') in 0.011236 seconds
Number of updated asset objects reloaded before import = 0
Number of asset objects unloaded after import = 1
========================================================================
Received Import Request.
  Time since last request: 0.000039 seconds.
  path: Assets/Female Soldier Voice - Dr. Elena Shiroff/Radio/man down1.ogg
  artifactKey: Guid(98ae9dfea3759b14f9c1c00a3dc8563c) Importer(2089858483,0ecaa5967403d082aa24f35e1b516d23)
Start importing Assets/Female Soldier Voice - Dr. Elena Shiroff/Radio/man down1.ogg using Guid(98ae9dfea3759b14f9c1c00a3dc8563c) Importer(2089858483,0ecaa5967403d082aa24f35e1b516d23) [PhysX] Initialized MultithreadedTaskDispatcher with 8 workers.
 -> (artifact id: '4779cc7a2ae1d577969ce5ccd56396f3') in 0.011882 seconds
Number of updated asset objects reloaded before import = 0
Number of asset objects unloaded after import = 1
========================================================================
Received Import Request.
  Time since last request: 0.000118 seconds.
  path: Assets/Female Soldier Voice - Dr. Elena Shiroff/Radio/in range1.ogg
  artifactKey: Guid(321de30c98daf0148bf398f40d968df8) Importer(2089858483,0ecaa5967403d082aa24f35e1b516d23)
Start importing Assets/Female Soldier Voice - Dr. Elena Shiroff/Radio/in range1.ogg using Guid(321de30c98daf0148bf398f40d968df8) Importer(2089858483,0ecaa5967403d082aa24f35e1b516d23) [PhysX] Initialized MultithreadedTaskDispatcher with 8 workers.
 -> (artifact id: '0fa3c17edb63ab86589dcb1a24516f98') in 0.010850 seconds
Number of updated asset objects reloaded before import = 0
Number of asset objects unloaded after import = 1
========================================================================
Received Import Request.
  Time since last request: 0.000170 seconds.
  path: Assets/Female Soldier Voice - Dr. Elena Shiroff/Radio/order received2.ogg
  artifactKey: Guid(825e025675e3c5040a32a7921ed3bb68) Importer(2089858483,0ecaa5967403d082aa24f35e1b516d23)
Start importing Assets/Female Soldier Voice - Dr. Elena Shiroff/Radio/order received2.ogg using Guid(825e025675e3c5040a32a7921ed3bb68) Importer(2089858483,0ecaa5967403d082aa24f35e1b516d23) [PhysX] Initialized MultithreadedTaskDispatcher with 8 workers.
 -> (artifact id: 'b2550507e73ec8f0031f5ededba036f8') in 0.010854 seconds
Number of updated asset objects reloaded before import = 0
Number of asset objects unloaded after import = 1
========================================================================
Received Import Request.
  Time since last request: 0.000124 seconds.
  path: Assets/Female Soldier Voice - Dr. Elena Shiroff/Radio/pain b2.ogg
  artifactKey: Guid(908f2afd4cc4b23459ea5516b395ee7f) Importer(2089858483,0ecaa5967403d082aa24f35e1b516d23)
Start importing Assets/Female Soldier Voice - Dr. Elena Shiroff/Radio/pain b2.ogg using Guid(908f2afd4cc4b23459ea5516b395ee7f) Importer(2089858483,0ecaa5967403d082aa24f35e1b516d23) [PhysX] Initialized MultithreadedTaskDispatcher with 8 workers.
 -> (artifact id: '88e6564f5aa0a6468c0d47f0ae2e416d') in 0.010836 seconds
Number of updated asset objects reloaded before import = 0
Number of asset objects unloaded after import = 1
========================================================================
Received Import Request.
  Time since last request: 0.000134 seconds.
  path: Assets/Female Soldier Voice - Dr. Elena Shiroff/Radio/nuhuh1.ogg
  artifactKey: Guid(077f4aaed73391e409fac47165fefbce) Importer(2089858483,0ecaa5967403d082aa24f35e1b516d23)
Start importing Assets/Female Soldier Voice - Dr. Elena Shiroff/Radio/nuhuh1.ogg using Guid(077f4aaed73391e409fac47165fefbce) Importer(2089858483,0ecaa5967403d082aa24f35e1b516d23) [PhysX] Initialized MultithreadedTaskDispatcher with 8 workers.
 -> (artifact id: '087efce56d7a9013afdb77f2f4fad512') in 0.010980 seconds
Number of updated asset objects reloaded before import = 0
Number of asset objects unloaded after import = 1
========================================================================
Received Import Request.
  Time since last request: 0.000124 seconds.
  path: Assets/Female Soldier Voice - Dr. Elena Shiroff/Radio/we're under heavy fire1.ogg
  artifactKey: Guid(e604d739f213eb54c8d14d978f01c6b0) Importer(2089858483,0ecaa5967403d082aa24f35e1b516d23)
Start importing Assets/Female Soldier Voice - Dr. Elena Shiroff/Radio/we're under heavy fire1.ogg using Guid(e604d739f213eb54c8d14d978f01c6b0) Importer(2089858483,0ecaa5967403d082aa24f35e1b516d23) [PhysX] Initialized MultithreadedTaskDispatcher with 8 workers.
 -> (artifact id: 'f3c769f9c7bfeece03d968bd4d813bfe') in 0.011325 seconds
Number of updated asset objects reloaded before import = 0
Number of asset objects unloaded after import = 1
========================================================================
Received Import Request.
  Time since last request: 0.000036 seconds.
  path: Assets/Female Soldier Voice - Dr. Elena Shiroff/Radio/hold your positions1.ogg
  artifactKey: Guid(f6d67206f7c9282479c74b485c428208) Importer(2089858483,0ecaa5967403d082aa24f35e1b516d23)
Start importing Assets/Female Soldier Voice - Dr. Elena Shiroff/Radio/hold your positions1.ogg using Guid(f6d67206f7c9282479c74b485c428208) Importer(2089858483,0ecaa5967403d082aa24f35e1b516d23) [PhysX] Initialized MultithreadedTaskDispatcher with 8 workers.
 -> (artifact id: '9579725adbad005a2816ef52c926c404') in 0.011255 seconds
Number of updated asset objects reloaded before import = 0
Number of asset objects unloaded after import = 1
========================================================================
Received Import Request.
  Time since last request: 0.000106 seconds.
  path: Assets/Female Soldier Voice - Dr. Elena Shiroff/Radio/i'm on it2.ogg
  artifactKey: Guid(490d0e61247a0a949885ebe5c872544b) Importer(2089858483,0ecaa5967403d082aa24f35e1b516d23)
Start importing Assets/Female Soldier Voice - Dr. Elena Shiroff/Radio/i'm on it2.ogg using Guid(490d0e61247a0a949885ebe5c872544b) Importer(2089858483,0ecaa5967403d082aa24f35e1b516d23) [PhysX] Initialized MultithreadedTaskDispatcher with 8 workers.
 -> (artifact id: '5a0ca9d02ba97cdf362e5235ee579ff5') in 0.011117 seconds
Number of updated asset objects reloaded before import = 0
Number of asset objects unloaded after import = 1
========================================================================
Received Import Request.
  Time since last request: 0.000154 seconds.
  path: Assets/Female Soldier Voice - Dr. Elena Shiroff/Radio/hostile1.ogg
  artifactKey: Guid(32411f81d2a7d254fa00327263f0539a) Importer(2089858483,0ecaa5967403d082aa24f35e1b516d23)
Start importing Assets/Female Soldier Voice - Dr. Elena Shiroff/Radio/hostile1.ogg using Guid(32411f81d2a7d254fa00327263f0539a) Importer(2089858483,0ecaa5967403d082aa24f35e1b516d23) [PhysX] Initialized MultithreadedTaskDispatcher with 8 workers.
 -> (artifact id: '56f32d76345e522f89abafc3bd4539e2') in 0.010296 seconds
Number of updated asset objects reloaded before import = 0
Number of asset objects unloaded after import = 1
========================================================================
Received Import Request.
  Time since last request: 0.000122 seconds.
  path: Assets/LowPoly Guns/Meshes/Rifle 1.fbx
  artifactKey: Guid(2e363af4ad752374c82920d582ca74d0) Importer(2089858483,0ecaa5967403d082aa24f35e1b516d23)
Start importing Assets/LowPoly Guns/Meshes/Rifle 1.fbx using Guid(2e363af4ad752374c82920d582ca74d0) Importer(2089858483,0ecaa5967403d082aa24f35e1b516d23) [PhysX] Initialized MultithreadedTaskDispatcher with 8 workers.
 -> (artifact id: 'ac05746af6518a415a2c8c59fa1c6f23') in 0.020831 seconds
Number of updated asset objects reloaded before import = 0
Number of asset objects unloaded after import = 7
========================================================================
Received Import Request.
  Time since last request: 0.000209 seconds.
  path: Assets/Female Soldier Voice - Dr. Elena Shiroff/Radio/pain c4.ogg
  artifactKey: Guid(7e4e7492800407944a51c3c9be721ba3) Importer(2089858483,0ecaa5967403d082aa24f35e1b516d23)
Start importing Assets/Female Soldier Voice - Dr. Elena Shiroff/Radio/pain c4.ogg using Guid(7e4e7492800407944a51c3c9be721ba3) Importer(2089858483,0ecaa5967403d082aa24f35e1b516d23) [PhysX] Initialized MultithreadedTaskDispatcher with 8 workers.
 -> (artifact id: 'ffb56451fd110740ad54d8fd2673c411') in 0.011255 seconds
Number of updated asset objects reloaded before import = 0
Number of asset objects unloaded after import = 1
========================================================================
Received Import Request.
  Time since last request: 0.000107 seconds.
  path: Assets/Female Soldier Voice - Dr. Elena Shiroff/Radio/no way2.ogg
  artifactKey: Guid(2162c06f5b2531449899cfa74bd6607d) Importer(2089858483,0ecaa5967403d082aa24f35e1b516d23)
Start importing Assets/Female Soldier Voice - Dr. Elena Shiroff/Radio/no way2.ogg using Guid(2162c06f5b2531449899cfa74bd6607d) Importer(2089858483,0ecaa5967403d082aa24f35e1b516d23) [PhysX] Initialized MultithreadedTaskDispatcher with 8 workers.
 -> (artifact id: '159960445d8277763d44f9bd0dd748c5') in 0.011339 seconds
Number of updated asset objects reloaded before import = 0
Number of asset objects unloaded after import = 1
========================================================================
Received Import Request.
  Time since last request: 0.000138 seconds.
  path: Assets/Female Soldier Voice - Dr. Elena Shiroff/Radio/pain a1.ogg
  artifactKey: Guid(627e0c6b26fba0f4190faab10da08a19) Importer(2089858483,0ecaa5967403d082aa24f35e1b516d23)
Start importing Assets/Female Soldier Voice - Dr. Elena Shiroff/Radio/pain a1.ogg using Guid(627e0c6b26fba0f4190faab10da08a19) Importer(2089858483,0ecaa5967403d082aa24f35e1b516d23) [PhysX] Initialized MultithreadedTaskDispatcher with 8 workers.
 -> (artifact id: '85948aaac35351040690fa01dbba4a8c') in 0.010744 seconds
Number of updated asset objects reloaded before import = 0
Number of asset objects unloaded after import = 1
========================================================================
Received Import Request.
  Time since last request: 0.000295 seconds.
  path: Assets/Female Soldier Voice - Dr. Elena Shiroff/Radio/hostile3.ogg
  artifactKey: Guid(7573aa46541537b429777f5aad79d690) Importer(2089858483,0ecaa5967403d082aa24f35e1b516d23)
Start importing Assets/Female Soldier Voice - Dr. Elena Shiroff/Radio/hostile3.ogg using Guid(7573aa46541537b429777f5aad79d690) Importer(2089858483,0ecaa5967403d082aa24f35e1b516d23) [PhysX] Initialized MultithreadedTaskDispatcher with 8 workers.
 -> (artifact id: '22b1d8d34148cea81ddf296942c9b7c2') in 0.011673 seconds
Number of updated asset objects reloaded before import = 0
Number of asset objects unloaded after import = 1
========================================================================
Received Import Request.
  Time since last request: 0.000137 seconds.
  path: Assets/Female Soldier Voice - Dr. Elena Shiroff/Radio/no problemo1.ogg
  artifactKey: Guid(28e4f611957068f449cad58313494726) Importer(2089858483,0ecaa5967403d082aa24f35e1b516d23)
Start importing Assets/Female Soldier Voice - Dr. Elena Shiroff/Radio/no problemo1.ogg using Guid(28e4f611957068f449cad58313494726) Importer(2089858483,0ecaa5967403d082aa24f35e1b516d23) [PhysX] Initialized MultithreadedTaskDispatcher with 8 workers.
 -> (artifact id: '2ba1044a33e0b807e9b6a812a0c9f812') in 0.012417 seconds
Number of updated asset objects reloaded before import = 0
Number of asset objects unloaded after import = 1
========================================================================
Received Import Request.
  Time since last request: 0.000040 seconds.
  path: Assets/Female Soldier Voice - Dr. Elena Shiroff/Radio/pain c1.ogg
  artifactKey: Guid(f719386b444d9c94da0be4828ca03e36) Importer(2089858483,0ecaa5967403d082aa24f35e1b516d23)
Start importing Assets/Female Soldier Voice - Dr. Elena Shiroff/Radio/pain c1.ogg using Guid(f719386b444d9c94da0be4828ca03e36) Importer(2089858483,0ecaa5967403d082aa24f35e1b516d23) [PhysX] Initialized MultithreadedTaskDispatcher with 8 workers.
 -> (artifact id: '0935b9c41bda228f105cb381b063f2c2') in 0.010538 seconds
Number of updated asset objects reloaded before import = 0
Number of asset objects unloaded after import = 1
========================================================================
Received Import Request.
  Time since last request: 0.000118 seconds.
  path: Assets/Female Soldier Voice - Dr. Elena Shiroff/Radio/pain c3.ogg
  artifactKey: Guid(67c917216e907814cb7422bc4d1bdcde) Importer(2089858483,0ecaa5967403d082aa24f35e1b516d23)
Start importing Assets/Female Soldier Voice - Dr. Elena Shiroff/Radio/pain c3.ogg using Guid(67c917216e907814cb7422bc4d1bdcde) Importer(2089858483,0ecaa5967403d082aa24f35e1b516d23) [PhysX] Initialized MultithreadedTaskDispatcher with 8 workers.
 -> (artifact id: '8fcc9575b91f7abdbbf3d453b3f72d4f') in 0.010217 seconds
Number of updated asset objects reloaded before import = 0
Number of asset objects unloaded after import = 1
========================================================================
Received Import Request.
  Time since last request: 0.000175 seconds.
  path: Assets/Female Soldier Voice - Dr. Elena Shiroff/Radio/i can't do that2.ogg
  artifactKey: Guid(164a28ba8c520ad4ba756252661e44c9) Importer(2089858483,0ecaa5967403d082aa24f35e1b516d23)
Start importing Assets/Female Soldier Voice - Dr. Elena Shiroff/Radio/i can't do that2.ogg using Guid(164a28ba8c520ad4ba756252661e44c9) Importer(2089858483,0ecaa5967403d082aa24f35e1b516d23) [PhysX] Initialized MultithreadedTaskDispatcher with 8 workers.
 -> (artifact id: '283603bdfcc3160bf311358e08891140') in 0.011043 seconds
Number of updated asset objects reloaded before import = 0
Number of asset objects unloaded after import = 1
========================================================================
Received Import Request.
  Time since last request: 0.000055 seconds.
  path: Assets/Female Soldier Voice - Dr. Elena Shiroff/Radio/opening fire2.ogg
  artifactKey: Guid(483c3abd6b933544ea59bf818eabccdc) Importer(2089858483,0ecaa5967403d082aa24f35e1b516d23)
Start importing Assets/Female Soldier Voice - Dr. Elena Shiroff/Radio/opening fire2.ogg using Guid(483c3abd6b933544ea59bf818eabccdc) Importer(2089858483,0ecaa5967403d082aa24f35e1b516d23) [PhysX] Initialized MultithreadedTaskDispatcher with 8 workers.
 -> (artifact id: '65ed90dc2fb84e45f607eda89cf5f37e') in 0.010850 seconds
Number of updated asset objects reloaded before import = 0
Number of asset objects unloaded after import = 1
========================================================================
Received Import Request.
  Time since last request: 0.000185 seconds.
  path: Assets/Female Soldier Voice - Dr. Elena Shiroff/Radio/retreat2.ogg
  artifactKey: Guid(902801ee31da2e94dbc9a65019426863) Importer(2089858483,0ecaa5967403d082aa24f35e1b516d23)
Start importing Assets/Female Soldier Voice - Dr. Elena Shiroff/Radio/retreat2.ogg using Guid(902801ee31da2e94dbc9a65019426863) Importer(2089858483,0ecaa5967403d082aa24f35e1b516d23) [PhysX] Initialized MultithreadedTaskDispatcher with 8 workers.
 -> (artifact id: '41a4d24332af00b33c090656737814b7') in 0.010061 seconds
Number of updated asset objects reloaded before import = 0
Number of asset objects unloaded after import = 1
========================================================================
Received Import Request.
  Time since last request: 0.000126 seconds.
  path: Assets/Female Soldier Voice - Dr. Elena Shiroff/Radio/well done1.ogg
  artifactKey: Guid(67d42b6ee5506614a882aad7d285db5e) Importer(2089858483,0ecaa5967403d082aa24f35e1b516d23)
Start importing Assets/Female Soldier Voice - Dr. Elena Shiroff/Radio/well done1.ogg using Guid(67d42b6ee5506614a882aad7d285db5e) Importer(2089858483,0ecaa5967403d082aa24f35e1b516d23) [PhysX] Initialized MultithreadedTaskDispatcher with 8 workers.
 -> (artifact id: '4e4e221d7f3bfab7b9b9252ee988fdb1') in 0.010298 seconds
Number of updated asset objects reloaded before import = 0
Number of asset objects unloaded after import = 1
========================================================================
Received Import Request.
  Time since last request: 0.000085 seconds.
  path: Assets/Female Soldier Voice - Dr. Elena Shiroff/Radio/under heavy fire2.ogg
  artifactKey: Guid(e44e7f3625e08274794974fe53bff5d4) Importer(2089858483,0ecaa5967403d082aa24f35e1b516d23)
Start importing Assets/Female Soldier Voice - Dr. Elena Shiroff/Radio/under heavy fire2.ogg using Guid(e44e7f3625e08274794974fe53bff5d4) Importer(2089858483,0ecaa5967403d082aa24f35e1b516d23) [PhysX] Initialized MultithreadedTaskDispatcher with 8 workers.
 -> (artifact id: 'f7c826b05d257e5dbe7a2d1c2c98b171') in 0.011156 seconds
Number of updated asset objects reloaded before import = 0
Number of asset objects unloaded after import = 1
========================================================================
Received Import Request.
  Time since last request: 0.000157 seconds.
  path: Assets/LowPoly Guns/Material/New Material.mat
  artifactKey: Guid(89b8df5766a2dc1459b66909fd2f643e) Importer(2089858483,0ecaa5967403d082aa24f35e1b516d23)
Start importing Assets/LowPoly Guns/Material/New Material.mat using Guid(89b8df5766a2dc1459b66909fd2f643e) Importer(2089858483,0ecaa5967403d082aa24f35e1b516d23) [PhysX] Initialized MultithreadedTaskDispatcher with 8 workers.
 -> (artifact id: '6e6245ef27443eb1de9e24f0646cabc3') in 0.002234 seconds
Number of updated asset objects reloaded before import = 0
Number of asset objects unloaded after import = 1
========================================================================
Received Import Request.
  Time since last request: 0.000141 seconds.
  path: Assets/Female Soldier Voice - Dr. Elena Shiroff/Radio/i can't do that1.ogg
  artifactKey: Guid(4e822ac3924cfcc4a985a7af1dc73e4f) Importer(2089858483,0ecaa5967403d082aa24f35e1b516d23)
Start importing Assets/Female Soldier Voice - Dr. Elena Shiroff/Radio/i can't do that1.ogg using Guid(4e822ac3924cfcc4a985a7af1dc73e4f) Importer(2089858483,0ecaa5967403d082aa24f35e1b516d23) [PhysX] Initialized MultithreadedTaskDispatcher with 8 workers.
 -> (artifact id: '4b5a22ba29c28a616c2997972501c49c') in 0.010823 seconds
Number of updated asset objects reloaded before import = 0
Number of asset objects unloaded after import = 1
========================================================================
Received Import Request.
  Time since last request: 0.000106 seconds.
  path: Assets/Female Soldier Voice - Dr. Elena Shiroff/Radio/okie dokie2.ogg
  artifactKey: Guid(5e74ce07a9c9b3e44a81e50cb89d858f) Importer(2089858483,0ecaa5967403d082aa24f35e1b516d23)
Start importing Assets/Female Soldier Voice - Dr. Elena Shiroff/Radio/okie dokie2.ogg using Guid(5e74ce07a9c9b3e44a81e50cb89d858f) Importer(2089858483,0ecaa5967403d082aa24f35e1b516d23) [PhysX] Initialized MultithreadedTaskDispatcher with 8 workers.
 -> (artifact id: 'f56eb89de802119ceeeeaffe24bee886') in 0.010745 seconds
Number of updated asset objects reloaded before import = 0
Number of asset objects unloaded after import = 1
========================================================================
Received Import Request.
  Time since last request: 0.000186 seconds.
  path: Assets/Female Soldier Voice - Dr. Elena Shiroff/Radio/in position1.ogg
  artifactKey: Guid(f7819adf9e1324b48b4d9f4106517fd2) Importer(2089858483,0ecaa5967403d082aa24f35e1b516d23)
Start importing Assets/Female Soldier Voice - Dr. Elena Shiroff/Radio/in position1.ogg using Guid(f7819adf9e1324b48b4d9f4106517fd2) Importer(2089858483,0ecaa5967403d082aa24f35e1b516d23) [PhysX] Initialized MultithreadedTaskDispatcher with 8 workers.
 -> (artifact id: '4b60df24c2f8fde74a8548ed59410981') in 0.010413 seconds
Number of updated asset objects reloaded before import = 0
Number of asset objects unloaded after import = 1
========================================================================
Received Import Request.
  Time since last request: 0.000138 seconds.
  path: Assets/Female Soldier Voice - Dr. Elena Shiroff/Radio/tango down1.ogg
  artifactKey: Guid(1a1f257e35b9df146b6c1d86c3e1af2d) Importer(2089858483,0ecaa5967403d082aa24f35e1b516d23)
Start importing Assets/Female Soldier Voice - Dr. Elena Shiroff/Radio/tango down1.ogg using Guid(1a1f257e35b9df146b6c1d86c3e1af2d) Importer(2089858483,0ecaa5967403d082aa24f35e1b516d23) [PhysX] Initialized MultithreadedTaskDispatcher with 8 workers.
 -> (artifact id: 'a6500e94dedc163cf2b56a5fe60e2f6a') in 0.010599 seconds
Number of updated asset objects reloaded before import = 0
Number of asset objects unloaded after import = 1
========================================================================
Received Import Request.
  Time since last request: 0.236789 seconds.
  path: Assets/LowPoly Guns/Meshes/Rifle 3.fbx
  artifactKey: Guid(a5f56547380d3e6448e877c01e64c479) Importer(2089858483,0ecaa5967403d082aa24f35e1b516d23)
Start importing Assets/LowPoly Guns/Meshes/Rifle 3.fbx using Guid(a5f56547380d3e6448e877c01e64c479) Importer(2089858483,0ecaa5967403d082aa24f35e1b516d23) [PhysX] Initialized MultithreadedTaskDispatcher with 8 workers.
 -> (artifact id: '1d4e0260c081dcd579fe6ace9f89a752') in 0.008751 seconds
Number of updated asset objects reloaded before import = 0
Number of asset objects unloaded after import = 7
========================================================================
Received Import Request.
  Time since last request: 0.000065 seconds.
  path: Assets/TextMesh Pro/Resources/LineBreaking Leading Characters.txt
  artifactKey: Guid(d82c1b31c7e74239bff1220585707d2b) Importer(2089858483,0ecaa5967403d082aa24f35e1b516d23)
Start importing Assets/TextMesh Pro/Resources/LineBreaking Leading Characters.txt using Guid(d82c1b31c7e74239bff1220585707d2b) Importer(2089858483,0ecaa5967403d082aa24f35e1b516d23) [PhysX] Initialized MultithreadedTaskDispatcher with 8 workers.
 -> (artifact id: '57bddf59dcaa1bfdd6afc72cbf85b99d') in 0.001780 seconds
Number of updated asset objects reloaded before import = 0
Number of asset objects unloaded after import = 1
========================================================================
Received Import Request.
  Time since last request: 0.000148 seconds.
  path: Assets/Sounds/bang-sfx/fw_02.ogg
  artifactKey: Guid(601f003c562964a899af0933b7df7561) Importer(2089858483,0ecaa5967403d082aa24f35e1b516d23)
Start importing Assets/Sounds/bang-sfx/fw_02.ogg using Guid(601f003c562964a899af0933b7df7561) Importer(2089858483,0ecaa5967403d082aa24f35e1b516d23) [PhysX] Initialized MultithreadedTaskDispatcher with 8 workers.
 -> (artifact id: '7837c445a08a3a21420488dcf7bc1df9') in 0.023464 seconds
Number of updated asset objects reloaded before import = 0
Number of asset objects unloaded after import = 1
========================================================================
Received Import Request.
  Time since last request: 0.000196 seconds.
  path: Assets/cemetery halloween set/Prefab/dead_tree_04.prefab
  artifactKey: Guid(04251ac4cc9ef904e9b00646dd3b4bae) Importer(2089858483,0ecaa5967403d082aa24f35e1b516d23)
Start importing Assets/cemetery halloween set/Prefab/dead_tree_04.prefab using Guid(04251ac4cc9ef904e9b00646dd3b4bae) Importer(2089858483,0ecaa5967403d082aa24f35e1b516d23) [PhysX] Initialized MultithreadedTaskDispatcher with 8 workers.
 -> (artifact id: '31b667c072860c01d5ce534d334b5a9c') in 0.002271 seconds
Number of updated asset objects reloaded before import = 0
Number of asset objects unloaded after import = 15
========================================================================
Received Import Request.
  Time since last request: 0.000029 seconds.
  path: Assets/Solutions/Prefabs/Shootable Cube.prefab
  artifactKey: Guid(a24f29af8b780f2429489ee9b3a134dc) Importer(2089858483,0ecaa5967403d082aa24f35e1b516d23)
Start importing Assets/Solutions/Prefabs/Shootable Cube.prefab using Guid(a24f29af8b780f2429489ee9b3a134dc) Importer(2089858483,0ecaa5967403d082aa24f35e1b516d23) [PhysX] Initialized MultithreadedTaskDispatcher with 8 workers.
 -> (artifact id: '59b0eca43bb436e11bc14f066d5f201b') in 0.000828 seconds
Number of updated asset objects reloaded before import = 0
Number of asset objects unloaded after import = 0
========================================================================
Received Import Request.
  Time since last request: 0.000113 seconds.
  path: Assets/Scripts/First Person Control/Crouch.cs
  artifactKey: Guid(44afc45e6911b44e3beadf2ede357f9b) Importer(2089858483,0ecaa5967403d082aa24f35e1b516d23)
Start importing Assets/Scripts/First Person Control/Crouch.cs using Guid(44afc45e6911b44e3beadf2ede357f9b) Importer(2089858483,0ecaa5967403d082aa24f35e1b516d23) [PhysX] Initialized MultithreadedTaskDispatcher with 8 workers.
 -> (artifact id: 'a742649afdb9d27ce928800ef5ece02d') in 0.001589 seconds
Number of updated asset objects reloaded before import = 0
Number of asset objects unloaded after import = 1
========================================================================
Received Import Request.
  Time since last request: 0.000062 seconds.
  path: Assets/TextMesh Pro/Sprites/EmojiOne.png
  artifactKey: Guid(dffef66376be4fa480fb02b19edbe903) Importer(2089858483,0ecaa5967403d082aa24f35e1b516d23)
Start importing Assets/TextMesh Pro/Sprites/EmojiOne.png using Guid(dffef66376be4fa480fb02b19edbe903) Importer(2089858483,0ecaa5967403d082aa24f35e1b516d23) [PhysX] Initialized MultithreadedTaskDispatcher with 8 workers.
 -> (artifact id: '92ae352e1dd7a57505668e9d9a8e98f7') in 0.024788 seconds
Number of updated asset objects reloaded before import = 0
Number of asset objects unloaded after import = 1
========================================================================
Received Import Request.
  Time since last request: 0.000124 seconds.
  path: Assets/Scripts/Mouse Controls/PickupItem.cs
  artifactKey: Guid(3f563f371307d499e905c23973cc71f5) Importer(2089858483,0ecaa5967403d082aa24f35e1b516d23)
Start importing Assets/Scripts/Mouse Controls/PickupItem.cs using Guid(3f563f371307d499e905c23973cc71f5) Importer(2089858483,0ecaa5967403d082aa24f35e1b516d23) [PhysX] Initialized MultithreadedTaskDispatcher with 8 workers.
 -> (artifact id: 'ad4ef8a689b5fd17e84beee2455472ab') in 0.001475 seconds
Number of updated asset objects reloaded before import = 0
Number of asset objects unloaded after import = 1
========================================================================
Received Import Request.
  Time since last request: 0.000143 seconds.
  path: Assets/cemetery halloween set/Prefab/skull_07.prefab
  artifactKey: Guid(f3ad0a7cee620e04da5d69d47d3ce8d7) Importer(2089858483,0ecaa5967403d082aa24f35e1b516d23)
Start importing Assets/cemetery halloween set/Prefab/skull_07.prefab using Guid(f3ad0a7cee620e04da5d69d47d3ce8d7) Importer(2089858483,0ecaa5967403d082aa24f35e1b516d23) [PhysX] Initialized MultithreadedTaskDispatcher with 8 workers.
 -> (artifact id: 'a0e5e5acddffbae44233c04d4cd1a0b8') in 0.003580 seconds
Number of updated asset objects reloaded before import = 0
Number of asset objects unloaded after import = 8
========================================================================
Received Import Request.
  Time since last request: 0.000036 seconds.
  path: Assets/cemetery halloween set/Prefab_mobile/gate_01.prefab
  artifactKey: Guid(91d8c8bf5150b734990a9c8c39f3ba87) Importer(2089858483,0ecaa5967403d082aa24f35e1b516d23)
Start importing Assets/cemetery halloween set/Prefab_mobile/gate_01.prefab using Guid(91d8c8bf5150b734990a9c8c39f3ba87) Importer(2089858483,0ecaa5967403d082aa24f35e1b516d23) [PhysX] Initialized MultithreadedTaskDispatcher with 8 workers.
 -> (artifact id: '211d53fc9c5a87d8a346a3a824a8c70b') in 0.002553 seconds
Number of updated asset objects reloaded before import = 0
Number of asset objects unloaded after import = 26
========================================================================
Received Import Request.
  Time since last request: 0.000024 seconds.
  path: Assets/cemetery halloween set/Prefab/Tree03_BG.prefab
  artifactKey: Guid(af8ab792b614edf4b98152f96c1b7bc4) Importer(2089858483,0ecaa5967403d082aa24f35e1b516d23)
Start importing Assets/cemetery halloween set/Prefab/Tree03_BG.prefab using Guid(af8ab792b614edf4b98152f96c1b7bc4) Importer(2089858483,0ecaa5967403d082aa24f35e1b516d23) [PhysX] Initialized MultithreadedTaskDispatcher with 8 workers.
 -> (artifact id: 'de9a6a9ddda31b1366eef88947530c17') in 0.005380 seconds
Number of updated asset objects reloaded before import = 0
Number of asset objects unloaded after import = 9
========================================================================
Received Import Request.
  Time since last request: 0.000047 seconds.
  path: Assets/cemetery halloween set/Prefab_mobile/fence_tile_03.prefab
  artifactKey: Guid(b7efced809eecb647824f360edb01784) Importer(2089858483,0ecaa5967403d082aa24f35e1b516d23)
Start importing Assets/cemetery halloween set/Prefab_mobile/fence_tile_03.prefab using Guid(b7efced809eecb647824f360edb01784) Importer(2089858483,0ecaa5967403d082aa24f35e1b516d23) [PhysX] Initialized MultithreadedTaskDispatcher with 8 workers.
 -> (artifact id: '4e85b30d731b2549b0cab59c51273449') in 0.004073 seconds
Number of updated asset objects reloaded before import = 0
Number of asset objects unloaded after import = 8
========================================================================
Received Import Request.
  Time since last request: 0.000089 seconds.
  path: Assets/cemetery halloween set/Prefab/pumpkin_06.prefab
  artifactKey: Guid(112cc90af5a3b694986a98ac6af800fc) Importer(2089858483,0ecaa5967403d082aa24f35e1b516d23)
Start importing Assets/cemetery halloween set/Prefab/pumpkin_06.prefab using Guid(112cc90af5a3b694986a98ac6af800fc) Importer(2089858483,0ecaa5967403d082aa24f35e1b516d23) [PhysX] Initialized MultithreadedTaskDispatcher with 8 workers.
 -> (artifact id: 'e958ec0fea1947627e209365811764dd') in 0.004820 seconds
Number of updated asset objects reloaded before import = 0
Number of asset objects unloaded after import = 13
========================================================================
Received Import Request.
  Time since last request: 0.000261 seconds.
  path: Assets/Sounds/bang-sfx/fw_05.ogg
  artifactKey: Guid(99466d45ebf504e40b31220e41161cc1) Importer(2089858483,0ecaa5967403d082aa24f35e1b516d23)
Start importing Assets/Sounds/bang-sfx/fw_05.ogg using Guid(99466d45ebf504e40b31220e41161cc1) Importer(2089858483,0ecaa5967403d082aa24f35e1b516d23) [PhysX] Initialized MultithreadedTaskDispatcher with 8 workers.
 -> (artifact id: '30621a4dd7eaacf92c0a74adf0d8aad5') in 0.019685 seconds
Number of updated asset objects reloaded before import = 0
Number of asset objects unloaded after import = 1
========================================================================
Received Import Request.
  Time since last request: 0.000191 seconds.
  path: Assets/cemetery halloween set/Prefab/rock_03.prefab
  artifactKey: Guid(e12f27c8f3e68d24fac80901f55a8e05) Importer(2089858483,0ecaa5967403d082aa24f35e1b516d23)
Start importing Assets/cemetery halloween set/Prefab/rock_03.prefab using Guid(e12f27c8f3e68d24fac80901f55a8e05) Importer(2089858483,0ecaa5967403d082aa24f35e1b516d23) [PhysX] Initialized MultithreadedTaskDispatcher with 8 workers.
 -> (artifact id: '85d95dd5ed6a6ceae564759e83235b06') in 0.003552 seconds
Number of updated asset objects reloaded before import = 0
Number of asset objects unloaded after import = 8
========================================================================
Received Import Request.
  Time since last request: 0.000031 seconds.
  path: Assets/TextMesh Pro/Shaders/TMP_SDF-Mobile Masking.shader
  artifactKey: Guid(bc1ede39bf3643ee8e493720e4259791) Importer(2089858483,0ecaa5967403d082aa24f35e1b516d23)
Start importing Assets/TextMesh Pro/Shaders/TMP_SDF-Mobile Masking.shader using Guid(bc1ede39bf3643ee8e493720e4259791) Importer(2089858483,0ecaa5967403d082aa24f35e1b516d23) [PhysX] Initialized MultithreadedTaskDispatcher with 8 workers.
 -> (artifact id: '7520799ae5ecc76c65a0a2752c1db1eb') in 0.005380 seconds
Number of updated asset objects reloaded before import = 0
Number of asset objects unloaded after import = 1
========================================================================
Received Import Request.
  Time since last request: 0.000327 seconds.
  path: Assets/cemetery halloween set/Prefab/fence_pillar_01.prefab
  artifactKey: Guid(4a7bdb1844d70e74cb49786452e74f1d) Importer(2089858483,0ecaa5967403d082aa24f35e1b516d23)
Start importing Assets/cemetery halloween set/Prefab/fence_pillar_01.prefab using Guid(4a7bdb1844d70e74cb49786452e74f1d) Importer(2089858483,0ecaa5967403d082aa24f35e1b516d23) [PhysX] Initialized MultithreadedTaskDispatcher with 8 workers.
 -> (artifact id: 'f70ec8a9883441b1c97e1397f2ecf59a') in 0.003804 seconds
Number of updated asset objects reloaded before import = 0
Number of asset objects unloaded after import = 8
========================================================================
Received Import Request.
  Time since last request: 0.000094 seconds.
  path: Assets/cemetery halloween set/Prefab/Tree04_BG.prefab
  artifactKey: Guid(550d0c25cc3d197438a50250ad549aa7) Importer(2089858483,0ecaa5967403d082aa24f35e1b516d23)
Start importing Assets/cemetery halloween set/Prefab/Tree04_BG.prefab using Guid(550d0c25cc3d197438a50250ad549aa7) Importer(2089858483,0ecaa5967403d082aa24f35e1b516d23) [PhysX] Initialized MultithreadedTaskDispatcher with 8 workers.
 -> (artifact id: '1fe7e9efa9e04924c04955316849fb3f') in 0.004110 seconds
Number of updated asset objects reloaded before import = 0
Number of asset objects unloaded after import = 9
========================================================================
Received Import Request.
  Time since last request: 0.000113 seconds.
  path: Assets/cemetery halloween set/Prefab/pumpkin_12.prefab
  artifactKey: Guid(a70bcc3108bfb3943bc6b88a5b8125d9) Importer(2089858483,0ecaa5967403d082aa24f35e1b516d23)
Start importing Assets/cemetery halloween set/Prefab/pumpkin_12.prefab using Guid(a70bcc3108bfb3943bc6b88a5b8125d9) Importer(2089858483,0ecaa5967403d082aa24f35e1b516d23) [PhysX] Initialized MultithreadedTaskDispatcher with 8 workers.
 -> (artifact id: '16671066e25d4f0958b7cb83e796e6f5') in 0.003933 seconds
Number of updated asset objects reloaded before import = 0
Number of asset objects unloaded after import = 13
========================================================================
Received Import Request.
  Time since last request: 0.000082 seconds.
  path: Assets/Solutions/Materials/Crate.mat
  artifactKey: Guid(cfd718eed732c6d458c5bc2ba3c839bf) Importer(2089858483,0ecaa5967403d082aa24f35e1b516d23)
Start importing Assets/Solutions/Materials/Crate.mat using Guid(cfd718eed732c6d458c5bc2ba3c839bf) Importer(2089858483,0ecaa5967403d082aa24f35e1b516d23) [PhysX] Initialized MultithreadedTaskDispatcher with 8 workers.
 -> (artifact id: 'a5344a46da93c252d1616b5efc0286ff') in 0.008889 seconds
Number of updated asset objects reloaded before import = 0
Number of asset objects unloaded after import = 4
========================================================================
Received Import Request.
  Time since last request: 0.000069 seconds.
  path: Assets/cemetery halloween set/Prefab_mobile/mobile_dead_tree_02.prefab
  artifactKey: Guid(8ed0dac8bc1ff2a42817e12be50c6939) Importer(2089858483,0ecaa5967403d082aa24f35e1b516d23)
Start importing Assets/cemetery halloween set/Prefab_mobile/mobile_dead_tree_02.prefab using Guid(8ed0dac8bc1ff2a42817e12be50c6939) Importer(2089858483,0ecaa5967403d082aa24f35e1b516d23) [PhysX] Initialized MultithreadedTaskDispatcher with 8 workers.
 -> (artifact id: 'b6ac2f6d93192c08e714d9828ee76a75') in 0.002623 seconds
Number of updated asset objects reloaded before import = 0
Number of asset objects unloaded after import = 15
========================================================================
Received Import Request.
  Time since last request: 0.000062 seconds.
  path: Assets/cemetery halloween set/Prefab/dead_tree_01.prefab
  artifactKey: Guid(9e18d1460d69de341b221e656258c7e0) Importer(2089858483,0ecaa5967403d082aa24f35e1b516d23)
Start importing Assets/cemetery halloween set/Prefab/dead_tree_01.prefab using Guid(9e18d1460d69de341b221e656258c7e0) Importer(2089858483,0ecaa5967403d082aa24f35e1b516d23) [PhysX] Initialized MultithreadedTaskDispatcher with 8 workers.
 -> (artifact id: '2ea8becd5f7b9498895e674f0a28c5df') in 0.002443 seconds
Number of updated asset objects reloaded before import = 0
Number of asset objects unloaded after import = 15
========================================================================
Received Import Request.
  Time since last request: 0.000063 seconds.
  path: Assets/cemetery halloween set/Prefab_mobile/fence_pillar_01.prefab
  artifactKey: Guid(04ad0ea2c477f3642983f0577b89a358) Importer(2089858483,0ecaa5967403d082aa24f35e1b516d23)
Start importing Assets/cemetery halloween set/Prefab_mobile/fence_pillar_01.prefab using Guid(04ad0ea2c477f3642983f0577b89a358) Importer(2089858483,0ecaa5967403d082aa24f35e1b516d23) [PhysX] Initialized MultithreadedTaskDispatcher with 8 workers.
 -> (artifact id: 'c3d176e1a54d3d256f322135b62e0979') in 0.003216 seconds
Number of updated asset objects reloaded before import = 0
Number of asset objects unloaded after import = 8
========================================================================
Received Import Request.
  Time since last request: 0.000195 seconds.
  path: Assets/cemetery halloween set/Prefab/lava_dead_tree_02.prefab
  artifactKey: Guid(b78d6b40ec28ab14c8e78b500c541d2f) Importer(2089858483,0ecaa5967403d082aa24f35e1b516d23)
Start importing Assets/cemetery halloween set/Prefab/lava_dead_tree_02.prefab using Guid(b78d6b40ec28ab14c8e78b500c541d2f) Importer(2089858483,0ecaa5967403d082aa24f35e1b516d23) [PhysX] Initialized MultithreadedTaskDispatcher with 8 workers.
 -> (artifact id: '89c588bbebd917387805b485be4e0c2f') in 0.002418 seconds
Number of updated asset objects reloaded before import = 0
Number of asset objects unloaded after import = 15
========================================================================
Received Import Request.
  Time since last request: 0.000073 seconds.
  path: Assets/TextMesh Pro/Shaders/TMP_SDF SSD.shader
  artifactKey: Guid(14eb328de4b8eb245bb7cea29e4ac00b) Importer(2089858483,0ecaa5967403d082aa24f35e1b516d23)
Start importing Assets/TextMesh Pro/Shaders/TMP_SDF SSD.shader using Guid(14eb328de4b8eb245bb7cea29e4ac00b) Importer(2089858483,0ecaa5967403d082aa24f35e1b516d23) [PhysX] Initialized MultithreadedTaskDispatcher with 8 workers.
 -> (artifact id: 'a8aa9245770a0de5c2c3b757bb03201f') in 0.002453 seconds
Number of updated asset objects reloaded before import = 0
Number of asset objects unloaded after import = 1
========================================================================
Received Import Request.
  Time since last request: 0.000059 seconds.
  path: Assets/cemetery halloween set/Prefab/gravestone_07.prefab
  artifactKey: Guid(9cb717c8378f7294b989570ede15c8c3) Importer(2089858483,0ecaa5967403d082aa24f35e1b516d23)
Start importing Assets/cemetery halloween set/Prefab/gravestone_07.prefab using Guid(9cb717c8378f7294b989570ede15c8c3) Importer(2089858483,0ecaa5967403d082aa24f35e1b516d23) [PhysX] Initialized MultithreadedTaskDispatcher with 8 workers.
 -> (artifact id: 'f5041b70a375797f93a815c871184f6c') in 0.002969 seconds
Number of updated asset objects reloaded before import = 0
Number of asset objects unloaded after import = 8
========================================================================
Received Import Request.
  Time since last request: 0.000023 seconds.
  path: Assets/cemetery halloween set/Prefab/zombie_hand_08.prefab
  artifactKey: Guid(5a1431cb1a2a1454986e38f431f012e0) Importer(2089858483,0ecaa5967403d082aa24f35e1b516d23)
Start importing Assets/cemetery halloween set/Prefab/zombie_hand_08.prefab using Guid(5a1431cb1a2a1454986e38f431f012e0) Importer(2089858483,0ecaa5967403d082aa24f35e1b516d23) [PhysX] Initialized MultithreadedTaskDispatcher with 8 workers.
 -> (artifact id: 'b70e1303267e4b9e6f197e7b4a61a306') in 0.003325 seconds
Number of updated asset objects reloaded before import = 0
Number of asset objects unloaded after import = 8
========================================================================
Received Import Request.
  Time since last request: 0.000057 seconds.
  path: Assets/cemetery halloween set/Prefab/rock_06.prefab
  artifactKey: Guid(0c5baa64d86d0a04cb1e700118ec2e2d) Importer(2089858483,0ecaa5967403d082aa24f35e1b516d23)
Start importing Assets/cemetery halloween set/Prefab/rock_06.prefab using Guid(0c5baa64d86d0a04cb1e700118ec2e2d) Importer(2089858483,0ecaa5967403d082aa24f35e1b516d23) [PhysX] Initialized MultithreadedTaskDispatcher with 8 workers.
 -> (artifact id: '87318f60c22f46a159baaaf38d2b7f95') in 0.003394 seconds
Number of updated asset objects reloaded before import = 0
Number of asset objects unloaded after import = 8
========================================================================
Received Import Request.
  Time since last request: 0.000212 seconds.
  path: Assets/cemetery halloween set/Prefab/spiderweb_04.prefab
  artifactKey: Guid(878b36ce4a9646748a4a1d4a8978584b) Importer(2089858483,0ecaa5967403d082aa24f35e1b516d23)
Start importing Assets/cemetery halloween set/Prefab/spiderweb_04.prefab using Guid(878b36ce4a9646748a4a1d4a8978584b) Importer(2089858483,0ecaa5967403d082aa24f35e1b516d23) [PhysX] Initialized MultithreadedTaskDispatcher with 8 workers.
 -> (artifact id: '9ecd502ad2e8542ad0b42346fd40ce71') in 0.003525 seconds
Number of updated asset objects reloaded before import = 0
Number of asset objects unloaded after import = 8
========================================================================
Received Import Request.
  Time since last request: 0.000242 seconds.
  path: Assets/Solutions/Prefabs/First Person Character 1.prefab
  artifactKey: Guid(6cc9d604434a6d547a2b4f3a6ddb92c1) Importer(2089858483,0ecaa5967403d082aa24f35e1b516d23)
Start importing Assets/Solutions/Prefabs/First Person Character 1.prefab using Guid(6cc9d604434a6d547a2b4f3a6ddb92c1) Importer(2089858483,0ecaa5967403d082aa24f35e1b516d23) [PhysX] Initialized MultithreadedTaskDispatcher with 8 workers.
 -> (artifact id: '1fba76e77c07e7582d13d0de1871b1d9') in 0.000897 seconds
Number of updated asset objects reloaded before import = 0
Number of asset objects unloaded after import = 0
========================================================================
Received Import Request.
  Time since last request: 0.000051 seconds.
  path: Assets/Scripts/First Person Control/Move.cs
  artifactKey: Guid(fbe4b90e9ea924efdb634490c0d0c915) Importer(2089858483,0ecaa5967403d082aa24f35e1b516d23)
Start importing Assets/Scripts/First Person Control/Move.cs using Guid(fbe4b90e9ea924efdb634490c0d0c915) Importer(2089858483,0ecaa5967403d082aa24f35e1b516d23) [PhysX] Initialized MultithreadedTaskDispatcher with 8 workers.
 -> (artifact id: 'e3fe16c469057662d8e359d3301e795b') in 0.001355 seconds
Number of updated asset objects reloaded before import = 0
Number of asset objects unloaded after import = 1
========================================================================
Received Import Request.
  Time since last request: 0.000097 seconds.
  path: Assets/cemetery halloween set/Prefab/lava_dead_tree_04.prefab
  artifactKey: Guid(c9db9d90aba03fe468f68c0c7f75c4d2) Importer(2089858483,0ecaa5967403d082aa24f35e1b516d23)
Start importing Assets/cemetery halloween set/Prefab/lava_dead_tree_04.prefab using Guid(c9db9d90aba03fe468f68c0c7f75c4d2) Importer(2089858483,0ecaa5967403d082aa24f35e1b516d23) [PhysX] Initialized MultithreadedTaskDispatcher with 8 workers.
 -> (artifact id: '279af4f33d6c1751efe3910b29d579a1') in 0.002275 seconds
Number of updated asset objects reloaded before import = 0
Number of asset objects unloaded after import = 15
========================================================================
Received Import Request.
  Time since last request: 0.000070 seconds.
  path: Assets/TextMesh Pro/Shaders/TMP_Bitmap-Mobile.shader
  artifactKey: Guid(1e3b057af24249748ff873be7fafee47) Importer(2089858483,0ecaa5967403d082aa24f35e1b516d23)
Start importing Assets/TextMesh Pro/Shaders/TMP_Bitmap-Mobile.shader using Guid(1e3b057af24249748ff873be7fafee47) Importer(2089858483,0ecaa5967403d082aa24f35e1b516d23) [PhysX] Initialized MultithreadedTaskDispatcher with 8 workers.
 -> (artifact id: 'e5d3468baa55ececfd3ec39c012ef8d6') in 0.002062 seconds
Number of updated asset objects reloaded before import = 0
Number of asset objects unloaded after import = 1
========================================================================
Received Import Request.
  Time since last request: 0.000071 seconds.
  path: Assets/cemetery halloween set/Prefab/rock_13.prefab
  artifactKey: Guid(a468ad4cea8106146a8384818231c1dd) Importer(2089858483,0ecaa5967403d082aa24f35e1b516d23)
Start importing Assets/cemetery halloween set/Prefab/rock_13.prefab using Guid(a468ad4cea8106146a8384818231c1dd) Importer(2089858483,0ecaa5967403d082aa24f35e1b516d23) [PhysX] Initialized MultithreadedTaskDispatcher with 8 workers.
 -> (artifact id: '437a59d067e53c52b5b1c92120168b13') in 0.003124 seconds
Number of updated asset objects reloaded before import = 0
Number of asset objects unloaded after import = 8
========================================================================
Received Import Request.
  Time since last request: 0.000136 seconds.
  path: Assets/cemetery halloween set/Prefab_mobile/Tree04_BG.prefab
  artifactKey: Guid(78555f4733f7d7d429f63aaf92c03e5e) Importer(2089858483,0ecaa5967403d082aa24f35e1b516d23)
Start importing Assets/cemetery halloween set/Prefab_mobile/Tree04_BG.prefab using Guid(78555f4733f7d7d429f63aaf92c03e5e) Importer(2089858483,0ecaa5967403d082aa24f35e1b516d23) [PhysX] Initialized MultithreadedTaskDispatcher with 8 workers.
 -> (artifact id: 'ce54a8b7d5cc508bfff8d029ec14b8ec') in 0.003760 seconds
Number of updated asset objects reloaded before import = 0
Number of asset objects unloaded after import = 9
========================================================================
Received Import Request.
  Time since last request: 0.000042 seconds.
  path: Assets/cemetery halloween set/Prefab/dead_tree_06.prefab
  artifactKey: Guid(94950aa7f0f9d274690502dd49b95930) Importer(2089858483,0ecaa5967403d082aa24f35e1b516d23)
Start importing Assets/cemetery halloween set/Prefab/dead_tree_06.prefab using Guid(94950aa7f0f9d274690502dd49b95930) Importer(2089858483,0ecaa5967403d082aa24f35e1b516d23) [PhysX] Initialized MultithreadedTaskDispatcher with 8 workers.
 -> (artifact id: 'fc8bf2f273bed4a023b09904d992f221') in 0.001854 seconds
Number of updated asset objects reloaded before import = 0
Number of asset objects unloaded after import = 15
========================================================================
Received Import Request.
  Time since last request: 0.000124 seconds.
  path: Assets/TextMesh Pro/Shaders/TMP_SDF-Surface.shader
  artifactKey: Guid(f7ada0af4f174f0694ca6a487b8f543d) Importer(2089858483,0ecaa5967403d082aa24f35e1b516d23)
Start importing Assets/TextMesh Pro/Shaders/TMP_SDF-Surface.shader using Guid(f7ada0af4f174f0694ca6a487b8f543d) Importer(2089858483,0ecaa5967403d082aa24f35e1b516d23) [PhysX] Initialized MultithreadedTaskDispatcher with 8 workers.
 -> (artifact id: '15fa08ee759933356b250b012b50a8e5') in 0.002206 seconds
Number of updated asset objects reloaded before import = 0
Number of asset objects unloaded after import = 1
========================================================================
Received Import Request.
  Time since last request: 0.000334 seconds.
  path: Assets/cemetery halloween set/Prefab/Tree01_BG.prefab
  artifactKey: Guid(1cdf807532223d14c9e48b55f822643f) Importer(2089858483,0ecaa5967403d082aa24f35e1b516d23)
Start importing Assets/cemetery halloween set/Prefab/Tree01_BG.prefab using Guid(1cdf807532223d14c9e48b55f822643f) Importer(2089858483,0ecaa5967403d082aa24f35e1b516d23) [PhysX] Initialized MultithreadedTaskDispatcher with 8 workers.
 -> (artifact id: '63149617ef8e185b60944bcb076ae0a5') in 0.005997 seconds
Number of updated asset objects reloaded before import = 0
Number of asset objects unloaded after import = 9
========================================================================
Received Import Request.
  Time since last request: 0.000202 seconds.
  path: Assets/TextMesh Pro/Shaders/TMPro_Properties.cginc
  artifactKey: Guid(3997e2241185407d80309a82f9148466) Importer(2089858483,0ecaa5967403d082aa24f35e1b516d23)
Start importing Assets/TextMesh Pro/Shaders/TMPro_Properties.cginc using Guid(3997e2241185407d80309a82f9148466) Importer(2089858483,0ecaa5967403d082aa24f35e1b516d23) [PhysX] Initialized MultithreadedTaskDispatcher with 8 workers.
 -> (artifact id: '2136a9a7253b4cdd657c91d38aeccaf3') in 0.001487 seconds
Number of updated asset objects reloaded before import = 0
Number of asset objects unloaded after import = 1
========================================================================
Received Import Request.
  Time since last request: 0.000053 seconds.
  path: Assets/cemetery halloween set/Prefab/dead_tree_02.prefab
  artifactKey: Guid(096024c93fe017b42bb3832df1701ad7) Importer(2089858483,0ecaa5967403d082aa24f35e1b516d23)
Start importing Assets/cemetery halloween set/Prefab/dead_tree_02.prefab using Guid(096024c93fe017b42bb3832df1701ad7) Importer(2089858483,0ecaa5967403d082aa24f35e1b516d23) [PhysX] Initialized MultithreadedTaskDispatcher with 8 workers.
 -> (artifact id: 'af80d78ae0adbee9dfc0bfc4b342e007') in 0.002335 seconds
Number of updated asset objects reloaded before import = 0
Number of asset objects unloaded after import = 15
========================================================================
Received Import Request.
  Time since last request: 0.000027 seconds.
  path: Assets/cemetery halloween set/Prefab/rock_09.prefab
  artifactKey: Guid(bca0a51a49d51e34e907a989aa481987) Importer(2089858483,0ecaa5967403d082aa24f35e1b516d23)
Start importing Assets/cemetery halloween set/Prefab/rock_09.prefab using Guid(bca0a51a49d51e34e907a989aa481987) Importer(2089858483,0ecaa5967403d082aa24f35e1b516d23) [PhysX] Initialized MultithreadedTaskDispatcher with 8 workers.
 -> (artifact id: '7d1c765f6c55ee84e115f50253148725') in 0.003341 seconds
Number of updated asset objects reloaded before import = 0
Number of asset objects unloaded after import = 8
========================================================================
Received Import Request.
  Time since last request: 0.000191 seconds.
  path: Assets/cemetery halloween set/Prefab/bush_01.prefab
  artifactKey: Guid(d083143e5ce002340b5a96b02dd521bd) Importer(2089858483,0ecaa5967403d082aa24f35e1b516d23)
Start importing Assets/cemetery halloween set/Prefab/bush_01.prefab using Guid(d083143e5ce002340b5a96b02dd521bd) Importer(2089858483,0ecaa5967403d082aa24f35e1b516d23) [PhysX] Initialized MultithreadedTaskDispatcher with 8 workers.
 -> (artifact id: '2c5cab2a1b494576bffedd8962eb2416') in 0.003405 seconds
Number of updated asset objects reloaded before import = 0
Number of asset objects unloaded after import = 8
========================================================================
Received Import Request.
  Time since last request: 0.000081 seconds.
  path: Assets/cemetery halloween set/Demo/model_preview.unity
  artifactKey: Guid(3d95b8dd4f2e20445b034d6221d89595) Importer(2089858483,0ecaa5967403d082aa24f35e1b516d23)
Start importing Assets/cemetery halloween set/Demo/model_preview.unity using Guid(3d95b8dd4f2e20445b034d6221d89595) Importer(2089858483,0ecaa5967403d082aa24f35e1b516d23) [PhysX] Initialized MultithreadedTaskDispatcher with 8 workers.
 -> (artifact id: 'bd16eac43f3dce59e5e85ad83f507b8f') in 0.000952 seconds
Number of updated asset objects reloaded before import = 0
Number of asset objects unloaded after import = 1
========================================================================
Received Import Request.
  Time since last request: 0.000200 seconds.
  path: Assets/cemetery halloween set/Prefab/rock_11.prefab
  artifactKey: Guid(526fb1c3797d5ce4b80497fa594065a5) Importer(2089858483,0ecaa5967403d082aa24f35e1b516d23)
Start importing Assets/cemetery halloween set/Prefab/rock_11.prefab using Guid(526fb1c3797d5ce4b80497fa594065a5) Importer(2089858483,0ecaa5967403d082aa24f35e1b516d23) [PhysX] Initialized MultithreadedTaskDispatcher with 8 workers.
 -> (artifact id: '3c5dee1b3c77a2c4e9cb1adbde4e6611') in 0.003374 seconds
Number of updated asset objects reloaded before import = 0
Number of asset objects unloaded after import = 8
========================================================================
Received Import Request.
  Time since last request: 0.000306 seconds.
  path: Assets/cemetery halloween set/Prefab/gravestone_05.prefab
  artifactKey: Guid(6c3a8709738562e449b3dd58f4a3ccd2) Importer(2089858483,0ecaa5967403d082aa24f35e1b516d23)
Start importing Assets/cemetery halloween set/Prefab/gravestone_05.prefab using Guid(6c3a8709738562e449b3dd58f4a3ccd2) Importer(2089858483,0ecaa5967403d082aa24f35e1b516d23) [PhysX] Initialized MultithreadedTaskDispatcher with 8 workers.
 -> (artifact id: '051bfbea5efceaa5e1c7b2e310eae680') in 0.003277 seconds
Number of updated asset objects reloaded before import = 0
Number of asset objects unloaded after import = 8
========================================================================
Received Import Request.
  Time since last request: 0.000036 seconds.
  path: Assets/TextMesh Pro/Sprites/EmojiOne.json
  artifactKey: Guid(8f05276190cf498a8153f6cbe761d4e6) Importer(2089858483,0ecaa5967403d082aa24f35e1b516d23)
Start importing Assets/TextMesh Pro/Sprites/EmojiOne.json using Guid(8f05276190cf498a8153f6cbe761d4e6) Importer(2089858483,0ecaa5967403d082aa24f35e1b516d23) [PhysX] Initialized MultithreadedTaskDispatcher with 8 workers.
 -> (artifact id: '684bfa4c73b976d7ea06fe92a42e938f') in 0.001662 seconds
Number of updated asset objects reloaded before import = 0
Number of asset objects unloaded after import = 1
========================================================================
Received Import Request.
  Time since last request: 0.000098 seconds.
  path: Assets/Sounds/bang-sfx/bang_02.ogg
  artifactKey: Guid(51773903528d04c3db57e156c8e43219) Importer(2089858483,0ecaa5967403d082aa24f35e1b516d23)
Start importing Assets/Sounds/bang-sfx/bang_02.ogg using Guid(51773903528d04c3db57e156c8e43219) Importer(2089858483,0ecaa5967403d082aa24f35e1b516d23) [PhysX] Initialized MultithreadedTaskDispatcher with 8 workers.
 -> (artifact id: '8adba12448b3c478423acb27fc609fcd') in 0.019714 seconds
Number of updated asset objects reloaded before import = 0
Number of asset objects unloaded after import = 1
========================================================================
Received Import Request.
  Time since last request: 0.000331 seconds.
  path: Assets/Scripts/First Person Control/Look.cs
  artifactKey: Guid(d1625000a9d164a3599330b803063854) Importer(2089858483,0ecaa5967403d082aa24f35e1b516d23)
Start importing Assets/Scripts/First Person Control/Look.cs using Guid(d1625000a9d164a3599330b803063854) Importer(2089858483,0ecaa5967403d082aa24f35e1b516d23) [PhysX] Initialized MultithreadedTaskDispatcher with 8 workers.
 -> (artifact id: '2f071e6970f21a41f3ec64ec2d85037f') in 0.002229 seconds
Number of updated asset objects reloaded before import = 0
Number of asset objects unloaded after import = 1
========================================================================
Received Import Request.
  Time since last request: 0.000341 seconds.
  path: Assets/cemetery halloween set/Prefab/zombie_hand_05.prefab
  artifactKey: Guid(57ea381efca25cf4bb6ad21fb8d5836a) Importer(2089858483,0ecaa5967403d082aa24f35e1b516d23)
Start importing Assets/cemetery halloween set/Prefab/zombie_hand_05.prefab using Guid(57ea381efca25cf4bb6ad21fb8d5836a) Importer(2089858483,0ecaa5967403d082aa24f35e1b516d23) [PhysX] Initialized MultithreadedTaskDispatcher with 8 workers.
 -> (artifact id: '082efecede38ea3c3ea05c952f2464a1') in 0.003605 seconds
Number of updated asset objects reloaded before import = 0
Number of asset objects unloaded after import = 8
========================================================================
Received Import Request.
  Time since last request: 0.000179 seconds.
  path: Assets/Sounds/bang-sfx/bang_05.ogg
  artifactKey: Guid(154d98a78dd6b4d47ae8016be022cf0f) Importer(2089858483,0ecaa5967403d082aa24f35e1b516d23)
Start importing Assets/Sounds/bang-sfx/bang_05.ogg using Guid(154d98a78dd6b4d47ae8016be022cf0f) Importer(2089858483,0ecaa5967403d082aa24f35e1b516d23) [PhysX] Initialized MultithreadedTaskDispatcher with 8 workers.
 -> (artifact id: '81ece1ec75da2e7891dc94565c159322') in 0.020793 seconds
Number of updated asset objects reloaded before import = 0
Number of asset objects unloaded after import = 1
========================================================================
Received Import Request.
  Time since last request: 0.000128 seconds.
  path: Assets/cemetery halloween set/Prefab_mobile/Tree01_BG.prefab
  artifactKey: Guid(ecfa1f25d7669da4c9bcdf7acf50da99) Importer(2089858483,0ecaa5967403d082aa24f35e1b516d23)
Start importing Assets/cemetery halloween set/Prefab_mobile/Tree01_BG.prefab using Guid(ecfa1f25d7669da4c9bcdf7acf50da99) Importer(2089858483,0ecaa5967403d082aa24f35e1b516d23) [PhysX] Initialized MultithreadedTaskDispatcher with 8 workers.
 -> (artifact id: '9f4ac7b18222061650f2e020196e81b5') in 0.004001 seconds
Number of updated asset objects reloaded before import = 0
Number of asset objects unloaded after import = 9
========================================================================
Received Import Request.
  Time since last request: 0.000074 seconds.
  path: Assets/cemetery halloween set/Prefab/rock_05.prefab
  artifactKey: Guid(83ecf306b2d49354b9f7c6541ffe32dc) Importer(2089858483,0ecaa5967403d082aa24f35e1b516d23)
Start importing Assets/cemetery halloween set/Prefab/rock_05.prefab using Guid(83ecf306b2d49354b9f7c6541ffe32dc) Importer(2089858483,0ecaa5967403d082aa24f35e1b516d23) [PhysX] Initialized MultithreadedTaskDispatcher with 8 workers.
 -> (artifact id: '345422517359e7e8622b17b812b8650d') in 0.003780 seconds
Number of updated asset objects reloaded before import = 0
Number of asset objects unloaded after import = 8
========================================================================
Received Import Request.
  Time since last request: 0.000130 seconds.
  path: Assets/cemetery halloween set/Prefab/hang_pumpkin_04.prefab
  artifactKey: Guid(17f938bd0b741b648bc90b68ab21d41a) Importer(2089858483,0ecaa5967403d082aa24f35e1b516d23)
Start importing Assets/cemetery halloween set/Prefab/hang_pumpkin_04.prefab using Guid(17f938bd0b741b648bc90b68ab21d41a) Importer(2089858483,0ecaa5967403d082aa24f35e1b516d23) [PhysX] Initialized MultithreadedTaskDispatcher with 8 workers.
 -> (artifact id: '61b32dd30a33797d16d07d4b086eb0b2') in 0.003785 seconds
Number of updated asset objects reloaded before import = 0
Number of asset objects unloaded after import = 8
========================================================================
Received Import Request.
  Time since last request: 0.000167 seconds.
  path: Assets/cemetery halloween set/Prefab/spiderweb_02.prefab
  artifactKey: Guid(3e660194188b9ac448f45d41ab7bbf30) Importer(2089858483,0ecaa5967403d082aa24f35e1b516d23)
Start importing Assets/cemetery halloween set/Prefab/spiderweb_02.prefab using Guid(3e660194188b9ac448f45d41ab7bbf30) Importer(2089858483,0ecaa5967403d082aa24f35e1b516d23) [PhysX] Initialized MultithreadedTaskDispatcher with 8 workers.
 -> (artifact id: 'b34bd90a42ce08403810e053f0a37f81') in 0.003228 seconds
Number of updated asset objects reloaded before import = 0
Number of asset objects unloaded after import = 8
========================================================================
Received Import Request.
  Time since last request: 0.000029 seconds.
  path: Assets/Solutions/Lesson 2-5/NavMesh.asset
  artifactKey: Guid(65cb066e962ebe942bdbfa5bbd38e964) Importer(2089858483,0ecaa5967403d082aa24f35e1b516d23)
Start importing Assets/Solutions/Lesson 2-5/NavMesh.asset using Guid(65cb066e962ebe942bdbfa5bbd38e964) Importer(2089858483,0ecaa5967403d082aa24f35e1b516d23) [PhysX] Initialized MultithreadedTaskDispatcher with 8 workers.
 -> (artifact id: '5910f69c3319f4cd87cdf8d216038f0f') in 0.003592 seconds
Number of updated asset objects reloaded before import = 0
Number of asset objects unloaded after import = 1
========================================================================
Received Import Request.
  Time since last request: 0.000100 seconds.
  path: Assets/cemetery halloween set/Demo/model_previewSettings.lighting
  artifactKey: Guid(0420d31498cb245029c02f0d392afcba) Importer(2089858483,0ecaa5967403d082aa24f35e1b516d23)
Start importing Assets/cemetery halloween set/Demo/model_previewSettings.lighting using Guid(0420d31498cb245029c02f0d392afcba) Importer(2089858483,0ecaa5967403d082aa24f35e1b516d23) [PhysX] Initialized MultithreadedTaskDispatcher with 8 workers.
LightingSettings: switching bake backend from 2 to 0.
 -> (artifact id: '36baa6fc937e2086bdca236a8bc94ee3') in 0.006144 seconds
Number of updated asset objects reloaded before import = 0
Number of asset objects unloaded after import = 1
========================================================================
Received Import Request.
  Time since last request: 0.000135 seconds.
  path: Assets/LowPoly Guns/Prefabs/Pistol 1.prefab
  artifactKey: Guid(748d19574625db444877ca05561b6aea) Importer(2089858483,0ecaa5967403d082aa24f35e1b516d23)
Start importing Assets/LowPoly Guns/Prefabs/Pistol 1.prefab using Guid(748d19574625db444877ca05561b6aea) Importer(2089858483,0ecaa5967403d082aa24f35e1b516d23) [PhysX] Initialized MultithreadedTaskDispatcher with 8 workers.
 -> (artifact id: 'a0465dc209a5aa74d1a0fc9c1df4115f') in 0.003706 seconds
Number of updated asset objects reloaded before import = 0
Number of asset objects unloaded after import = 8
========================================================================
Received Import Request.
  Time since last request: 0.000095 seconds.
  path: Assets/TextMesh Pro/Shaders/TMP_Sprite.shader
  artifactKey: Guid(cf81c85f95fe47e1a27f6ae460cf182c) Importer(2089858483,0ecaa5967403d082aa24f35e1b516d23)
Start importing Assets/TextMesh Pro/Shaders/TMP_Sprite.shader using Guid(cf81c85f95fe47e1a27f6ae460cf182c) Importer(2089858483,0ecaa5967403d082aa24f35e1b516d23) [PhysX] Initialized MultithreadedTaskDispatcher with 8 workers.
 -> (artifact id: 'f23ecb694a48cdb986becad0a4c0125e') in 0.002559 seconds
Number of updated asset objects reloaded before import = 0
Number of asset objects unloaded after import = 1
========================================================================
Received Import Request.
  Time since last request: 0.000083 seconds.
  path: Assets/cemetery halloween set/Prefab/sample_scene.prefab
  artifactKey: Guid(9128fac7ecb9c4b4085275bbf85879ee) Importer(2089858483,0ecaa5967403d082aa24f35e1b516d23)
Start importing Assets/cemetery halloween set/Prefab/sample_scene.prefab using Guid(9128fac7ecb9c4b4085275bbf85879ee) Importer(2089858483,0ecaa5967403d082aa24f35e1b516d23) [PhysX] Initialized MultithreadedTaskDispatcher with 8 workers.
 -> (artifact id: 'fc042239229b28a17c859a36d282b4e3') in 0.014867 seconds
Number of updated asset objects reloaded before import = 0
Number of asset objects unloaded after import = 1709
========================================================================
Received Import Request.
  Time since last request: 0.000036 seconds.
  path: Assets/cemetery halloween set/Prefab/zombie_hand_07.prefab
  artifactKey: Guid(0c654bfecb1e6c4468c8934406b1c1b2) Importer(2089858483,0ecaa5967403d082aa24f35e1b516d23)
Start importing Assets/cemetery halloween set/Prefab/zombie_hand_07.prefab using Guid(0c654bfecb1e6c4468c8934406b1c1b2) Importer(2089858483,0ecaa5967403d082aa24f35e1b516d23) [PhysX] Initialized MultithreadedTaskDispatcher with 8 workers.
 -> (artifact id: '77fc502cfff04d9f20a79f62eeec06b6') in 0.004292 seconds
Number of updated asset objects reloaded before import = 0
Number of asset objects unloaded after import = 8
========================================================================
Received Import Request.
  Time since last request: 0.000211 seconds.
  path: Assets/cemetery halloween set/Prefab/spokebone_03.prefab
  artifactKey: Guid(7c0cac86f64b4ee47af54e4af1fd878a) Importer(2089858483,0ecaa5967403d082aa24f35e1b516d23)
Start importing Assets/cemetery halloween set/Prefab/spokebone_03.prefab using Guid(7c0cac86f64b4ee47af54e4af1fd878a) Importer(2089858483,0ecaa5967403d082aa24f35e1b516d23) [PhysX] Initialized MultithreadedTaskDispatcher with 8 workers.
 -> (artifact id: 'e48001c795be6145076ffd87d8c58d96') in 0.003584 seconds
Number of updated asset objects reloaded before import = 0
Number of asset objects unloaded after import = 8
========================================================================
Received Import Request.
  Time since last request: 0.000511 seconds.
  path: Assets/Scripts/Mouse Controls/IPickup.cs
  artifactKey: Guid(aa41f292bcaa34df18779ef573947afd) Importer(2089858483,0ecaa5967403d082aa24f35e1b516d23)
Start importing Assets/Scripts/Mouse Controls/IPickup.cs using Guid(aa41f292bcaa34df18779ef573947afd) Importer(2089858483,0ecaa5967403d082aa24f35e1b516d23) [PhysX] Initialized MultithreadedTaskDispatcher with 8 workers.
 -> (artifact id: '92115555c5ac113eddcbfd32c7f2ed24') in 0.001544 seconds
Number of updated asset objects reloaded before import = 0
Number of asset objects unloaded after import = 1
========================================================================
Received Import Request.
  Time since last request: 0.000286 seconds.
  path: Assets/cemetery halloween set/Prefab/pumpkin_01.prefab
  artifactKey: Guid(5698f742ca2502047b86ffde9337a99c) Importer(2089858483,0ecaa5967403d082aa24f35e1b516d23)
Start importing Assets/cemetery halloween set/Prefab/pumpkin_01.prefab using Guid(5698f742ca2502047b86ffde9337a99c) Importer(2089858483,0ecaa5967403d082aa24f35e1b516d23) [PhysX] Initialized MultithreadedTaskDispatcher with 8 workers.
 -> (artifact id: 'a465b0d9aa7e04dad8441c4d1f9fe709') in 0.003669 seconds
Number of updated asset objects reloaded before import = 0
Number of asset objects unloaded after import = 13
========================================================================
Received Import Request.
  Time since last request: 0.000026 seconds.
  path: Assets/cemetery halloween set/Prefab/gravestone_09.prefab
  artifactKey: Guid(00474b18ee4c2b645aef1d1232934c53) Importer(2089858483,0ecaa5967403d082aa24f35e1b516d23)
Start importing Assets/cemetery halloween set/Prefab/gravestone_09.prefab using Guid(00474b18ee4c2b645aef1d1232934c53) Importer(2089858483,0ecaa5967403d082aa24f35e1b516d23) [PhysX] Initialized MultithreadedTaskDispatcher with 8 workers.
 -> (artifact id: '94a09d4389acd5938840cd3cf6fef2f5') in 0.003261 seconds
Number of updated asset objects reloaded before import = 0
Number of asset objects unloaded after import = 8
========================================================================
Received Import Request.
  Time since last request: 0.000057 seconds.
  path: Assets/Materials/ColorOnlyMat/PlayerMat.mat
  artifactKey: Guid(8182bc59366794f9fb7939d4d4ac9b1f) Importer(2089858483,0ecaa5967403d082aa24f35e1b516d23)
Start importing Assets/Materials/ColorOnlyMat/PlayerMat.mat using Guid(8182bc59366794f9fb7939d4d4ac9b1f) Importer(2089858483,0ecaa5967403d082aa24f35e1b516d23) [PhysX] Initialized MultithreadedTaskDispatcher with 8 workers.
 -> (artifact id: '5905e7e5f8b98b6ec9578bfc78aad59c') in 0.001965 seconds
Number of updated asset objects reloaded before import = 0
Number of asset objects unloaded after import = 1
========================================================================
Received Import Request.
  Time since last request: 0.000111 seconds.
  path: Assets/cemetery halloween set/Prefab/gravestone_04.prefab
  artifactKey: Guid(462caf5e9b6e21d47a0fd752618407ed) Importer(2089858483,0ecaa5967403d082aa24f35e1b516d23)
Start importing Assets/cemetery halloween set/Prefab/gravestone_04.prefab using Guid(462caf5e9b6e21d47a0fd752618407ed) Importer(2089858483,0ecaa5967403d082aa24f35e1b516d23) [PhysX] Initialized MultithreadedTaskDispatcher with 8 workers.
 -> (artifact id: '59f79ee3395c0124615f82b6218a3b40') in 0.003431 seconds
Number of updated asset objects reloaded before import = 0
Number of asset objects unloaded after import = 8
========================================================================
Received Import Request.
  Time since last request: 0.000220 seconds.
  path: Assets/TextMesh Pro/Shaders/TMP_SDF-Mobile SSD.shader
  artifactKey: Guid(c8d12adcee749c344b8117cf7c7eb912) Importer(2089858483,0ecaa5967403d082aa24f35e1b516d23)
Start importing Assets/TextMesh Pro/Shaders/TMP_SDF-Mobile SSD.shader using Guid(c8d12adcee749c344b8117cf7c7eb912) Importer(2089858483,0ecaa5967403d082aa24f35e1b516d23) [PhysX] Initialized MultithreadedTaskDispatcher with 8 workers.
 -> (artifact id: '262f2b40466d2f0cc826c44e113e3e56') in 0.002886 seconds
Number of updated asset objects reloaded before import = 0
Number of asset objects unloaded after import = 1
========================================================================
Received Import Request.
  Time since last request: 0.000285 seconds.
  path: Assets/cemetery halloween set/Prefab/pumpkin_05.prefab
  artifactKey: Guid(6ec12ce176abe70468dd369344d5062f) Importer(2089858483,0ecaa5967403d082aa24f35e1b516d23)
Start importing Assets/cemetery halloween set/Prefab/pumpkin_05.prefab using Guid(6ec12ce176abe70468dd369344d5062f) Importer(2089858483,0ecaa5967403d082aa24f35e1b516d23) [PhysX] Initialized MultithreadedTaskDispatcher with 8 workers.
 -> (artifact id: '28181f8b5b4b497d476a359cccec5d73') in 0.003642 seconds
Number of updated asset objects reloaded before import = 0
Number of asset objects unloaded after import = 13
========================================================================
Received Import Request.
  Time since last request: 0.000046 seconds.
  path: Assets/LowPoly Guns/Meshes/Sniper.fbx
  artifactKey: Guid(db5ef47b9b5631844bab1e1c50f5a988) Importer(2089858483,0ecaa5967403d082aa24f35e1b516d23)
Start importing Assets/LowPoly Guns/Meshes/Sniper.fbx using Guid(db5ef47b9b5631844bab1e1c50f5a988) Importer(2089858483,0ecaa5967403d082aa24f35e1b516d23) [PhysX] Initialized MultithreadedTaskDispatcher with 8 workers.
 -> (artifact id: 'e8c9428bb78f1d12a01f391a7dc438ef') in 0.005771 seconds
Number of updated asset objects reloaded before import = 0
Number of asset objects unloaded after import = 7
========================================================================
Received Import Request.
  Time since last request: 0.000209 seconds.
  path: Assets/TextMesh Pro/Resources/LineBreaking Following Characters.txt
  artifactKey: Guid(fade42e8bc714b018fac513c043d323b) Importer(2089858483,0ecaa5967403d082aa24f35e1b516d23)
Start importing Assets/TextMesh Pro/Resources/LineBreaking Following Characters.txt using Guid(fade42e8bc714b018fac513c043d323b) Importer(2089858483,0ecaa5967403d082aa24f35e1b516d23) [PhysX] Initialized MultithreadedTaskDispatcher with 8 workers.
 -> (artifact id: '1bc2a1dbead08efeafc8cd2125f3fe3e') in 0.001200 seconds
Number of updated asset objects reloaded before import = 0
Number of asset objects unloaded after import = 1
========================================================================
Received Import Request.
  Time since last request: 0.000132 seconds.
  path: Assets/Sounds/bang-sfx/bang_07.ogg
  artifactKey: Guid(a6b3e0a113a144f20a01008aeca03081) Importer(2089858483,0ecaa5967403d082aa24f35e1b516d23)
Start importing Assets/Sounds/bang-sfx/bang_07.ogg using Guid(a6b3e0a113a144f20a01008aeca03081) Importer(2089858483,0ecaa5967403d082aa24f35e1b516d23) [PhysX] Initialized MultithreadedTaskDispatcher with 8 workers.
 -> (artifact id: 'c836e642b75a3e60eaf9dd1841f3695c') in 0.020781 seconds
Number of updated asset objects reloaded before import = 0
Number of asset objects unloaded after import = 1
========================================================================
Received Import Request.
  Time since last request: 0.000139 seconds.
  path: Assets/Sounds/bang-sfx/cannon_01.ogg
  artifactKey: Guid(d9aae50c463d34b43beb7b6cfb8a6cc2) Importer(2089858483,0ecaa5967403d082aa24f35e1b516d23)
Start importing Assets/Sounds/bang-sfx/cannon_01.ogg using Guid(d9aae50c463d34b43beb7b6cfb8a6cc2) Importer(2089858483,0ecaa5967403d082aa24f35e1b516d23) [PhysX] Initialized MultithreadedTaskDispatcher with 8 workers.
 -> (artifact id: '4e42174571dd4251268b60f9e066dc3c') in 0.021202 seconds
Number of updated asset objects reloaded before import = 0
Number of asset objects unloaded after import = 1
========================================================================
Received Import Request.
  Time since last request: 0.000084 seconds.
  path: Assets/Scripts/MiniProject2/SimpleScoreTrack.cs
  artifactKey: Guid(f35c6db8f6e6040708c0d73765f14893) Importer(2089858483,0ecaa5967403d082aa24f35e1b516d23)
Start importing Assets/Scripts/MiniProject2/SimpleScoreTrack.cs using Guid(f35c6db8f6e6040708c0d73765f14893) Importer(2089858483,0ecaa5967403d082aa24f35e1b516d23) [PhysX] Initialized MultithreadedTaskDispatcher with 8 workers.
 -> (artifact id: '01556761df5d94f44692e0968778da56') in 0.001721 seconds
Number of updated asset objects reloaded before import = 0
Number of asset objects unloaded after import = 1
========================================================================
Received Import Request.
  Time since last request: 0.000058 seconds.
  path: Assets/cemetery halloween set/Prefab_mobile/mobile_dead_tree_01.prefab
  artifactKey: Guid(82b2054d2bd318c4e8c7b06e163cba40) Importer(2089858483,0ecaa5967403d082aa24f35e1b516d23)
Start importing Assets/cemetery halloween set/Prefab_mobile/mobile_dead_tree_01.prefab using Guid(82b2054d2bd318c4e8c7b06e163cba40) Importer(2089858483,0ecaa5967403d082aa24f35e1b516d23) [PhysX] Initialized MultithreadedTaskDispatcher with 8 workers.
 -> (artifact id: 'e4ad8af141b88b5ee845646880db2e3e') in 0.002738 seconds
Number of updated asset objects reloaded before import = 0
Number of asset objects unloaded after import = 15
========================================================================
Received Import Request.
  Time since last request: 0.000173 seconds.
  path: Assets/cemetery halloween set/Prefab/gravestone_01.prefab
  artifactKey: Guid(62c53ccdf1ee5404bb1356b626706342) Importer(2089858483,0ecaa5967403d082aa24f35e1b516d23)
Start importing Assets/cemetery halloween set/Prefab/gravestone_01.prefab using Guid(62c53ccdf1ee5404bb1356b626706342) Importer(2089858483,0ecaa5967403d082aa24f35e1b516d23) [PhysX] Initialized MultithreadedTaskDispatcher with 8 workers.
 -> (artifact id: '23d7736a019e35c49caf8b9b97517e9d') in 0.003372 seconds
Number of updated asset objects reloaded before import = 0
Number of asset objects unloaded after import = 8
========================================================================
Received Import Request.
  Time since last request: 0.000203 seconds.
  path: Assets/Scripts/MiniProject2/SimpleSpawner.cs
  artifactKey: Guid(8bd5be88c82fa4d939cdf23d947655c4) Importer(2089858483,0ecaa5967403d082aa24f35e1b516d23)
Start importing Assets/Scripts/MiniProject2/SimpleSpawner.cs using Guid(8bd5be88c82fa4d939cdf23d947655c4) Importer(2089858483,0ecaa5967403d082aa24f35e1b516d23) [PhysX] Initialized MultithreadedTaskDispatcher with 8 workers.
 -> (artifact id: '27454ff26a240ac6ab51eda349656033') in 0.001598 seconds
Number of updated asset objects reloaded before import = 0
Number of asset objects unloaded after import = 1
========================================================================
Received Import Request.
  Time since last request: 0.000227 seconds.
  path: Assets/cemetery halloween set/Prefab/skull_01.prefab
  artifactKey: Guid(104642415d9f7ec4f87f421fafd14dde) Importer(2089858483,0ecaa5967403d082aa24f35e1b516d23)
Start importing Assets/cemetery halloween set/Prefab/skull_01.prefab using Guid(104642415d9f7ec4f87f421fafd14dde) Importer(2089858483,0ecaa5967403d082aa24f35e1b516d23) [PhysX] Initialized MultithreadedTaskDispatcher with 8 workers.
 -> (artifact id: 'f5068fa48512fe453b67b18747388496') in 0.003104 seconds
Number of updated asset objects reloaded before import = 0
Number of asset objects unloaded after import = 8
========================================================================
Received Import Request.
  Time since last request: 0.000045 seconds.
  path: Assets/cemetery halloween set/Prefab/gravestone_03.prefab
  artifactKey: Guid(aed5aa50d2da06a4d989ad965417c5e2) Importer(2089858483,0ecaa5967403d082aa24f35e1b516d23)
Start importing Assets/cemetery halloween set/Prefab/gravestone_03.prefab using Guid(aed5aa50d2da06a4d989ad965417c5e2) Importer(2089858483,0ecaa5967403d082aa24f35e1b516d23) [PhysX] Initialized MultithreadedTaskDispatcher with 8 workers.
 -> (artifact id: '7154c9698fd396e3a2048dfe7fb9081c') in 0.003173 seconds
Number of updated asset objects reloaded before import = 0
Number of asset objects unloaded after import = 8
========================================================================
Received Import Request.
  Time since last request: 0.000034 seconds.
  path: Assets/cemetery halloween set/Prefab/skull_06.prefab
  artifactKey: Guid(caeb93a3cb1520849b1a7a8b5cd5f57d) Importer(2089858483,0ecaa5967403d082aa24f35e1b516d23)
Start importing Assets/cemetery halloween set/Prefab/skull_06.prefab using Guid(caeb93a3cb1520849b1a7a8b5cd5f57d) Importer(2089858483,0ecaa5967403d082aa24f35e1b516d23) [PhysX] Initialized MultithreadedTaskDispatcher with 8 workers.
 -> (artifact id: 'a0031ddf87d389e71e470910aec2c93d') in 0.003175 seconds
Number of updated asset objects reloaded before import = 0
Number of asset objects unloaded after import = 8
========================================================================
Received Import Request.
  Time since last request: 0.000138 seconds.
  path: Assets/cemetery halloween set/Prefab/fence_tile_05.prefab
  artifactKey: Guid(af50065cf67981e4aa640f559cdba263) Importer(2089858483,0ecaa5967403d082aa24f35e1b516d23)
Start importing Assets/cemetery halloween set/Prefab/fence_tile_05.prefab using Guid(af50065cf67981e4aa640f559cdba263) Importer(2089858483,0ecaa5967403d082aa24f35e1b516d23) [PhysX] Initialized MultithreadedTaskDispatcher with 8 workers.
 -> (artifact id: 'bf9df9468d2ede4e386634d70474a021') in 0.003243 seconds
Number of updated asset objects reloaded before import = 0
Number of asset objects unloaded after import = 8
========================================================================
Received Import Request.
  Time since last request: 0.000122 seconds.
  path: Assets/Scripts/Mouse Controls/MousePickup.cs
  artifactKey: Guid(dbda46cda60d54b0c8ec6634a2ed61bb) Importer(2089858483,0ecaa5967403d082aa24f35e1b516d23)
Start importing Assets/Scripts/Mouse Controls/MousePickup.cs using Guid(dbda46cda60d54b0c8ec6634a2ed61bb) Importer(2089858483,0ecaa5967403d082aa24f35e1b516d23) [PhysX] Initialized MultithreadedTaskDispatcher with 8 workers.
 -> (artifact id: 'cb282e38f3407fcc1044ac887d7be10c') in 0.001569 seconds
Number of updated asset objects reloaded before import = 0
Number of asset objects unloaded after import = 1
========================================================================
Received Import Request.
  Time since last request: 0.000106 seconds.
  path: Assets/Sounds/bang-sfx/fw_03.ogg
  artifactKey: Guid(22beddb1fb8734a0c93a20bc9337859b) Importer(2089858483,0ecaa5967403d082aa24f35e1b516d23)
Start importing Assets/Sounds/bang-sfx/fw_03.ogg using Guid(22beddb1fb8734a0c93a20bc9337859b) Importer(2089858483,0ecaa5967403d082aa24f35e1b516d23) [PhysX] Initialized MultithreadedTaskDispatcher with 8 workers.
 -> (artifact id: '960760cc2930900a3d081ab2457a0627') in 0.019155 seconds
Number of updated asset objects reloaded before import = 0
Number of asset objects unloaded after import = 1
========================================================================
Received Import Request.
  Time since last request: 0.000258 seconds.
  path: Assets/cemetery halloween set/Prefab/zombie_hand_02.prefab
  artifactKey: Guid(b444d9556b15c084f81049623b2809c7) Importer(2089858483,0ecaa5967403d082aa24f35e1b516d23)
Start importing Assets/cemetery halloween set/Prefab/zombie_hand_02.prefab using Guid(b444d9556b15c084f81049623b2809c7) Importer(2089858483,0ecaa5967403d082aa24f35e1b516d23) [PhysX] Initialized MultithreadedTaskDispatcher with 8 workers.
 -> (artifact id: '36fab86abcd8b712903dd59734b9ba4c') in 0.003530 seconds
Number of updated asset objects reloaded before import = 0
Number of asset objects unloaded after import = 8
========================================================================
Received Import Request.
  Time since last request: 0.000033 seconds.
  path: Assets/Solutions/Prefabs/First Person Character.prefab
  artifactKey: Guid(f0d267eb0676bf347824dadf0829d72b) Importer(2089858483,0ecaa5967403d082aa24f35e1b516d23)
Start importing Assets/Solutions/Prefabs/First Person Character.prefab using Guid(f0d267eb0676bf347824dadf0829d72b) Importer(2089858483,0ecaa5967403d082aa24f35e1b516d23) [PhysX] Initialized MultithreadedTaskDispatcher with 8 workers.
 -> (artifact id: 'c87be35d712070a3999f4e467b1e2421') in 0.000855 seconds
Number of updated asset objects reloaded before import = 0
Number of asset objects unloaded after import = 0
========================================================================
Received Import Request.
  Time since last request: 0.000054 seconds.
  path: Assets/cemetery halloween set/Prefab/zombie_hand_06.prefab
  artifactKey: Guid(2f2887b4831288a4d84dcb977f270765) Importer(2089858483,0ecaa5967403d082aa24f35e1b516d23)
Start importing Assets/cemetery halloween set/Prefab/zombie_hand_06.prefab using Guid(2f2887b4831288a4d84dcb977f270765) Importer(2089858483,0ecaa5967403d082aa24f35e1b516d23) [PhysX] Initialized MultithreadedTaskDispatcher with 8 workers.
 -> (artifact id: '9178ee8e6593b4339972be4faf6a57f3') in 0.003255 seconds
Number of updated asset objects reloaded before import = 0
Number of asset objects unloaded after import = 8
========================================================================
Received Import Request.
  Time since last request: 0.000092 seconds.
  path: Assets/cemetery halloween set/Prefab_mobile/fence_tile_01.prefab
  artifactKey: Guid(06aeb7e39519e2e4c92d3c1ed2d4a011) Importer(2089858483,0ecaa5967403d082aa24f35e1b516d23)
Start importing Assets/cemetery halloween set/Prefab_mobile/fence_tile_01.prefab using Guid(06aeb7e39519e2e4c92d3c1ed2d4a011) Importer(2089858483,0ecaa5967403d082aa24f35e1b516d23) [PhysX] Initialized MultithreadedTaskDispatcher with 8 workers.
 -> (artifact id: 'bd0921a12eaf74666a0924a0eb8f984e') in 0.003891 seconds
Number of updated asset objects reloaded before import = 0
Number of asset objects unloaded after import = 8
========================================================================
Received Import Request.
  Time since last request: 0.000162 seconds.
  path: Assets/Sounds/bang-sfx/shot_02.ogg
  artifactKey: Guid(4d1d14240bd774a4e93ed1f0025faf32) Importer(2089858483,0ecaa5967403d082aa24f35e1b516d23)
Start importing Assets/Sounds/bang-sfx/shot_02.ogg using Guid(4d1d14240bd774a4e93ed1f0025faf32) Importer(2089858483,0ecaa5967403d082aa24f35e1b516d23) [PhysX] Initialized MultithreadedTaskDispatcher with 8 workers.
 -> (artifact id: '3a24d0abb97e5b1a276ba58f903e8610') in 0.018199 seconds
Number of updated asset objects reloaded before import = 0
Number of asset objects unloaded after import = 1
========================================================================
Received Import Request.
  Time since last request: 0.000164 seconds.
  path: Assets/Sounds/bang-sfx/bang_06.ogg
  artifactKey: Guid(e2965947fab2e43e88f6993414f07a13) Importer(2089858483,0ecaa5967403d082aa24f35e1b516d23)
Start importing Assets/Sounds/bang-sfx/bang_06.ogg using Guid(e2965947fab2e43e88f6993414f07a13) Importer(2089858483,0ecaa5967403d082aa24f35e1b516d23) [PhysX] Initialized MultithreadedTaskDispatcher with 8 workers.
 -> (artifact id: '0f2dc638fecc81c431762c55d24200e9') in 0.018566 seconds
Number of updated asset objects reloaded before import = 0
Number of asset objects unloaded after import = 1
========================================================================
Received Import Request.
  Time since last request: 0.000147 seconds.
  path: Assets/cemetery halloween set/Prefab/fence_tile_01.prefab
  artifactKey: Guid(3d30d76bf390fc742b8fdd356d040839) Importer(2089858483,0ecaa5967403d082aa24f35e1b516d23)
Start importing Assets/cemetery halloween set/Prefab/fence_tile_01.prefab using Guid(3d30d76bf390fc742b8fdd356d040839) Importer(2089858483,0ecaa5967403d082aa24f35e1b516d23) [PhysX] Initialized MultithreadedTaskDispatcher with 8 workers.
 -> (artifact id: '363555601d9099b4e49dcb2f3827366b') in 0.003594 seconds
Number of updated asset objects reloaded before import = 0
Number of asset objects unloaded after import = 8
========================================================================
Received Import Request.
  Time since last request: 0.000050 seconds.
  path: Assets/cemetery halloween set/Prefab/skull_02.prefab
  artifactKey: Guid(a473de80f8e6fc74d943abda9e7113b6) Importer(2089858483,0ecaa5967403d082aa24f35e1b516d23)
Start importing Assets/cemetery halloween set/Prefab/skull_02.prefab using Guid(a473de80f8e6fc74d943abda9e7113b6) Importer(2089858483,0ecaa5967403d082aa24f35e1b516d23) [PhysX] Initialized MultithreadedTaskDispatcher with 8 workers.
 -> (artifact id: 'be02e388b4e72f2a64b35430a2face32') in 0.003082 seconds
Number of updated asset objects reloaded before import = 0
Number of asset objects unloaded after import = 8
========================================================================
Received Import Request.
  Time since last request: 0.000068 seconds.
  path: Assets/cemetery halloween set/Prefab_mobile/gate_02.prefab
  artifactKey: Guid(46e9fb9271c7bc44fbdfa65c78027571) Importer(2089858483,0ecaa5967403d082aa24f35e1b516d23)
Start importing Assets/cemetery halloween set/Prefab_mobile/gate_02.prefab using Guid(46e9fb9271c7bc44fbdfa65c78027571) Importer(2089858483,0ecaa5967403d082aa24f35e1b516d23) [PhysX] Initialized MultithreadedTaskDispatcher with 8 workers.
 -> (artifact id: '9908c8ab3b5aa4da63b3688cbd08656b') in 0.003114 seconds
Number of updated asset objects reloaded before import = 0
Number of asset objects unloaded after import = 8
========================================================================
Received Import Request.
  Time since last request: 0.000223 seconds.
  path: Assets/TextMesh Pro/Shaders/TMP_SDF-Surface-Mobile.shader
  artifactKey: Guid(85187c2149c549c5b33f0cdb02836b17) Importer(2089858483,0ecaa5967403d082aa24f35e1b516d23)
Start importing Assets/TextMesh Pro/Shaders/TMP_SDF-Surface-Mobile.shader using Guid(85187c2149c549c5b33f0cdb02836b17) Importer(2089858483,0ecaa5967403d082aa24f35e1b516d23) [PhysX] Initialized MultithreadedTaskDispatcher with 8 workers.
 -> (artifact id: '266c634e0627a79313fc2135f118e2d1') in 0.002356 seconds
Number of updated asset objects reloaded before import = 0
Number of asset objects unloaded after import = 1
========================================================================
Received Import Request.
  Time since last request: 0.000151 seconds.
  path: Assets/cemetery halloween set/Prefab/fence_pillar_03.prefab
  artifactKey: Guid(2788b8c246efe2649911841920cfd809) Importer(2089858483,0ecaa5967403d082aa24f35e1b516d23)
Start importing Assets/cemetery halloween set/Prefab/fence_pillar_03.prefab using Guid(2788b8c246efe2649911841920cfd809) Importer(2089858483,0ecaa5967403d082aa24f35e1b516d23) [PhysX] Initialized MultithreadedTaskDispatcher with 8 workers.
 -> (artifact id: '2c35c34b1b63859dc91e14f280d9132f') in 0.004705 seconds
Number of updated asset objects reloaded before import = 0
Number of asset objects unloaded after import = 8
========================================================================
Received Import Request.
  Time since last request: 0.000043 seconds.
  path: Assets/cemetery halloween set/Prefab/fence_pillar_04.prefab
  artifactKey: Guid(1a039573d41de564c82233cf91d21eaf) Importer(2089858483,0ecaa5967403d082aa24f35e1b516d23)
Start importing Assets/cemetery halloween set/Prefab/fence_pillar_04.prefab using Guid(1a039573d41de564c82233cf91d21eaf) Importer(2089858483,0ecaa5967403d082aa24f35e1b516d23) [PhysX] Initialized MultithreadedTaskDispatcher with 8 workers.
 -> (artifact id: 'e9554f2f7b00bb8bedec002e435945e0') in 0.003292 seconds
Number of updated asset objects reloaded before import = 0
Number of asset objects unloaded after import = 8
========================================================================
Received Import Request.
  Time since last request: 0.000082 seconds.
  path: Assets/Materials/ColorOnlyMat/PickupItemMat.mat
  artifactKey: Guid(401107123b0834d3bb79641adef153aa) Importer(2089858483,0ecaa5967403d082aa24f35e1b516d23)
Start importing Assets/Materials/ColorOnlyMat/PickupItemMat.mat using Guid(401107123b0834d3bb79641adef153aa) Importer(2089858483,0ecaa5967403d082aa24f35e1b516d23) [PhysX] Initialized MultithreadedTaskDispatcher with 8 workers.
 -> (artifact id: '888f2d2463e4824d5b44c4bdfc36a837') in 0.001969 seconds
Number of updated asset objects reloaded before import = 0
Number of asset objects unloaded after import = 1
========================================================================
Received Import Request.
  Time since last request: 0.153785 seconds.
  path: Assets/cemetery halloween set/Prefab_mobile/mobile_dead_tree_04.prefab
  artifactKey: Guid(80557bf8ce69dfd47a8955aacecbf12f) Importer(2089858483,0ecaa5967403d082aa24f35e1b516d23)
Start importing Assets/cemetery halloween set/Prefab_mobile/mobile_dead_tree_04.prefab using Guid(80557bf8ce69dfd47a8955aacecbf12f) Importer(2089858483,0ecaa5967403d082aa24f35e1b516d23) [PhysX] Initialized MultithreadedTaskDispatcher with 8 workers.
 -> (artifact id: '35213c4532b89213176fdbcc4a75398b') in 0.003846 seconds
Number of updated asset objects reloaded before import = 0
Number of asset objects unloaded after import = 15
========================================================================
Received Import Request.
  Time since last request: 0.000124 seconds.
  path: Assets/cemetery halloween set/mobile_models/mobile_bush_02.FBX
  artifactKey: Guid(9d2e0523ffea2054bac6c50998adc631) Importer(2089858483,0ecaa5967403d082aa24f35e1b516d23)
Start importing Assets/cemetery halloween set/mobile_models/mobile_bush_02.FBX using Guid(9d2e0523ffea2054bac6c50998adc631) Importer(2089858483,0ecaa5967403d082aa24f35e1b516d23) [PhysX] Initialized MultithreadedTaskDispatcher with 8 workers.
 -> (artifact id: '29e4d050680596b1b11ca287b09444a0') in 0.005390 seconds
Number of updated asset objects reloaded before import = 0
Number of asset objects unloaded after import = 8
========================================================================
Received Import Request.
  Time since last request: 0.000214 seconds.
  path: Assets/cemetery halloween set/Prefab_mobile/mobile_lava_dead_tree_01.prefab
  artifactKey: Guid(2a678318534a74249b489e2e2173fa46) Importer(2089858483,0ecaa5967403d082aa24f35e1b516d23)
Start importing Assets/cemetery halloween set/Prefab_mobile/mobile_lava_dead_tree_01.prefab using Guid(2a678318534a74249b489e2e2173fa46) Importer(2089858483,0ecaa5967403d082aa24f35e1b516d23) [PhysX] Initialized MultithreadedTaskDispatcher with 8 workers.
 -> (artifact id: '24a6dcf96b7933062afd695c7565fa1e') in 0.003272 seconds
Number of updated asset objects reloaded before import = 0
Number of asset objects unloaded after import = 15
========================================================================
Received Import Request.
  Time since last request: 0.000103 seconds.
  path: Assets/cemetery halloween set/models/Tree04_BG.fbx
  artifactKey: Guid(7d75db39f4155464a8123a6d4175f6f8) Importer(2089858483,0ecaa5967403d082aa24f35e1b516d23)
Start importing Assets/cemetery halloween set/models/Tree04_BG.fbx using Guid(7d75db39f4155464a8123a6d4175f6f8) Importer(2089858483,0ecaa5967403d082aa24f35e1b516d23) [PhysX] Initialized MultithreadedTaskDispatcher with 8 workers.
 -> (artifact id: '23e9427d9a2833c083d8e52a70354d91') in 0.007113 seconds
Number of updated asset objects reloaded before import = 0
Number of asset objects unloaded after import = 9
========================================================================
Received Import Request.
  Time since last request: 0.000041 seconds.
  path: Assets/cemetery halloween set/models/Tree03_BG.fbx
  artifactKey: Guid(9f553b6ed6390b4428623d4ce2e01c4a) Importer(2089858483,0ecaa5967403d082aa24f35e1b516d23)
Start importing Assets/cemetery halloween set/models/Tree03_BG.fbx using Guid(9f553b6ed6390b4428623d4ce2e01c4a) Importer(2089858483,0ecaa5967403d082aa24f35e1b516d23) [PhysX] Initialized MultithreadedTaskDispatcher with 8 workers.
 -> (artifact id: 'e5e526142f017227ef73d9e0335eee1f') in 0.006570 seconds
Number of updated asset objects reloaded before import = 0
Number of asset objects unloaded after import = 9
========================================================================
Received Import Request.
  Time since last request: 0.000262 seconds.
  path: Assets/cemetery halloween set/mobile_models/mobile_gravestone_08.fbx
  artifactKey: Guid(7c21598534771664ca8a39da4017b979) Importer(2089858483,0ecaa5967403d082aa24f35e1b516d23)
Start importing Assets/cemetery halloween set/mobile_models/mobile_gravestone_08.fbx using Guid(7c21598534771664ca8a39da4017b979) Importer(2089858483,0ecaa5967403d082aa24f35e1b516d23) [PhysX] Initialized MultithreadedTaskDispatcher with 8 workers.
 -> (artifact id: 'f12fa6e645ef7bfc70dddad8bb4efef6') in 0.006153 seconds
Number of updated asset objects reloaded before import = 0
Number of asset objects unloaded after import = 8
========================================================================
Received Import Request.
  Time since last request: 0.000334 seconds.
  path: Assets/cemetery halloween set/mobile_models/mobile_rock_01.fbx
  artifactKey: Guid(72e397dd9ef44654ea00f2826b418c79) Importer(2089858483,0ecaa5967403d082aa24f35e1b516d23)
Start importing Assets/cemetery halloween set/mobile_models/mobile_rock_01.fbx using Guid(72e397dd9ef44654ea00f2826b418c79) Importer(2089858483,0ecaa5967403d082aa24f35e1b516d23) [PhysX] Initialized MultithreadedTaskDispatcher with 8 workers.
 -> (artifact id: 'd7abaefbf8810ea2cd171957e0ee9f76') in 0.005474 seconds
Number of updated asset objects reloaded before import = 0
Number of asset objects unloaded after import = 8
========================================================================
Received Import Request.
  Time since last request: 0.000111 seconds.
  path: Assets/cemetery halloween set/models/gravestone_07.fbx
  artifactKey: Guid(f44f54772e0fed64fa5ce4d4e0cd7b2f) Importer(2089858483,0ecaa5967403d082aa24f35e1b516d23)
Start importing Assets/cemetery halloween set/models/gravestone_07.fbx using Guid(f44f54772e0fed64fa5ce4d4e0cd7b2f) Importer(2089858483,0ecaa5967403d082aa24f35e1b516d23) [PhysX] Initialized MultithreadedTaskDispatcher with 8 workers.
 -> (artifact id: 'c300e2878b89d10a5fdd7c835bbd22bf') in 0.005716 seconds
Number of updated asset objects reloaded before import = 0
Number of asset objects unloaded after import = 8
========================================================================
Received Import Request.
  Time since last request: 0.000381 seconds.
  path: Assets/cemetery halloween set/mobile_models/mobile_hang_pumpkin_04.FBX
  artifactKey: Guid(007b384cf53b0bf4bb75f06b6f912c01) Importer(2089858483,0ecaa5967403d082aa24f35e1b516d23)
Start importing Assets/cemetery halloween set/mobile_models/mobile_hang_pumpkin_04.FBX using Guid(007b384cf53b0bf4bb75f06b6f912c01) Importer(2089858483,0ecaa5967403d082aa24f35e1b516d23) [PhysX] Initialized MultithreadedTaskDispatcher with 8 workers.
 -> (artifact id: '7409b3e50f15d10545be9ef3736b1a7a') in 0.005717 seconds
Number of updated asset objects reloaded before import = 0
Number of asset objects unloaded after import = 8
========================================================================
Received Import Request.
  Time since last request: 0.000033 seconds.
  path: Assets/cemetery halloween set/Prefab_mobile/mobile_skull_05.prefab
  artifactKey: Guid(5f53b4e330d232643aae1c3acd464283) Importer(2089858483,0ecaa5967403d082aa24f35e1b516d23)
Start importing Assets/cemetery halloween set/Prefab_mobile/mobile_skull_05.prefab using Guid(5f53b4e330d232643aae1c3acd464283) Importer(2089858483,0ecaa5967403d082aa24f35e1b516d23) [PhysX] Initialized MultithreadedTaskDispatcher with 8 workers.
 -> (artifact id: 'e39adb80a104d54456f06bf4186ba8c7') in 0.003511 seconds
Number of updated asset objects reloaded before import = 0
Number of asset objects unloaded after import = 8
========================================================================
Received Import Request.
  Time since last request: 0.000033 seconds.
  path: Assets/cemetery halloween set/mobile_models/mobile_pumpkin_08.FBX
  artifactKey: Guid(cad228d00637b264b9c14371fa8c049a) Importer(2089858483,0ecaa5967403d082aa24f35e1b516d23)
Start importing Assets/cemetery halloween set/mobile_models/mobile_pumpkin_08.FBX using Guid(cad228d00637b264b9c14371fa8c049a) Importer(2089858483,0ecaa5967403d082aa24f35e1b516d23) [PhysX] Initialized MultithreadedTaskDispatcher with 8 workers.
 -> (artifact id: '523275ef2364979f3ac6e7ff62acebe8') in 0.005434 seconds
Number of updated asset objects reloaded before import = 0
Number of asset objects unloaded after import = 8
========================================================================
Received Import Request.
  Time since last request: 0.000435 seconds.
  path: Assets/cemetery halloween set/mobile_models/mobile_rock_08.fbx
  artifactKey: Guid(7dc9d321c3853e14c997fc124045f89b) Importer(2089858483,0ecaa5967403d082aa24f35e1b516d23)
Start importing Assets/cemetery halloween set/mobile_models/mobile_rock_08.fbx using Guid(7dc9d321c3853e14c997fc124045f89b) Importer(2089858483,0ecaa5967403d082aa24f35e1b516d23) [PhysX] Initialized MultithreadedTaskDispatcher with 8 workers.
 -> (artifact id: '01ee46bf8c1006007349098590145e7c') in 0.007059 seconds
Number of updated asset objects reloaded before import = 0
Number of asset objects unloaded after import = 8
========================================================================
Received Import Request.
  Time since last request: 0.000048 seconds.
  path: Assets/cemetery halloween set/mobile_models/Tree01_BG.fbx
  artifactKey: Guid(479f6285e495c35478ec9578924be7ca) Importer(2089858483,0ecaa5967403d082aa24f35e1b516d23)
Start importing Assets/cemetery halloween set/mobile_models/Tree01_BG.fbx using Guid(479f6285e495c35478ec9578924be7ca) Importer(2089858483,0ecaa5967403d082aa24f35e1b516d23) [PhysX] Initialized MultithreadedTaskDispatcher with 8 workers.
 -> (artifact id: '6f3cb1bc62c1efb67d636409e706fd8c') in 0.007173 seconds
Number of updated asset objects reloaded before import = 0
Number of asset objects unloaded after import = 9
========================================================================
Received Import Request.
  Time since last request: 0.000154 seconds.
  path: Assets/cemetery halloween set/Prefab_mobile/mobile_hang_pumpkin_01.prefab
  artifactKey: Guid(a5bf6d625adc50048825d29a1aa4fa94) Importer(2089858483,0ecaa5967403d082aa24f35e1b516d23)
Start importing Assets/cemetery halloween set/Prefab_mobile/mobile_hang_pumpkin_01.prefab using Guid(a5bf6d625adc50048825d29a1aa4fa94) Importer(2089858483,0ecaa5967403d082aa24f35e1b516d23) [PhysX] Initialized MultithreadedTaskDispatcher with 8 workers.
 -> (artifact id: '7ef20bb4123707ec2cacf57eadfa6040') in 0.002414 seconds
Number of updated asset objects reloaded before import = 0
Number of asset objects unloaded after import = 15
========================================================================
Received Import Request.
  Time since last request: 0.000090 seconds.
  path: Assets/cemetery halloween set/mobile_models/mobile_rock_09.fbx
  artifactKey: Guid(d1387b70c9809a94ca019959f8e3f17e) Importer(2089858483,0ecaa5967403d082aa24f35e1b516d23)
Start importing Assets/cemetery halloween set/mobile_models/mobile_rock_09.fbx using Guid(d1387b70c9809a94ca019959f8e3f17e) Importer(2089858483,0ecaa5967403d082aa24f35e1b516d23) [PhysX] Initialized MultithreadedTaskDispatcher with 8 workers.
 -> (artifact id: 'dcaf31df241330440d7a20becd351853') in 0.006239 seconds
Number of updated asset objects reloaded before import = 0
Number of asset objects unloaded after import = 8
========================================================================
Received Import Request.
  Time since last request: 0.000072 seconds.
  path: Assets/cemetery halloween set/models/fence_pillar_04.fbx
  artifactKey: Guid(844f5ee9f9636e24b986341c65a04552) Importer(2089858483,0ecaa5967403d082aa24f35e1b516d23)
Start importing Assets/cemetery halloween set/models/fence_pillar_04.fbx using Guid(844f5ee9f9636e24b986341c65a04552) Importer(2089858483,0ecaa5967403d082aa24f35e1b516d23) [PhysX] Initialized MultithreadedTaskDispatcher with 8 workers.
 -> (artifact id: 'b0cd335c73bd9e663a9f40eef7c830ce') in 0.005726 seconds
Number of updated asset objects reloaded before import = 0
Number of asset objects unloaded after import = 8
========================================================================
Received Import Request.
  Time since last request: 0.000038 seconds.
  path: Assets/cemetery halloween set/mobile_models/mobile_rock_14.fbx
  artifactKey: Guid(d5ecc4678a7389c41ac8d6f820afaf72) Importer(2089858483,0ecaa5967403d082aa24f35e1b516d23)
Start importing Assets/cemetery halloween set/mobile_models/mobile_rock_14.fbx using Guid(d5ecc4678a7389c41ac8d6f820afaf72) Importer(2089858483,0ecaa5967403d082aa24f35e1b516d23) [PhysX] Initialized MultithreadedTaskDispatcher with 8 workers.
 -> (artifact id: 'cba60757dcf4e66129b55b65d5921224') in 0.006056 seconds
Number of updated asset objects reloaded before import = 0
Number of asset objects unloaded after import = 8
========================================================================
Received Import Request.
  Time since last request: 0.000490 seconds.
  path: Assets/cemetery halloween set/mobile_models/mobile_bush_01.FBX
  artifactKey: Guid(61a63333d3e7ba34fa01aef237d3d87a) Importer(2089858483,0ecaa5967403d082aa24f35e1b516d23)
Start importing Assets/cemetery halloween set/mobile_models/mobile_bush_01.FBX using Guid(61a63333d3e7ba34fa01aef237d3d87a) Importer(2089858483,0ecaa5967403d082aa24f35e1b516d23) [PhysX] Initialized MultithreadedTaskDispatcher with 8 workers.
 -> (artifact id: '94a87b15a7955570c68ea02dc92f2a3c') in 0.007338 seconds
Number of updated asset objects reloaded before import = 0
Number of asset objects unloaded after import = 8
========================================================================
Received Import Request.
  Time since last request: 0.000045 seconds.
  path: Assets/cemetery halloween set/models/bush_01.FBX
  artifactKey: Guid(a478d6d92ef5900488f4cc185bbfc98d) Importer(2089858483,0ecaa5967403d082aa24f35e1b516d23)
Start importing Assets/cemetery halloween set/models/bush_01.FBX using Guid(a478d6d92ef5900488f4cc185bbfc98d) Importer(2089858483,0ecaa5967403d082aa24f35e1b516d23) [PhysX] Initialized MultithreadedTaskDispatcher with 8 workers.
 -> (artifact id: 'e326fc5cc8261827ed4ebdbe53da0fce') in 0.006094 seconds
Number of updated asset objects reloaded before import = 0
Number of asset objects unloaded after import = 8
========================================================================
Received Import Request.
  Time since last request: 0.000166 seconds.
  path: Assets/cemetery halloween set/models/hang_pumpkin_02.FBX
  artifactKey: Guid(7bf738d0024710e4bb01a1032ecffb57) Importer(2089858483,0ecaa5967403d082aa24f35e1b516d23)
Start importing Assets/cemetery halloween set/models/hang_pumpkin_02.FBX using Guid(7bf738d0024710e4bb01a1032ecffb57) Importer(2089858483,0ecaa5967403d082aa24f35e1b516d23) [PhysX] Initialized MultithreadedTaskDispatcher with 8 workers.
 -> (artifact id: '4cb8662076e149df3e2427fb9b009e08') in 0.008169 seconds
Number of updated asset objects reloaded before import = 0
Number of asset objects unloaded after import = 15
========================================================================
Received Import Request.
  Time since last request: 0.000061 seconds.
  path: Assets/cemetery halloween set/models/lava_dead_tree_06.FBX
  artifactKey: Guid(f4695a115cbbe7c4cb2e07bf1c5b0c12) Importer(2089858483,0ecaa5967403d082aa24f35e1b516d23)
Start importing Assets/cemetery halloween set/models/lava_dead_tree_06.FBX using Guid(f4695a115cbbe7c4cb2e07bf1c5b0c12) Importer(2089858483,0ecaa5967403d082aa24f35e1b516d23) [PhysX] Initialized MultithreadedTaskDispatcher with 8 workers.
 -> (artifact id: '68e7e828944f9f9b6c5bd36602ad6b7b') in 0.006119 seconds
Number of updated asset objects reloaded before import = 0
Number of asset objects unloaded after import = 15
========================================================================
Received Import Request.
  Time since last request: 0.000109 seconds.
  path: Assets/cemetery halloween set/mobile_models/mobile_pumpkin_12.FBX
  artifactKey: Guid(1051ddecbd1403548a9c3062461e5b61) Importer(2089858483,0ecaa5967403d082aa24f35e1b516d23)
Start importing Assets/cemetery halloween set/mobile_models/mobile_pumpkin_12.FBX using Guid(1051ddecbd1403548a9c3062461e5b61) Importer(2089858483,0ecaa5967403d082aa24f35e1b516d23) [PhysX] Initialized MultithreadedTaskDispatcher with 8 workers.
 -> (artifact id: 'f46b88fc387fba713dcc776cc922d6c7') in 0.006933 seconds
Number of updated asset objects reloaded before import = 0
Number of asset objects unloaded after import = 8
========================================================================
Received Import Request.
  Time since last request: 0.000125 seconds.
  path: Assets/cemetery halloween set/Prefab_mobile/spiderweb_03.prefab
  artifactKey: Guid(f77bb190022c3274f88d928a1cde2532) Importer(2089858483,0ecaa5967403d082aa24f35e1b516d23)
Start importing Assets/cemetery halloween set/Prefab_mobile/spiderweb_03.prefab using Guid(f77bb190022c3274f88d928a1cde2532) Importer(2089858483,0ecaa5967403d082aa24f35e1b516d23) [PhysX] Initialized MultithreadedTaskDispatcher with 8 workers.
 -> (artifact id: '7015a56d6f695c03cf1083de8191afdd') in 0.003732 seconds
Number of updated asset objects reloaded before import = 0
Number of asset objects unloaded after import = 8
========================================================================
Received Import Request.
  Time since last request: 0.000623 seconds.
  path: Assets/cemetery halloween set/mobile_models/mobile_pumpkin_11.FBX
  artifactKey: Guid(aa4f4e917c3145d4682904e61e938106) Importer(2089858483,0ecaa5967403d082aa24f35e1b516d23)
Start importing Assets/cemetery halloween set/mobile_models/mobile_pumpkin_11.FBX using Guid(aa4f4e917c3145d4682904e61e938106) Importer(2089858483,0ecaa5967403d082aa24f35e1b516d23) [PhysX] Initialized MultithreadedTaskDispatcher with 8 workers.
 -> (artifact id: 'e555f763c470d00c00d1e49555b0e002') in 0.007423 seconds
Number of updated asset objects reloaded before import = 0
Number of asset objects unloaded after import = 13
========================================================================
Received Import Request.
  Time since last request: 0.000195 seconds.
  path: Assets/cemetery halloween set/Prefab_mobile/mobile_gravestone_01.prefab
  artifactKey: Guid(d9b9d7f65e06eea4b9fb8e39bebc098c) Importer(2089858483,0ecaa5967403d082aa24f35e1b516d23)
Start importing Assets/cemetery halloween set/Prefab_mobile/mobile_gravestone_01.prefab using Guid(d9b9d7f65e06eea4b9fb8e39bebc098c) Importer(2089858483,0ecaa5967403d082aa24f35e1b516d23) [PhysX] Initialized MultithreadedTaskDispatcher with 8 workers.
 -> (artifact id: '7928aa99370c394dcb0aa0ed0b20ca2d') in 0.004589 seconds
Number of updated asset objects reloaded before import = 0
Number of asset objects unloaded after import = 8
========================================================================
Received Import Request.
  Time since last request: 0.000313 seconds.
  path: Assets/cemetery halloween set/mobile_models/gate_01.FBX
  artifactKey: Guid(df3df5091705e5946848e74e9666762f) Importer(2089858483,0ecaa5967403d082aa24f35e1b516d23)
Start importing Assets/cemetery halloween set/mobile_models/gate_01.FBX using Guid(df3df5091705e5946848e74e9666762f) Importer(2089858483,0ecaa5967403d082aa24f35e1b516d23) [PhysX] Initialized MultithreadedTaskDispatcher with 8 workers.
 -> (artifact id: 'bc25ee8ea7545e94a6064ba163280169') in 0.007029 seconds
Number of updated asset objects reloaded before import = 0
Number of asset objects unloaded after import = 26
========================================================================
Received Import Request.
  Time since last request: 0.000090 seconds.
  path: Assets/cemetery halloween set/mobile_models/mobile_pumpkin_01.FBX
  artifactKey: Guid(efc7b3978d2aef348962d2218fc8da52) Importer(2089858483,0ecaa5967403d082aa24f35e1b516d23)
Start importing Assets/cemetery halloween set/mobile_models/mobile_pumpkin_01.FBX using Guid(efc7b3978d2aef348962d2218fc8da52) Importer(2089858483,0ecaa5967403d082aa24f35e1b516d23) [PhysX] Initialized MultithreadedTaskDispatcher with 8 workers.
 -> (artifact id: '1f56ee0210eb92ce2262821bc8ff7504') in 0.008320 seconds
Number of updated asset objects reloaded before import = 0
Number of asset objects unloaded after import = 13
========================================================================
Received Import Request.
  Time since last request: 0.000082 seconds.
  path: Assets/cemetery halloween set/mobile_models/fence_tile_03.fbx
  artifactKey: Guid(6d16e2ba75630484c935450f48beda0c) Importer(2089858483,0ecaa5967403d082aa24f35e1b516d23)
Start importing Assets/cemetery halloween set/mobile_models/fence_tile_03.fbx using Guid(6d16e2ba75630484c935450f48beda0c) Importer(2089858483,0ecaa5967403d082aa24f35e1b516d23) [PhysX] Initialized MultithreadedTaskDispatcher with 8 workers.
 -> (artifact id: 'fd9967c0e7814f378cd7fb4b63ae6d5e') in 0.006489 seconds
Number of updated asset objects reloaded before import = 0
Number of asset objects unloaded after import = 8
========================================================================
Received Import Request.
  Time since last request: 0.000169 seconds.
  path: Assets/cemetery halloween set/Prefab_mobile/mobile_zombie_hand_07.prefab
  artifactKey: Guid(39f4bfe2822687240b47fec90e78667c) Importer(2089858483,0ecaa5967403d082aa24f35e1b516d23)
Start importing Assets/cemetery halloween set/Prefab_mobile/mobile_zombie_hand_07.prefab using Guid(39f4bfe2822687240b47fec90e78667c) Importer(2089858483,0ecaa5967403d082aa24f35e1b516d23) [PhysX] Initialized MultithreadedTaskDispatcher with 8 workers.
 -> (artifact id: '6fee70c609c9f108792e4bead9adfe7f') in 0.004179 seconds
Number of updated asset objects reloaded before import = 0
Number of asset objects unloaded after import = 8
========================================================================
Received Import Request.
  Time since last request: 0.000182 seconds.
  path: Assets/cemetery halloween set/models/dead_tree_03.FBX
  artifactKey: Guid(06d19085b329a20418f3615867e04fd5) Importer(2089858483,0ecaa5967403d082aa24f35e1b516d23)
Start importing Assets/cemetery halloween set/models/dead_tree_03.FBX using Guid(06d19085b329a20418f3615867e04fd5) Importer(2089858483,0ecaa5967403d082aa24f35e1b516d23) [PhysX] Initialized MultithreadedTaskDispatcher with 8 workers.
 -> (artifact id: 'b718c44bae7446092afef5a5f3cf96fc') in 0.006516 seconds
Number of updated asset objects reloaded before import = 0
Number of asset objects unloaded after import = 15
========================================================================
Received Import Request.
  Time since last request: 0.000060 seconds.
  path: Assets/cemetery halloween set/mobile_models/mobile_gravestone_03.fbx
  artifactKey: Guid(468ea0b11c46b024ba9150a745b6dd82) Importer(2089858483,0ecaa5967403d082aa24f35e1b516d23)
Start importing Assets/cemetery halloween set/mobile_models/mobile_gravestone_03.fbx using Guid(468ea0b11c46b024ba9150a745b6dd82) Importer(2089858483,0ecaa5967403d082aa24f35e1b516d23) [PhysX] Initialized MultithreadedTaskDispatcher with 8 workers.
 -> (artifact id: '1d6d08a2cfbb1a1a4ea593e56647ac23') in 0.006568 seconds
Number of updated asset objects reloaded before import = 0
Number of asset objects unloaded after import = 8
========================================================================
Received Import Request.
  Time since last request: 0.000137 seconds.
  path: Assets/cemetery halloween set/mobile_models/mobile_spokebone_03.fbx
  artifactKey: Guid(3c4c39aa62cf59941b89bf1c41b6a224) Importer(2089858483,0ecaa5967403d082aa24f35e1b516d23)
Start importing Assets/cemetery halloween set/mobile_models/mobile_spokebone_03.fbx using Guid(3c4c39aa62cf59941b89bf1c41b6a224) Importer(2089858483,0ecaa5967403d082aa24f35e1b516d23) [PhysX] Initialized MultithreadedTaskDispatcher with 8 workers.
 -> (artifact id: '0a71dfc58a9f824b202a2f95a99cf700') in 0.007076 seconds
Number of updated asset objects reloaded before import = 0
Number of asset objects unloaded after import = 8
========================================================================
Received Import Request.
  Time since last request: 0.000434 seconds.
  path: Assets/cemetery halloween set/Prefab_mobile/mobile_skull_04.prefab
  artifactKey: Guid(7ae739358cd32f941acc066166d2ae22) Importer(2089858483,0ecaa5967403d082aa24f35e1b516d23)
Start importing Assets/cemetery halloween set/Prefab_mobile/mobile_skull_04.prefab using Guid(7ae739358cd32f941acc066166d2ae22) Importer(2089858483,0ecaa5967403d082aa24f35e1b516d23) [PhysX] Initialized MultithreadedTaskDispatcher with 8 workers.
 -> (artifact id: '701cd23ae7f676286426b2a4de39932c') in 0.003583 seconds
Number of updated asset objects reloaded before import = 0
Number of asset objects unloaded after import = 8
========================================================================
Received Import Request.
  Time since last request: 0.000198 seconds.
  path: Assets/cemetery halloween set/Prefab_mobile/mobile_rock_04.prefab
  artifactKey: Guid(63b99b61a29306c4a9ccec358c10201d) Importer(2089858483,0ecaa5967403d082aa24f35e1b516d23)
Start importing Assets/cemetery halloween set/Prefab_mobile/mobile_rock_04.prefab using Guid(63b99b61a29306c4a9ccec358c10201d) Importer(2089858483,0ecaa5967403d082aa24f35e1b516d23) [PhysX] Initialized MultithreadedTaskDispatcher with 8 workers.
 -> (artifact id: 'c36f744a9cf2d17a97779a6876ac8efa') in 0.003320 seconds
Number of updated asset objects reloaded before import = 0
Number of asset objects unloaded after import = 8
========================================================================
Received Import Request.
  Time since last request: 0.000191 seconds.
  path: Assets/cemetery halloween set/mobile_models/mobile_rock_07.fbx
  artifactKey: Guid(63d74ff6da6cf9d4d9b0c2a3b35b3563) Importer(2089858483,0ecaa5967403d082aa24f35e1b516d23)
Start importing Assets/cemetery halloween set/mobile_models/mobile_rock_07.fbx using Guid(63d74ff6da6cf9d4d9b0c2a3b35b3563) Importer(2089858483,0ecaa5967403d082aa24f35e1b516d23) [PhysX] Initialized MultithreadedTaskDispatcher with 8 workers.
 -> (artifact id: 'af5189fd0e40d7c5feb28d7e0abf1974') in 0.005853 seconds
Number of updated asset objects reloaded before import = 0
Number of asset objects unloaded after import = 8
========================================================================
Received Import Request.
  Time since last request: 0.000481 seconds.
  path: Assets/cemetery halloween set/models/hang_pumpkin_01.FBX
  artifactKey: Guid(6912e36da7db98940a5eed09d2a288df) Importer(2089858483,0ecaa5967403d082aa24f35e1b516d23)
Start importing Assets/cemetery halloween set/models/hang_pumpkin_01.FBX using Guid(6912e36da7db98940a5eed09d2a288df) Importer(2089858483,0ecaa5967403d082aa24f35e1b516d23) [PhysX] Initialized MultithreadedTaskDispatcher with 8 workers.
 -> (artifact id: '489398c5ef0c161ad324f334ff32b4a2') in 0.007435 seconds
Number of updated asset objects reloaded before import = 0
Number of asset objects unloaded after import = 15
========================================================================
Received Import Request.
  Time since last request: 0.000191 seconds.
  path: Assets/cemetery halloween set/mobile_models/mobile_lava_dead_tree_03.FBX
  artifactKey: Guid(8476f98d2a1def44ea9084c5f4608736) Importer(2089858483,0ecaa5967403d082aa24f35e1b516d23)
Start importing Assets/cemetery halloween set/mobile_models/mobile_lava_dead_tree_03.FBX using Guid(8476f98d2a1def44ea9084c5f4608736) Importer(2089858483,0ecaa5967403d082aa24f35e1b516d23) [PhysX] Initialized MultithreadedTaskDispatcher with 8 workers.
 -> (artifact id: '4ca62388311e0a733439a0d001b51726') in 0.006437 seconds
Number of updated asset objects reloaded before import = 0
Number of asset objects unloaded after import = 15
========================================================================
Received Import Request.
  Time since last request: 0.000118 seconds.
  path: Assets/cemetery halloween set/Prefab_mobile/mobile_rock_14.prefab
  artifactKey: Guid(19cca9c1a44f9284495fabdf095acb80) Importer(2089858483,0ecaa5967403d082aa24f35e1b516d23)
Start importing Assets/cemetery halloween set/Prefab_mobile/mobile_rock_14.prefab using Guid(19cca9c1a44f9284495fabdf095acb80) Importer(2089858483,0ecaa5967403d082aa24f35e1b516d23) [PhysX] Initialized MultithreadedTaskDispatcher with 8 workers.
 -> (artifact id: 'aa7360f39c1845e30e1ba6e5bd400013') in 0.003151 seconds
Number of updated asset objects reloaded before import = 0
Number of asset objects unloaded after import = 8
========================================================================
Received Import Request.
  Time since last request: 0.000030 seconds.
  path: Assets/cemetery halloween set/mobile_models/mobile_zombie_hand_08.fbx
  artifactKey: Guid(920d223dba98b1f4e948109f33aa3d4a) Importer(2089858483,0ecaa5967403d082aa24f35e1b516d23)
Start importing Assets/cemetery halloween set/mobile_models/mobile_zombie_hand_08.fbx using Guid(920d223dba98b1f4e948109f33aa3d4a) Importer(2089858483,0ecaa5967403d082aa24f35e1b516d23) [PhysX] Initialized MultithreadedTaskDispatcher with 8 workers.
 -> (artifact id: 'f356f7581153245f0b43e2e8579a4839') in 0.005600 seconds
Number of updated asset objects reloaded before import = 0
Number of asset objects unloaded after import = 8
========================================================================
Received Import Request.
  Time since last request: 0.000104 seconds.
  path: Assets/cemetery halloween set/mobile_models/mobile_zombie_hand_02.fbx
  artifactKey: Guid(2e95495b51a0cac40ae2f78350505447) Importer(2089858483,0ecaa5967403d082aa24f35e1b516d23)
Start importing Assets/cemetery halloween set/mobile_models/mobile_zombie_hand_02.fbx using Guid(2e95495b51a0cac40ae2f78350505447) Importer(2089858483,0ecaa5967403d082aa24f35e1b516d23) [PhysX] Initialized MultithreadedTaskDispatcher with 8 workers.
 -> (artifact id: 'aeb8e182ca34e1a20f2ab1aeb2b40aac') in 0.005171 seconds
Number of updated asset objects reloaded before import = 0
Number of asset objects unloaded after import = 8
========================================================================
Received Import Request.
  Time since last request: 0.000097 seconds.
  path: Assets/cemetery halloween set/models/pumpkin_01.FBX
  artifactKey: Guid(24b7202a5e454ea48ba7f25ac5b839bd) Importer(2089858483,0ecaa5967403d082aa24f35e1b516d23)
Start importing Assets/cemetery halloween set/models/pumpkin_01.FBX using Guid(24b7202a5e454ea48ba7f25ac5b839bd) Importer(2089858483,0ecaa5967403d082aa24f35e1b516d23) [PhysX] Initialized MultithreadedTaskDispatcher with 8 workers.
 -> (artifact id: '8975597ea764eecb7dfb1e517b6c568c') in 0.005805 seconds
Number of updated asset objects reloaded before import = 0
Number of asset objects unloaded after import = 13
========================================================================
Received Import Request.
  Time since last request: 0.000161 seconds.
  path: Assets/cemetery halloween set/mobile_models/Tree03_BG.fbx
  artifactKey: Guid(fe4942aa989cf244eb7b7a30eb0a95e5) Importer(2089858483,0ecaa5967403d082aa24f35e1b516d23)
Start importing Assets/cemetery halloween set/mobile_models/Tree03_BG.fbx using Guid(fe4942aa989cf244eb7b7a30eb0a95e5) Importer(2089858483,0ecaa5967403d082aa24f35e1b516d23) [PhysX] Initialized MultithreadedTaskDispatcher with 8 workers.
 -> (artifact id: 'b2c893d7fe7e16e1c7d521ca51ed5cbf') in 0.006478 seconds
Number of updated asset objects reloaded before import = 0
Number of asset objects unloaded after import = 9
========================================================================
Received Import Request.
  Time since last request: 0.000197 seconds.
  path: Assets/cemetery halloween set/Prefab_mobile/mobile_rock_06.prefab
  artifactKey: Guid(0808e633d398e0e4d86e0d031ab6bec8) Importer(2089858483,0ecaa5967403d082aa24f35e1b516d23)
Start importing Assets/cemetery halloween set/Prefab_mobile/mobile_rock_06.prefab using Guid(0808e633d398e0e4d86e0d031ab6bec8) Importer(2089858483,0ecaa5967403d082aa24f35e1b516d23) [PhysX] Initialized MultithreadedTaskDispatcher with 8 workers.
 -> (artifact id: 'a38f657fc430147a9cce09b95ddb1e9b') in 0.003179 seconds
Number of updated asset objects reloaded before import = 0
Number of asset objects unloaded after import = 8
========================================================================
Received Import Request.
  Time since last request: 0.000154 seconds.
  path: Assets/cemetery halloween set/mobile_models/mobile_zombie_hand_05.fbx
  artifactKey: Guid(af187991ec84e56438543f097a9973b1) Importer(2089858483,0ecaa5967403d082aa24f35e1b516d23)
Start importing Assets/cemetery halloween set/mobile_models/mobile_zombie_hand_05.fbx using Guid(af187991ec84e56438543f097a9973b1) Importer(2089858483,0ecaa5967403d082aa24f35e1b516d23) [PhysX] Initialized MultithreadedTaskDispatcher with 8 workers.
 -> (artifact id: '30e50b6eb1201d9220b61565a1b16dfa') in 0.005753 seconds
Number of updated asset objects reloaded before import = 0
Number of asset objects unloaded after import = 8
========================================================================
Received Import Request.
  Time since last request: 0.000103 seconds.
  path: Assets/cemetery halloween set/Prefab_mobile/mobile_pumpkin_04.prefab
  artifactKey: Guid(2facbd87c0c9c9b4aaa9057db5b88684) Importer(2089858483,0ecaa5967403d082aa24f35e1b516d23)
Start importing Assets/cemetery halloween set/Prefab_mobile/mobile_pumpkin_04.prefab using Guid(2facbd87c0c9c9b4aaa9057db5b88684) Importer(2089858483,0ecaa5967403d082aa24f35e1b516d23) [PhysX] Initialized MultithreadedTaskDispatcher with 8 workers.
 -> (artifact id: '541265f648dfd8fe28997eed491cab0f') in 0.003117 seconds
Number of updated asset objects reloaded before import = 0
Number of asset objects unloaded after import = 8
========================================================================
Received Import Request.
  Time since last request: 0.000153 seconds.
  path: Assets/cemetery halloween set/mobile_models/mobile_lava_dead_tree_05.FBX
  artifactKey: Guid(206cac0edeba8064ba456fb9c2175038) Importer(2089858483,0ecaa5967403d082aa24f35e1b516d23)
Start importing Assets/cemetery halloween set/mobile_models/mobile_lava_dead_tree_05.FBX using Guid(206cac0edeba8064ba456fb9c2175038) Importer(2089858483,0ecaa5967403d082aa24f35e1b516d23) [PhysX] Initialized MultithreadedTaskDispatcher with 8 workers.
 -> (artifact id: '7c56b2f6f8f2779f6f4e762f009afab9') in 0.006262 seconds
Number of updated asset objects reloaded before import = 0
Number of asset objects unloaded after import = 15
========================================================================
Received Import Request.
  Time since last request: 0.000139 seconds.
  path: Assets/cemetery halloween set/mobile_models/mobile_skull_09.fbx
  artifactKey: Guid(e748348f7474b9e4f8629fbe63f51cb5) Importer(2089858483,0ecaa5967403d082aa24f35e1b516d23)
Start importing Assets/cemetery halloween set/mobile_models/mobile_skull_09.fbx using Guid(e748348f7474b9e4f8629fbe63f51cb5) Importer(2089858483,0ecaa5967403d082aa24f35e1b516d23) [PhysX] Initialized MultithreadedTaskDispatcher with 8 workers.
 -> (artifact id: '602397116c4ccedc926fad57ae0182ed') in 0.005717 seconds
Number of updated asset objects reloaded before import = 0
Number of asset objects unloaded after import = 8
========================================================================
Received Import Request.
  Time since last request: 0.000099 seconds.
  path: Assets/cemetery halloween set/mobile_models/mobile_pumpkin_06.FBX
  artifactKey: Guid(0aed48a7df4c5f84b8df99e5cc0607fb) Importer(2089858483,0ecaa5967403d082aa24f35e1b516d23)
Start importing Assets/cemetery halloween set/mobile_models/mobile_pumpkin_06.FBX using Guid(0aed48a7df4c5f84b8df99e5cc0607fb) Importer(2089858483,0ecaa5967403d082aa24f35e1b516d23) [PhysX] Initialized MultithreadedTaskDispatcher with 8 workers.
 -> (artifact id: '96b0377d0062970de08090fb552d0fc2') in 0.006159 seconds
Number of updated asset objects reloaded before import = 0
Number of asset objects unloaded after import = 13
========================================================================
Received Import Request.
  Time since last request: 0.000107 seconds.
  path: Assets/cemetery halloween set/models/fence_pillar_01.fbx
  artifactKey: Guid(fda92cc783efd474a9010817ac54944f) Importer(2089858483,0ecaa5967403d082aa24f35e1b516d23)
Start importing Assets/cemetery halloween set/models/fence_pillar_01.fbx using Guid(fda92cc783efd474a9010817ac54944f) Importer(2089858483,0ecaa5967403d082aa24f35e1b516d23) [PhysX] Initialized MultithreadedTaskDispatcher with 8 workers.
 -> (artifact id: 'fad2013dd7970e2285b6f5f45f5776f4') in 0.005269 seconds
Number of updated asset objects reloaded before import = 0
Number of asset objects unloaded after import = 8
========================================================================
Received Import Request.
  Time since last request: 0.000101 seconds.
  path: Assets/cemetery halloween set/Prefab_mobile/mobile_hang_pumpkin_04.prefab
  artifactKey: Guid(f277c56b5c09a6d4bb0ca3949477bae3) Importer(2089858483,0ecaa5967403d082aa24f35e1b516d23)
Start importing Assets/cemetery halloween set/Prefab_mobile/mobile_hang_pumpkin_04.prefab using Guid(f277c56b5c09a6d4bb0ca3949477bae3) Importer(2089858483,0ecaa5967403d082aa24f35e1b516d23) [PhysX] Initialized MultithreadedTaskDispatcher with 8 workers.
 -> (artifact id: '820c3f77755e45ac56f3c41ab142ab6b') in 0.003319 seconds
Number of updated asset objects reloaded before import = 0
Number of asset objects unloaded after import = 8
========================================================================
Received Import Request.
  Time since last request: 0.000203 seconds.
  path: Assets/cemetery halloween set/Prefab_mobile/mobile_gravestone_04.prefab
  artifactKey: Guid(62e329b5256f3c640978abaeb8caf972) Importer(2089858483,0ecaa5967403d082aa24f35e1b516d23)
Start importing Assets/cemetery halloween set/Prefab_mobile/mobile_gravestone_04.prefab using Guid(62e329b5256f3c640978abaeb8caf972) Importer(2089858483,0ecaa5967403d082aa24f35e1b516d23) [PhysX] Initialized MultithreadedTaskDispatcher with 8 workers.
 -> (artifact id: '291570d6f8a0d4f3c16c1229c50c9e7a') in 0.003591 seconds
Number of updated asset objects reloaded before import = 0
Number of asset objects unloaded after import = 8
========================================================================
Received Import Request.
  Time since last request: 0.000057 seconds.
  path: Assets/cemetery halloween set/Prefab_mobile/mobile_spokebone_04.prefab
  artifactKey: Guid(f502ed750a15b694f98ade602e76c9ad) Importer(2089858483,0ecaa5967403d082aa24f35e1b516d23)
Start importing Assets/cemetery halloween set/Prefab_mobile/mobile_spokebone_04.prefab using Guid(f502ed750a15b694f98ade602e76c9ad) Importer(2089858483,0ecaa5967403d082aa24f35e1b516d23) [PhysX] Initialized MultithreadedTaskDispatcher with 8 workers.
 -> (artifact id: 'cc98e449c1143104501920f1d8f4e08f') in 0.003269 seconds
Number of updated asset objects reloaded before import = 0
Number of asset objects unloaded after import = 8
========================================================================
Received Import Request.
  Time since last request: 0.000109 seconds.
  path: Assets/cemetery halloween set/Prefab_mobile/mobile_pumpkin_02.prefab
  artifactKey: Guid(eb8425daf233f5f4bb6fccb2ce3e9199) Importer(2089858483,0ecaa5967403d082aa24f35e1b516d23)
Start importing Assets/cemetery halloween set/Prefab_mobile/mobile_pumpkin_02.prefab using Guid(eb8425daf233f5f4bb6fccb2ce3e9199) Importer(2089858483,0ecaa5967403d082aa24f35e1b516d23) [PhysX] Initialized MultithreadedTaskDispatcher with 8 workers.
 -> (artifact id: '96d0a9164791c4ba5d08e8c4af05a41c') in 0.003554 seconds
Number of updated asset objects reloaded before import = 0
Number of asset objects unloaded after import = 13
========================================================================
Received Import Request.
  Time since last request: 0.000280 seconds.
  path: Assets/cemetery halloween set/Prefab_mobile/mobile_gravestone_02.prefab
  artifactKey: Guid(841bec98178bd664f93ab096859d2d64) Importer(2089858483,0ecaa5967403d082aa24f35e1b516d23)
Start importing Assets/cemetery halloween set/Prefab_mobile/mobile_gravestone_02.prefab using Guid(841bec98178bd664f93ab096859d2d64) Importer(2089858483,0ecaa5967403d082aa24f35e1b516d23) [PhysX] Initialized MultithreadedTaskDispatcher with 8 workers.
 -> (artifact id: '7ff8c821ca1ad9c4c22feca6f78e02d8') in 0.003301 seconds
Number of updated asset objects reloaded before import = 0
Number of asset objects unloaded after import = 8
========================================================================
Received Import Request.
  Time since last request: 0.000675 seconds.
  path: Assets/cemetery halloween set/Prefab_mobile/mobile_zombie_hand_06.prefab
  artifactKey: Guid(503c5c360c6265f48bdfa88c8c90534e) Importer(2089858483,0ecaa5967403d082aa24f35e1b516d23)
Start importing Assets/cemetery halloween set/Prefab_mobile/mobile_zombie_hand_06.prefab using Guid(503c5c360c6265f48bdfa88c8c90534e) Importer(2089858483,0ecaa5967403d082aa24f35e1b516d23) [PhysX] Initialized MultithreadedTaskDispatcher with 8 workers.
 -> (artifact id: 'dd458d7e199677c868bf87b20fb5037d') in 0.003587 seconds
Number of updated asset objects reloaded before import = 0
Number of asset objects unloaded after import = 8
========================================================================
Received Import Request.
  Time since last request: 0.000173 seconds.
  path: Assets/cemetery halloween set/models/Tree02_BG.fbx
  artifactKey: Guid(95dd1e4fe90316e43a9f0ecab11d671e) Importer(2089858483,0ecaa5967403d082aa24f35e1b516d23)
Start importing Assets/cemetery halloween set/models/Tree02_BG.fbx using Guid(95dd1e4fe90316e43a9f0ecab11d671e) Importer(2089858483,0ecaa5967403d082aa24f35e1b516d23) [PhysX] Initialized MultithreadedTaskDispatcher with 8 workers.
 -> (artifact id: 'a8a7ba6c436785ff69a3a58e6c85e8d5') in 0.008308 seconds
Number of updated asset objects reloaded before import = 0
Number of asset objects unloaded after import = 9
========================================================================
Received Import Request.
  Time since last request: 0.000258 seconds.
  path: Assets/cemetery halloween set/mobile_models/mobile_pumpkin_09.FBX
  artifactKey: Guid(b98818e61f60a8a4db4d2f850f330474) Importer(2089858483,0ecaa5967403d082aa24f35e1b516d23)
Start importing Assets/cemetery halloween set/mobile_models/mobile_pumpkin_09.FBX using Guid(b98818e61f60a8a4db4d2f850f330474) Importer(2089858483,0ecaa5967403d082aa24f35e1b516d23) [PhysX] Initialized MultithreadedTaskDispatcher with 8 workers.
 -> (artifact id: 'b949a40dae0e75817fe27a30b1a87b20') in 0.005871 seconds
Number of updated asset objects reloaded before import = 0
Number of asset objects unloaded after import = 8
========================================================================
Received Import Request.
  Time since last request: 0.000082 seconds.
  path: Assets/cemetery halloween set/mobile_models/fence_tile_04.fbx
  artifactKey: Guid(7d6ed17dc1e569c42bf7db199caf01ab) Importer(2089858483,0ecaa5967403d082aa24f35e1b516d23)
Start importing Assets/cemetery halloween set/mobile_models/fence_tile_04.fbx using Guid(7d6ed17dc1e569c42bf7db199caf01ab) Importer(2089858483,0ecaa5967403d082aa24f35e1b516d23) [PhysX] Initialized MultithreadedTaskDispatcher with 8 workers.
 -> (artifact id: '3d4bfe09399037d2a676fedf5fdc55a1') in 0.005358 seconds
Number of updated asset objects reloaded before import = 0
Number of asset objects unloaded after import = 8
========================================================================
Received Import Request.
  Time since last request: 0.000197 seconds.
  path: Assets/cemetery halloween set/models/gate_02.fbx
  artifactKey: Guid(de39154115bfb6e4381d77121ee32d9b) Importer(2089858483,0ecaa5967403d082aa24f35e1b516d23)
Start importing Assets/cemetery halloween set/models/gate_02.fbx using Guid(de39154115bfb6e4381d77121ee32d9b) Importer(2089858483,0ecaa5967403d082aa24f35e1b516d23) [PhysX] Initialized MultithreadedTaskDispatcher with 8 workers.
 -> (artifact id: '9408de80b858aac669a6c2413ff5b06a') in 0.005175 seconds
Number of updated asset objects reloaded before import = 0
Number of asset objects unloaded after import = 8
========================================================================
Received Import Request.
  Time since last request: 0.000223 seconds.
  path: Assets/cemetery halloween set/Prefab_mobile/spiderweb_01.prefab
  artifactKey: Guid(dab5f64d42c54534580bede6fa6c9cda) Importer(2089858483,0ecaa5967403d082aa24f35e1b516d23)
Start importing Assets/cemetery halloween set/Prefab_mobile/spiderweb_01.prefab using Guid(dab5f64d42c54534580bede6fa6c9cda) Importer(2089858483,0ecaa5967403d082aa24f35e1b516d23) [PhysX] Initialized MultithreadedTaskDispatcher with 8 workers.
 -> (artifact id: 'ff006bc5bd6d6ccdcb8761ffbb43afc1') in 0.003134 seconds
Number of updated asset objects reloaded before import = 0
Number of asset objects unloaded after import = 8
========================================================================
Received Import Request.
  Time since last request: 0.000049 seconds.
  path: Assets/cemetery halloween set/models/dead_tree_04.FBX
  artifactKey: Guid(3377073e3e89c874cb513eee713eff89) Importer(2089858483,0ecaa5967403d082aa24f35e1b516d23)
Start importing Assets/cemetery halloween set/models/dead_tree_04.FBX using Guid(3377073e3e89c874cb513eee713eff89) Importer(2089858483,0ecaa5967403d082aa24f35e1b516d23) [PhysX] Initialized MultithreadedTaskDispatcher with 8 workers.
 -> (artifact id: 'c1de5f4000133415bdb3c12e1b2887a7') in 0.005254 seconds
Number of updated asset objects reloaded before import = 0
Number of asset objects unloaded after import = 15
========================================================================
Received Import Request.
  Time since last request: 0.000423 seconds.
  path: Assets/cemetery halloween set/mobile_models/mobile_zombie_hand_09.fbx
  artifactKey: Guid(96cad661baf8e0943b1dfa70f8e42849) Importer(2089858483,0ecaa5967403d082aa24f35e1b516d23)
Start importing Assets/cemetery halloween set/mobile_models/mobile_zombie_hand_09.fbx using Guid(96cad661baf8e0943b1dfa70f8e42849) Importer(2089858483,0ecaa5967403d082aa24f35e1b516d23) [PhysX] Initialized MultithreadedTaskDispatcher with 8 workers.
 -> (artifact id: '5c66708fa879c01f4d7ca0f076c93937') in 0.005668 seconds
Number of updated asset objects reloaded before import = 0
Number of asset objects unloaded after import = 8
========================================================================
Received Import Request.
  Time since last request: 0.000111 seconds.
  path: Assets/cemetery halloween set/mobile_models/mobile_pumpkin_02.FBX
  artifactKey: Guid(9b4a4a721cc56b9439fa43fcda954fd9) Importer(2089858483,0ecaa5967403d082aa24f35e1b516d23)
Start importing Assets/cemetery halloween set/mobile_models/mobile_pumpkin_02.FBX using Guid(9b4a4a721cc56b9439fa43fcda954fd9) Importer(2089858483,0ecaa5967403d082aa24f35e1b516d23) [PhysX] Initialized MultithreadedTaskDispatcher with 8 workers.
 -> (artifact id: '88b7c0a05491844bca7e04bf7b9243f2') in 0.006338 seconds
Number of updated asset objects reloaded before import = 0
Number of asset objects unloaded after import = 13
========================================================================
Received Import Request.
  Time since last request: 0.000138 seconds.
  path: Assets/cemetery halloween set/Prefab_mobile/mobile_gravestone_03.prefab
  artifactKey: Guid(9e9d1287873c3c940a4598792f058c4c) Importer(2089858483,0ecaa5967403d082aa24f35e1b516d23)
Start importing Assets/cemetery halloween set/Prefab_mobile/mobile_gravestone_03.prefab using Guid(9e9d1287873c3c940a4598792f058c4c) Importer(2089858483,0ecaa5967403d082aa24f35e1b516d23) [PhysX] Initialized MultithreadedTaskDispatcher with 8 workers.
 -> (artifact id: '5375dbab351b1286fee6767862382189') in 0.003277 seconds
Number of updated asset objects reloaded before import = 0
Number of asset objects unloaded after import = 8
========================================================================
Received Import Request.
  Time since last request: 0.000220 seconds.
  path: Assets/cemetery halloween set/Prefab_mobile/mobile_pumpkin_01.prefab
  artifactKey: Guid(883c23b069c720d4694d86593d27b49b) Importer(2089858483,0ecaa5967403d082aa24f35e1b516d23)
Start importing Assets/cemetery halloween set/Prefab_mobile/mobile_pumpkin_01.prefab using Guid(883c23b069c720d4694d86593d27b49b) Importer(2089858483,0ecaa5967403d082aa24f35e1b516d23) [PhysX] Initialized MultithreadedTaskDispatcher with 8 workers.
 -> (artifact id: '56ef73d9c8a79f5fa4f08017693fe834') in 0.003379 seconds
Number of updated asset objects reloaded before import = 0
Number of asset objects unloaded after import = 13
========================================================================
Received Import Request.
  Time since last request: 0.000132 seconds.
  path: Assets/cemetery halloween set/models/fence_tile_05.fbx
  artifactKey: Guid(fbb2ac586132f1d41a2ba67a8234d3c9) Importer(2089858483,0ecaa5967403d082aa24f35e1b516d23)
Start importing Assets/cemetery halloween set/models/fence_tile_05.fbx using Guid(fbb2ac586132f1d41a2ba67a8234d3c9) Importer(2089858483,0ecaa5967403d082aa24f35e1b516d23) [PhysX] Initialized MultithreadedTaskDispatcher with 8 workers.
 -> (artifact id: 'a381cbef4dd277436802ad2daff776af') in 0.005198 seconds
Number of updated asset objects reloaded before import = 0
Number of asset objects unloaded after import = 8
========================================================================
Received Import Request.
  Time since last request: 0.000088 seconds.
  path: Assets/cemetery halloween set/models/Tree01_BG.fbx
  artifactKey: Guid(fbffa6d1962d2bc4d8fd1166094aa204) Importer(2089858483,0ecaa5967403d082aa24f35e1b516d23)
Start importing Assets/cemetery halloween set/models/Tree01_BG.fbx using Guid(fbffa6d1962d2bc4d8fd1166094aa204) Importer(2089858483,0ecaa5967403d082aa24f35e1b516d23) [PhysX] Initialized MultithreadedTaskDispatcher with 8 workers.
 -> (artifact id: '1f3f51781a0569155252d70708b99999') in 0.006624 seconds
Number of updated asset objects reloaded before import = 0
Number of asset objects unloaded after import = 9
========================================================================
Received Import Request.
  Time since last request: 0.000357 seconds.
  path: Assets/cemetery halloween set/Prefab_mobile/mobile_zombie_hand_01.prefab
  artifactKey: Guid(ffbb095f277e7c24594198c84b0f749f) Importer(2089858483,0ecaa5967403d082aa24f35e1b516d23)
Start importing Assets/cemetery halloween set/Prefab_mobile/mobile_zombie_hand_01.prefab using Guid(ffbb095f277e7c24594198c84b0f749f) Importer(2089858483,0ecaa5967403d082aa24f35e1b516d23) [PhysX] Initialized MultithreadedTaskDispatcher with 8 workers.
 -> (artifact id: '38066a2cbc775cf97ea2048dd562154d') in 0.003306 seconds
Number of updated asset objects reloaded before import = 0
Number of asset objects unloaded after import = 8
========================================================================
Received Import Request.
  Time since last request: 0.000155 seconds.
  path: Assets/cemetery halloween set/mobile_models/mobile_dead_tree_04.FBX
  artifactKey: Guid(bb4f6f30b1c2add4c837344327b4d391) Importer(2089858483,0ecaa5967403d082aa24f35e1b516d23)
Start importing Assets/cemetery halloween set/mobile_models/mobile_dead_tree_04.FBX using Guid(bb4f6f30b1c2add4c837344327b4d391) Importer(2089858483,0ecaa5967403d082aa24f35e1b516d23) [PhysX] Initialized MultithreadedTaskDispatcher with 8 workers.
 -> (artifact id: '05debe81aecfafe1cda6dc92c2502945') in 0.005323 seconds
Number of updated asset objects reloaded before import = 0
Number of asset objects unloaded after import = 15
========================================================================
Received Import Request.
  Time since last request: 0.000184 seconds.
  path: Assets/cemetery halloween set/mobile_models/mobile_hang_pumpkin_03.FBX
  artifactKey: Guid(641ead1bb36a6324f86c8621ce626bd7) Importer(2089858483,0ecaa5967403d082aa24f35e1b516d23)
Start importing Assets/cemetery halloween set/mobile_models/mobile_hang_pumpkin_03.FBX using Guid(641ead1bb36a6324f86c8621ce626bd7) Importer(2089858483,0ecaa5967403d082aa24f35e1b516d23) [PhysX] Initialized MultithreadedTaskDispatcher with 8 workers.
 -> (artifact id: '62c2f916d5dd552ebccc791eb725e92e') in 0.005687 seconds
Number of updated asset objects reloaded before import = 0
Number of asset objects unloaded after import = 15
========================================================================
Received Import Request.
  Time since last request: 0.000219 seconds.
  path: Assets/cemetery halloween set/mobile_models/fence_tile_01.fbx
  artifactKey: Guid(f96a520ba274cd14ca8dd7355ae63440) Importer(2089858483,0ecaa5967403d082aa24f35e1b516d23)
Start importing Assets/cemetery halloween set/mobile_models/fence_tile_01.fbx using Guid(f96a520ba274cd14ca8dd7355ae63440) Importer(2089858483,0ecaa5967403d082aa24f35e1b516d23) [PhysX] Initialized MultithreadedTaskDispatcher with 8 workers.
 -> (artifact id: '183f1f427d407ea6bc1611d4cf760d2d') in 0.005436 seconds
Number of updated asset objects reloaded before import = 0
Number of asset objects unloaded after import = 8
========================================================================
Received Import Request.
  Time since last request: 0.000280 seconds.
  path: Assets/cemetery halloween set/Prefab_mobile/mobile_pumpkin_10.prefab
  artifactKey: Guid(ddcbd36aced5ba4438c06c370af10e3f) Importer(2089858483,0ecaa5967403d082aa24f35e1b516d23)
Start importing Assets/cemetery halloween set/Prefab_mobile/mobile_pumpkin_10.prefab using Guid(ddcbd36aced5ba4438c06c370af10e3f) Importer(2089858483,0ecaa5967403d082aa24f35e1b516d23) [PhysX] Initialized MultithreadedTaskDispatcher with 8 workers.
 -> (artifact id: 'bd28de8b37dc87d6d3ed39d593da1584') in 0.003370 seconds
Number of updated asset objects reloaded before import = 0
Number of asset objects unloaded after import = 13
========================================================================
Received Import Request.
  Time since last request: 0.000202 seconds.
  path: Assets/cemetery halloween set/models/hang_pumpkin_04.FBX
  artifactKey: Guid(2d61b8ffb6a1d6246916f79102d0117c) Importer(2089858483,0ecaa5967403d082aa24f35e1b516d23)
Start importing Assets/cemetery halloween set/models/hang_pumpkin_04.FBX using Guid(2d61b8ffb6a1d6246916f79102d0117c) Importer(2089858483,0ecaa5967403d082aa24f35e1b516d23) [PhysX] Initialized MultithreadedTaskDispatcher with 8 workers.
 -> (artifact id: '9f211cd311e35334a3b2869201bfabb1') in 0.005435 seconds
Number of updated asset objects reloaded before import = 0
Number of asset objects unloaded after import = 8
========================================================================
Received Import Request.
  Time since last request: 0.000197 seconds.
  path: Assets/cemetery halloween set/mobile_models/mobile_tomb.fbx
  artifactKey: Guid(5d493aa214a7dc045b4313f080a0eeb5) Importer(2089858483,0ecaa5967403d082aa24f35e1b516d23)
Start importing Assets/cemetery halloween set/mobile_models/mobile_tomb.fbx using Guid(5d493aa214a7dc045b4313f080a0eeb5) Importer(2089858483,0ecaa5967403d082aa24f35e1b516d23) [PhysX] Initialized MultithreadedTaskDispatcher with 8 workers.
 -> (artifact id: '1274e36ac4e71a6d799c39897297e693') in 0.007201 seconds
Number of updated asset objects reloaded before import = 0
Number of asset objects unloaded after import = 8
========================================================================
Received Import Request.
  Time since last request: 0.072053 seconds.
  path: Assets/cemetery halloween set/models/pumpkin_03.FBX
  artifactKey: Guid(3a49463d7f0827a46b6a7ef4257003fa) Importer(2089858483,0ecaa5967403d082aa24f35e1b516d23)
Start importing Assets/cemetery halloween set/models/pumpkin_03.FBX using Guid(3a49463d7f0827a46b6a7ef4257003fa) Importer(2089858483,0ecaa5967403d082aa24f35e1b516d23) [PhysX] Initialized MultithreadedTaskDispatcher with 8 workers.
 -> (artifact id: 'fd27537c28c1334038178926a63cef7e') in 0.005650 seconds
Number of updated asset objects reloaded before import = 0
Number of asset objects unloaded after import = 8
========================================================================
Received Import Request.
  Time since last request: 0.000235 seconds.
  path: Assets/IgniteCoders/Simple Water Shader/Prefabs/WaterReflectionCamera.prefab
  artifactKey: Guid(838c0bef810bfe94d8e33947c3cba7c6) Importer(2089858483,0ecaa5967403d082aa24f35e1b516d23)
Start importing Assets/IgniteCoders/Simple Water Shader/Prefabs/WaterReflectionCamera.prefab using Guid(838c0bef810bfe94d8e33947c3cba7c6) Importer(2089858483,0ecaa5967403d082aa24f35e1b516d23) [PhysX] Initialized MultithreadedTaskDispatcher with 8 workers.
 -> (artifact id: '38b781b52894802dc9cd7cabdb687eaf') in 0.001224 seconds
Number of updated asset objects reloaded before import = 0
Number of asset objects unloaded after import = 0
========================================================================
Received Import Request.
  Time since last request: 0.000142 seconds.
  path: Assets/cemetery halloween set/models/rock_07.fbx
  artifactKey: Guid(e62e6d450c2012c4c8d26fdc7d221f66) Importer(2089858483,0ecaa5967403d082aa24f35e1b516d23)
Start importing Assets/cemetery halloween set/models/rock_07.fbx using Guid(e62e6d450c2012c4c8d26fdc7d221f66) Importer(2089858483,0ecaa5967403d082aa24f35e1b516d23) [PhysX] Initialized MultithreadedTaskDispatcher with 8 workers.
 -> (artifact id: '2f8b17af1f4345a910e9ad702d0f77a8') in 0.005558 seconds
Number of updated asset objects reloaded before import = 0
Number of asset objects unloaded after import = 8
========================================================================
Received Import Request.
  Time since last request: 0.000136 seconds.
  path: Assets/Materials/Textures/RustyMetalPattern/Rusty_Metal_metallic.png
  artifactKey: Guid(ddc52cf0b92024989b32be45fd274ae4) Importer(2089858483,0ecaa5967403d082aa24f35e1b516d23)
Start importing Assets/Materials/Textures/RustyMetalPattern/Rusty_Metal_metallic.png using Guid(ddc52cf0b92024989b32be45fd274ae4) Importer(2089858483,0ecaa5967403d082aa24f35e1b516d23) [PhysX] Initialized MultithreadedTaskDispatcher with 8 workers.
 -> (artifact id: '4a97c34ad6736722da96d733ca542906') in 0.007591 seconds
Number of updated asset objects reloaded before import = 0
Number of asset objects unloaded after import = 1
========================================================================
Received Import Request.
  Time since last request: 0.000125 seconds.
  path: Assets/Standard Assets/Characters/ThirdPersonCharacter/ThirdPersonCharacterGuidelines.txt
  artifactKey: Guid(af82a5dcdad0f544c99fd1a84212021d) Importer(2089858483,0ecaa5967403d082aa24f35e1b516d23)
Start importing Assets/Standard Assets/Characters/ThirdPersonCharacter/ThirdPersonCharacterGuidelines.txt using Guid(af82a5dcdad0f544c99fd1a84212021d) Importer(2089858483,0ecaa5967403d082aa24f35e1b516d23) [PhysX] Initialized MultithreadedTaskDispatcher with 8 workers.
 -> (artifact id: '5296575ed0e547628e2a38d7ad6b0b0e') in 0.001671 seconds
Number of updated asset objects reloaded before import = 0
Number of asset objects unloaded after import = 1
========================================================================
Received Import Request.
  Time since last request: 0.000186 seconds.
  path: Assets/cemetery halloween set/textures/floor_11.mat
  artifactKey: Guid(71ea78aa56fd40544840810c9e5b0590) Importer(2089858483,0ecaa5967403d082aa24f35e1b516d23)
Start importing Assets/cemetery halloween set/textures/floor_11.mat using Guid(71ea78aa56fd40544840810c9e5b0590) Importer(2089858483,0ecaa5967403d082aa24f35e1b516d23) [PhysX] Initialized MultithreadedTaskDispatcher with 8 workers.
 -> (artifact id: 'b53b59fdef26a3dd9a296f98c0121886') in 0.011637 seconds
Number of updated asset objects reloaded before import = 0
Number of asset objects unloaded after import = 2
========================================================================
Received Import Request.
  Time since last request: 0.000144 seconds.
  path: Assets/cemetery halloween set/models/skull_08.fbx
  artifactKey: Guid(0ae16d69b1d565946a7a7d33765ea7f7) Importer(2089858483,0ecaa5967403d082aa24f35e1b516d23)
Start importing Assets/cemetery halloween set/models/skull_08.fbx using Guid(0ae16d69b1d565946a7a7d33765ea7f7) Importer(2089858483,0ecaa5967403d082aa24f35e1b516d23) [PhysX] Initialized MultithreadedTaskDispatcher with 8 workers.
 -> (artifact id: 'e148113d5045f05c0a8ef54da37130fd') in 0.005559 seconds
Number of updated asset objects reloaded before import = 0
Number of asset objects unloaded after import = 8
========================================================================
Received Import Request.
  Time since last request: 0.000137 seconds.
  path: Assets/cemetery halloween set/models/rock_11.fbx
  artifactKey: Guid(147e2849b7754844e9afc7bee7e8c1cc) Importer(2089858483,0ecaa5967403d082aa24f35e1b516d23)
Start importing Assets/cemetery halloween set/models/rock_11.fbx using Guid(147e2849b7754844e9afc7bee7e8c1cc) Importer(2089858483,0ecaa5967403d082aa24f35e1b516d23) [PhysX] Initialized MultithreadedTaskDispatcher with 8 workers.
 -> (artifact id: '601e27fbb44038f9ba7b7382b369af93') in 0.005045 seconds
Number of updated asset objects reloaded before import = 0
Number of asset objects unloaded after import = 8
========================================================================
Received Import Request.
  Time since last request: 0.000065 seconds.
  path: Assets/NaaszArts/FantasyHouseBundle/Materials/DarkRoofTiles.mat
  artifactKey: Guid(6f4946adb899e46edac39e04f56febd6) Importer(2089858483,0ecaa5967403d082aa24f35e1b516d23)
Start importing Assets/NaaszArts/FantasyHouseBundle/Materials/DarkRoofTiles.mat using Guid(6f4946adb899e46edac39e04f56febd6) Importer(2089858483,0ecaa5967403d082aa24f35e1b516d23) [PhysX] Initialized MultithreadedTaskDispatcher with 8 workers.
 -> (artifact id: '2a81c69bbb28eb363e2f8cc026ffa40e') in 0.002076 seconds
Number of updated asset objects reloaded before import = 0
Number of asset objects unloaded after import = 1
========================================================================
Received Import Request.
  Time since last request: 0.000071 seconds.
  path: Assets/NaaszArts/FantasyHouseBundle/Materials/Metal.mat
  artifactKey: Guid(68c579b3c4cfe465c9909575ce18bcda) Importer(2089858483,0ecaa5967403d082aa24f35e1b516d23)
Start importing Assets/NaaszArts/FantasyHouseBundle/Materials/Metal.mat using Guid(68c579b3c4cfe465c9909575ce18bcda) Importer(2089858483,0ecaa5967403d082aa24f35e1b516d23) [PhysX] Initialized MultithreadedTaskDispatcher with 8 workers.
 -> (artifact id: '60860088d0c4cdce989b4202174a58ff') in 0.002289 seconds
Number of updated asset objects reloaded before import = 0
Number of asset objects unloaded after import = 1
========================================================================
Received Import Request.
  Time since last request: 0.000132 seconds.
  path: Assets/cemetery halloween set/Demo/Materials/demo_scene_floor.mat
  artifactKey: Guid(a2dbc36369df2344ca6f2821af7d11b1) Importer(2089858483,0ecaa5967403d082aa24f35e1b516d23)
Start importing Assets/cemetery halloween set/Demo/Materials/demo_scene_floor.mat using Guid(a2dbc36369df2344ca6f2821af7d11b1) Importer(2089858483,0ecaa5967403d082aa24f35e1b516d23) [PhysX] Initialized MultithreadedTaskDispatcher with 8 workers.
 -> (artifact id: 'c1be7f41ebf15f9a612d8d12b7f56344') in 0.011463 seconds
Number of updated asset objects reloaded before import = 0
Number of asset objects unloaded after import = 2
========================================================================
Received Import Request.
  Time since last request: 0.000306 seconds.
  path: Assets/NaaszArts/FantasyHouseBundle/Materials/Wood3.mat
  artifactKey: Guid(c2488115bd36641988d4648a5629ca67) Importer(2089858483,0ecaa5967403d082aa24f35e1b516d23)
Start importing Assets/NaaszArts/FantasyHouseBundle/Materials/Wood3.mat using Guid(c2488115bd36641988d4648a5629ca67) Importer(2089858483,0ecaa5967403d082aa24f35e1b516d23) [PhysX] Initialized MultithreadedTaskDispatcher with 8 workers.
 -> (artifact id: 'c9aae5fea2f14a6c1783a4ef715d8884') in 0.002374 seconds
Number of updated asset objects reloaded before import = 0
Number of asset objects unloaded after import = 1
========================================================================
Received Import Request.
  Time since last request: 0.000242 seconds.
  path: Assets/Advance Studios/Medieval Castle/Art/Textures/CastleTowerTexture.png
  artifactKey: Guid(4f5f584a2b663ea4bb16a52da4041720) Importer(2089858483,0ecaa5967403d082aa24f35e1b516d23)
Start importing Assets/Advance Studios/Medieval Castle/Art/Textures/CastleTowerTexture.png using Guid(4f5f584a2b663ea4bb16a52da4041720) Importer(2089858483,0ecaa5967403d082aa24f35e1b516d23) [PhysX] Initialized MultithreadedTaskDispatcher with 8 workers.
 -> (artifact id: 'da414754679259868ec1329dbb4715db') in 0.006189 seconds
Number of updated asset objects reloaded before import = 0
Number of asset objects unloaded after import = 1
========================================================================
Received Import Request.
  Time since last request: 0.000291 seconds.
  path: Assets/NaaszArts/FantasyHouseBundle/Materials/RopeMaterial.mat
  artifactKey: Guid(781dbbafe8c1e43e1a8b562be800c4a7) Importer(2089858483,0ecaa5967403d082aa24f35e1b516d23)
Start importing Assets/NaaszArts/FantasyHouseBundle/Materials/RopeMaterial.mat using Guid(781dbbafe8c1e43e1a8b562be800c4a7) Importer(2089858483,0ecaa5967403d082aa24f35e1b516d23) [PhysX] Initialized MultithreadedTaskDispatcher with 8 workers.
 -> (artifact id: '7112a4a7f9156ef5a8dcc777c7d5f66a') in 0.002002 seconds
Number of updated asset objects reloaded before import = 0
Number of asset objects unloaded after import = 1
========================================================================
Received Import Request.
  Time since last request: 0.000171 seconds.
  path: Assets/Materials/Textures/FloorTile/FloorTileAmbientOcclusion.png
  artifactKey: Guid(42ba1b44aef554f2b819779299b8ad70) Importer(2089858483,0ecaa5967403d082aa24f35e1b516d23)
Start importing Assets/Materials/Textures/FloorTile/FloorTileAmbientOcclusion.png using Guid(42ba1b44aef554f2b819779299b8ad70) Importer(2089858483,0ecaa5967403d082aa24f35e1b516d23) [PhysX] Initialized MultithreadedTaskDispatcher with 8 workers.
 -> (artifact id: 'd77ef5030c45b1a8dee6a43de9b8a684') in 0.004529 seconds
Number of updated asset objects reloaded before import = 0
Number of asset objects unloaded after import = 1
========================================================================
Received Import Request.
  Time since last request: 0.000241 seconds.
  path: Assets/Materials/Textures/Wood/wood4.png
  artifactKey: Guid(78794742296d64a2aa0dddaa1ef16980) Importer(2089858483,0ecaa5967403d082aa24f35e1b516d23)
Start importing Assets/Materials/Textures/Wood/wood4.png using Guid(78794742296d64a2aa0dddaa1ef16980) Importer(2089858483,0ecaa5967403d082aa24f35e1b516d23) [PhysX] Initialized MultithreadedTaskDispatcher with 8 workers.
 -> (artifact id: '26871920f868b7d088686774f45473d1') in 0.006389 seconds
Number of updated asset objects reloaded before import = 0
Number of asset objects unloaded after import = 1
========================================================================
Received Import Request.
  Time since last request: 0.000203 seconds.
  path: Assets/cemetery halloween set/models/zombie_hand_08.fbx
  artifactKey: Guid(72d25901c70869b42b9a1992fc2e321f) Importer(2089858483,0ecaa5967403d082aa24f35e1b516d23)
Start importing Assets/cemetery halloween set/models/zombie_hand_08.fbx using Guid(72d25901c70869b42b9a1992fc2e321f) Importer(2089858483,0ecaa5967403d082aa24f35e1b516d23) [PhysX] Initialized MultithreadedTaskDispatcher with 8 workers.
 -> (artifact id: 'd2c66e7d522b3331fff4e059a80f7a1a') in 0.005392 seconds
Number of updated asset objects reloaded before import = 0
Number of asset objects unloaded after import = 8
========================================================================
Received Import Request.
  Time since last request: 0.000254 seconds.
  path: Assets/NaaszArts/FantasyHouseBundle/Meshes/Well.fbx
  artifactKey: Guid(4245cbb9c2ff04ee593a63e344466239) Importer(2089858483,0ecaa5967403d082aa24f35e1b516d23)
Start importing Assets/NaaszArts/FantasyHouseBundle/Meshes/Well.fbx using Guid(4245cbb9c2ff04ee593a63e344466239) Importer(2089858483,0ecaa5967403d082aa24f35e1b516d23) [PhysX] Initialized MultithreadedTaskDispatcher with 8 workers.
 -> (artifact id: '5384d0ba3a8ff9cf8144d3d1e2b9f425') in 0.006856 seconds
Number of updated asset objects reloaded before import = 0
Number of asset objects unloaded after import = 7
========================================================================
Received Import Request.
  Time since last request: 0.000187 seconds.
  path: Assets/NaaszArts/FantasyHouseBundle/Prefabs/FishingPier.prefab
  artifactKey: Guid(88d5e7d209d004f7285cb9e136177970) Importer(2089858483,0ecaa5967403d082aa24f35e1b516d23)
Start importing Assets/NaaszArts/FantasyHouseBundle/Prefabs/FishingPier.prefab using Guid(88d5e7d209d004f7285cb9e136177970) Importer(2089858483,0ecaa5967403d082aa24f35e1b516d23) [PhysX] Initialized MultithreadedTaskDispatcher with 8 workers.
 -> (artifact id: 'a447a777caf158df979f71ce1c4e9138') in 0.004765 seconds
Number of updated asset objects reloaded before import = 0
Number of asset objects unloaded after import = 14
========================================================================
Received Import Request.
  Time since last request: 0.000074 seconds.
  path: Assets/Materials/Textures/RustyMetalPattern/Rusty_Metal_ambientOcclusion.png
  artifactKey: Guid(e996ded935aa24df4bf95ff9d81a402a) Importer(2089858483,0ecaa5967403d082aa24f35e1b516d23)
Start importing Assets/Materials/Textures/RustyMetalPattern/Rusty_Metal_ambientOcclusion.png using Guid(e996ded935aa24df4bf95ff9d81a402a) Importer(2089858483,0ecaa5967403d082aa24f35e1b516d23) [PhysX] Initialized MultithreadedTaskDispatcher with 8 workers.
 -> (artifact id: '489251066d5cd6952147df56e1a2813b') in 0.005325 seconds
Number of updated asset objects reloaded before import = 0
Number of asset objects unloaded after import = 1
========================================================================
Received Import Request.
  Time since last request: 0.000156 seconds.
  path: Assets/cemetery halloween set/models/pumpkin_06.FBX
  artifactKey: Guid(ee8ed93185871834b92361654fdd8c87) Importer(2089858483,0ecaa5967403d082aa24f35e1b516d23)
Start importing Assets/cemetery halloween set/models/pumpkin_06.FBX using Guid(ee8ed93185871834b92361654fdd8c87) Importer(2089858483,0ecaa5967403d082aa24f35e1b516d23) [PhysX] Initialized MultithreadedTaskDispatcher with 8 workers.
 -> (artifact id: 'f1925a9d095a8e1cd1677b0904939d10') in 0.005945 seconds
Number of updated asset objects reloaded before import = 0
Number of asset objects unloaded after import = 13
========================================================================
Received Import Request.
  Time since last request: 0.000098 seconds.
  path: Assets/TextMesh Pro/Resources/Fonts & Materials/LiberationSans SDF - Drop Shadow.mat
  artifactKey: Guid(e73a58f6e2794ae7b1b7e50b7fb811b0) Importer(2089858483,0ecaa5967403d082aa24f35e1b516d23)
Start importing Assets/TextMesh Pro/Resources/Fonts & Materials/LiberationSans SDF - Drop Shadow.mat using Guid(e73a58f6e2794ae7b1b7e50b7fb811b0) Importer(2089858483,0ecaa5967403d082aa24f35e1b516d23) [PhysX] Initialized MultithreadedTaskDispatcher with 8 workers.
 -> (artifact id: 'f19802bcd020b283dcac40e2a466aa77') in 0.011548 seconds
Number of updated asset objects reloaded before import = 0
Number of asset objects unloaded after import = 2
========================================================================
Received Import Request.
  Time since last request: 0.000074 seconds.
  path: Assets/Materials/Textures/3crates/crate1/crate1_bump.png
  artifactKey: Guid(643600df7d88145b8b5fab35b80a7a33) Importer(2089858483,0ecaa5967403d082aa24f35e1b516d23)
Start importing Assets/Materials/Textures/3crates/crate1/crate1_bump.png using Guid(643600df7d88145b8b5fab35b80a7a33) Importer(2089858483,0ecaa5967403d082aa24f35e1b516d23) [PhysX] Initialized MultithreadedTaskDispatcher with 8 workers.
 -> (artifact id: 'b275cbc8dc367a6938c934cd4a2405c0') in 0.005315 seconds
Number of updated asset objects reloaded before import = 0
Number of asset objects unloaded after import = 1
========================================================================
Received Import Request.
  Time since last request: 0.000105 seconds.
  path: Assets/cemetery halloween set/models/rock_13.fbx
  artifactKey: Guid(3739b15df9a3c804d873bf9a3b8c0b0d) Importer(2089858483,0ecaa5967403d082aa24f35e1b516d23)
Start importing Assets/cemetery halloween set/models/rock_13.fbx using Guid(3739b15df9a3c804d873bf9a3b8c0b0d) Importer(2089858483,0ecaa5967403d082aa24f35e1b516d23) [PhysX] Initialized MultithreadedTaskDispatcher with 8 workers.
 -> (artifact id: 'e06b1c91927b26ee29b2849b2f8b6b2d') in 0.005400 seconds
Number of updated asset objects reloaded before import = 0
Number of asset objects unloaded after import = 8
========================================================================
Received Import Request.
  Time since last request: 0.000150 seconds.
  path: Assets/Standard Assets/Characters/ThirdPersonCharacter/Animation/HumanoidIdle.fbx
  artifactKey: Guid(dffa50cfe77e0434bbfa71245b3dd529) Importer(2089858483,0ecaa5967403d082aa24f35e1b516d23)
Start importing Assets/Standard Assets/Characters/ThirdPersonCharacter/Animation/HumanoidIdle.fbx using Guid(dffa50cfe77e0434bbfa71245b3dd529) Importer(2089858483,0ecaa5967403d082aa24f35e1b516d23) [PhysX] Initialized MultithreadedTaskDispatcher with 8 workers.
 -> (artifact id: '1a473bbc203135b675034da69f55d4d2') in 0.008971 seconds
Number of updated asset objects reloaded before import = 0
Number of asset objects unloaded after import = 157
========================================================================
Received Import Request.
  Time since last request: 0.000225 seconds.
  path: Assets/cemetery halloween set/models/skull_01.fbx
  artifactKey: Guid(39435e97ca57ba1408fd054be7ce7363) Importer(2089858483,0ecaa5967403d082aa24f35e1b516d23)
Start importing Assets/cemetery halloween set/models/skull_01.fbx using Guid(39435e97ca57ba1408fd054be7ce7363) Importer(2089858483,0ecaa5967403d082aa24f35e1b516d23) [PhysX] Initialized MultithreadedTaskDispatcher with 8 workers.
 -> (artifact id: '502c1dd137a8d246c9fdf9ee5eb257a8') in 0.006797 seconds
Number of updated asset objects reloaded before import = 0
Number of asset objects unloaded after import = 8
========================================================================
Received Import Request.
  Time since last request: 0.000088 seconds.
  path: Assets/cemetery halloween set/textures/floor_11.png
  artifactKey: Guid(a2a3f5aa1919d754db7013249b67ee8f) Importer(2089858483,0ecaa5967403d082aa24f35e1b516d23)
Start importing Assets/cemetery halloween set/textures/floor_11.png using Guid(a2a3f5aa1919d754db7013249b67ee8f) Importer(2089858483,0ecaa5967403d082aa24f35e1b516d23) [PhysX] Initialized MultithreadedTaskDispatcher with 8 workers.
 -> (artifact id: '0d47e07efc66f4b008d7aedaf4c4c858') in 0.004450 seconds
Number of updated asset objects reloaded before import = 0
Number of asset objects unloaded after import = 1
========================================================================
Received Import Request.
  Time since last request: 0.000124 seconds.
  path: Assets/IgniteCoders/Simple Water Shader/Resources/WaterBlock_50m.mesh
  artifactKey: Guid(3da23cdf512599b42881988944f3918c) Importer(2089858483,0ecaa5967403d082aa24f35e1b516d23)
Start importing Assets/IgniteCoders/Simple Water Shader/Resources/WaterBlock_50m.mesh using Guid(3da23cdf512599b42881988944f3918c) Importer(2089858483,0ecaa5967403d082aa24f35e1b516d23) [PhysX] Initialized MultithreadedTaskDispatcher with 8 workers.
 -> (artifact id: '9aecffa38106dc266f3867f99f48a575') in 0.002186 seconds
Number of updated asset objects reloaded before import = 0
Number of asset objects unloaded after import = 1
========================================================================
Received Import Request.
  Time since last request: 0.000259 seconds.
  path: Assets/Materials/Textures/Wall/WallNormal.png
  artifactKey: Guid(b7846c59f9ba549d0b074176106c94b0) Importer(2089858483,0ecaa5967403d082aa24f35e1b516d23)
Start importing Assets/Materials/Textures/Wall/WallNormal.png using Guid(b7846c59f9ba549d0b074176106c94b0) Importer(2089858483,0ecaa5967403d082aa24f35e1b516d23) [PhysX] Initialized MultithreadedTaskDispatcher with 8 workers.
 -> (artifact id: '0b5c052897e760fc00c107072b30e6b1') in 0.006351 seconds
Number of updated asset objects reloaded before import = 0
Number of asset objects unloaded after import = 1
========================================================================
Received Import Request.
  Time since last request: 0.000421 seconds.
  path: Assets/NaaszArts/FantasyHouseBundle/Materials/WindowPanes.mat
  artifactKey: Guid(4f72438ebaef6468b8e5013276be2a57) Importer(2089858483,0ecaa5967403d082aa24f35e1b516d23)
Start importing Assets/NaaszArts/FantasyHouseBundle/Materials/WindowPanes.mat using Guid(4f72438ebaef6468b8e5013276be2a57) Importer(2089858483,0ecaa5967403d082aa24f35e1b516d23) [PhysX] Initialized MultithreadedTaskDispatcher with 8 workers.
 -> (artifact id: '1649d60238129229b9ca1b87673b5f5a') in 0.002356 seconds
Number of updated asset objects reloaded before import = 0
Number of asset objects unloaded after import = 1
========================================================================
Received Import Request.
  Time since last request: 0.000156 seconds.
  path: Assets/Materials/Textures/RustyMetalPattern/Rusty_Metal_roughness.png
  artifactKey: Guid(3ef4ebf7089a74b51b16919e083c389e) Importer(2089858483,0ecaa5967403d082aa24f35e1b516d23)
Start importing Assets/Materials/Textures/RustyMetalPattern/Rusty_Metal_roughness.png using Guid(3ef4ebf7089a74b51b16919e083c389e) Importer(2089858483,0ecaa5967403d082aa24f35e1b516d23) [PhysX] Initialized MultithreadedTaskDispatcher with 8 workers.
 -> (artifact id: '5f3127e8bfff368b5e7cbc7d8466f633') in 0.005188 seconds
Number of updated asset objects reloaded before import = 0
Number of asset objects unloaded after import = 1
========================================================================
Received Import Request.
  Time since last request: 0.000268 seconds.
  path: Assets/cemetery halloween set/models/zombie_hand_05.fbx
  artifactKey: Guid(6259f01035f8d884b9652a51bff6eedb) Importer(2089858483,0ecaa5967403d082aa24f35e1b516d23)
Start importing Assets/cemetery halloween set/models/zombie_hand_05.fbx using Guid(6259f01035f8d884b9652a51bff6eedb) Importer(2089858483,0ecaa5967403d082aa24f35e1b516d23) [PhysX] Initialized MultithreadedTaskDispatcher with 8 workers.
 -> (artifact id: '3c198e038e7990a4eadfd5a098d3d74a') in 0.005549 seconds
Number of updated asset objects reloaded before import = 0
Number of asset objects unloaded after import = 8
========================================================================
Received Import Request.
  Time since last request: 0.000105 seconds.
  path: Assets/Standard Assets/Characters/ThirdPersonCharacter/Animation/HumanoidMidAir.fbx
  artifactKey: Guid(f03e10c73f30b4ab4aa8ea8f1cc16d36) Importer(2089858483,0ecaa5967403d082aa24f35e1b516d23)
Start importing Assets/Standard Assets/Characters/ThirdPersonCharacter/Animation/HumanoidMidAir.fbx using Guid(f03e10c73f30b4ab4aa8ea8f1cc16d36) Importer(2089858483,0ecaa5967403d082aa24f35e1b516d23) [PhysX] Initialized MultithreadedTaskDispatcher with 8 workers.
 -> (artifact id: 'aeb39890c0c311e47a5e90bdced5cc8d') in 0.010557 seconds
Number of updated asset objects reloaded before import = 0
Number of asset objects unloaded after import = 184
========================================================================
Received Import Request.
  Time since last request: 0.000483 seconds.
  path: Assets/Sounds/RPG Sound Pack/misc/random3.wav
  artifactKey: Guid(89d106381f6cc489fba61fc96a3e4ad3) Importer(2089858483,0ecaa5967403d082aa24f35e1b516d23)
Start importing Assets/Sounds/RPG Sound Pack/misc/random3.wav using Guid(89d106381f6cc489fba61fc96a3e4ad3) Importer(2089858483,0ecaa5967403d082aa24f35e1b516d23) [PhysX] Initialized MultithreadedTaskDispatcher with 8 workers.
 -> (artifact id: 'aab85e770a4eaf50bece1bf67545aeb4') in 0.018503 seconds
Number of updated asset objects reloaded before import = 0
Number of asset objects unloaded after import = 1
========================================================================
Received Import Request.
  Time since last request: 0.000177 seconds.
  path: Assets/Standard Assets/Characters/ThirdPersonCharacter/Prefabs/AIThirdPersonController.prefab
  artifactKey: Guid(54eb5844754051b40a918a84c33b7c1a) Importer(2089858483,0ecaa5967403d082aa24f35e1b516d23)
Start importing Assets/Standard Assets/Characters/ThirdPersonCharacter/Prefabs/AIThirdPersonController.prefab using Guid(54eb5844754051b40a918a84c33b7c1a) Importer(2089858483,0ecaa5967403d082aa24f35e1b516d23) [PhysX] Initialized MultithreadedTaskDispatcher with 8 workers.
 -> (artifact id: '41dbdfeda39eab90b97da23c87c3847d') in 0.001175 seconds
Number of updated asset objects reloaded before import = 0
Number of asset objects unloaded after import = 0
========================================================================
Received Import Request.
  Time since last request: 0.000144 seconds.
  path: Assets/Standard Assets/Characters/ThirdPersonCharacter/Animation/HumanoidRunTurnSharp.fbx
  artifactKey: Guid(f2bed5dc5afacff44a00de8daae9703b) Importer(2089858483,0ecaa5967403d082aa24f35e1b516d23)
Start importing Assets/Standard Assets/Characters/ThirdPersonCharacter/Animation/HumanoidRunTurnSharp.fbx using Guid(f2bed5dc5afacff44a00de8daae9703b) Importer(2089858483,0ecaa5967403d082aa24f35e1b516d23) [PhysX] Initialized MultithreadedTaskDispatcher with 8 workers.
 -> (artifact id: '257aaa32f0c6f54384554bced41e122c') in 0.010905 seconds
Number of updated asset objects reloaded before import = 0
Number of asset objects unloaded after import = 158
========================================================================
Received Import Request.
  Time since last request: 0.000085 seconds.
  path: Assets/TextMesh Pro/Resources/Sprite Assets/EmojiOne.asset
  artifactKey: Guid(c41005c129ba4d66911b75229fd70b45) Importer(2089858483,0ecaa5967403d082aa24f35e1b516d23)
Start importing Assets/TextMesh Pro/Resources/Sprite Assets/EmojiOne.asset using Guid(c41005c129ba4d66911b75229fd70b45) Importer(2089858483,0ecaa5967403d082aa24f35e1b516d23) [PhysX] Initialized MultithreadedTaskDispatcher with 8 workers.
 -> (artifact id: '3c45cdf2b8f11701c817e18ee9830710') in 0.011950 seconds
Number of updated asset objects reloaded before import = 0
Number of asset objects unloaded after import = 3
========================================================================
Received Import Request.
  Time since last request: 0.000028 seconds.
  path: Assets/cemetery halloween set/models/skull_04.fbx
  artifactKey: Guid(18c3f8aa37da94c41ab2b399cd121a62) Importer(2089858483,0ecaa5967403d082aa24f35e1b516d23)
Start importing Assets/cemetery halloween set/models/skull_04.fbx using Guid(18c3f8aa37da94c41ab2b399cd121a62) Importer(2089858483,0ecaa5967403d082aa24f35e1b516d23) [PhysX] Initialized MultithreadedTaskDispatcher with 8 workers.
 -> (artifact id: 'ed575840162406b20c9f78b7338bed5f') in 0.005325 seconds
Number of updated asset objects reloaded before import = 0
Number of asset objects unloaded after import = 8
========================================================================
Received Import Request.
  Time since last request: 0.000274 seconds.
  path: Assets/Sounds/RPG Sound Pack/misc/door.wav
  artifactKey: Guid(ee38665e771394dc2bcb1c680761957a) Importer(2089858483,0ecaa5967403d082aa24f35e1b516d23)
Start importing Assets/Sounds/RPG Sound Pack/misc/door.wav using Guid(ee38665e771394dc2bcb1c680761957a) Importer(2089858483,0ecaa5967403d082aa24f35e1b516d23) [PhysX] Initialized MultithreadedTaskDispatcher with 8 workers.
 -> (artifact id: '94395b36e0070a0baf0ce35777a4e0fb') in 0.020963 seconds
Number of updated asset objects reloaded before import = 0
Number of asset objects unloaded after import = 1
========================================================================
Received Import Request.
  Time since last request: 0.000353 seconds.
  path: Assets/cemetery halloween set/models/rock_03.fbx
  artifactKey: Guid(62ae9e88d8318ee4c854c401ee10caaa) Importer(2089858483,0ecaa5967403d082aa24f35e1b516d23)
Start importing Assets/cemetery halloween set/models/rock_03.fbx using Guid(62ae9e88d8318ee4c854c401ee10caaa) Importer(2089858483,0ecaa5967403d082aa24f35e1b516d23) [PhysX] Initialized MultithreadedTaskDispatcher with 8 workers.
 -> (artifact id: 'e278bdd5761d32b3658378cf8307ff0d') in 0.005427 seconds
Number of updated asset objects reloaded before import = 0
Number of asset objects unloaded after import = 8
========================================================================
Received Import Request.
  Time since last request: 0.000031 seconds.
  path: Assets/IgniteCoders/Simple Water Shader/Resources/WaterReflection.renderTexture
  artifactKey: Guid(4ae8ae7350b67b44785d874c413a2e03) Importer(2089858483,0ecaa5967403d082aa24f35e1b516d23)
Start importing Assets/IgniteCoders/Simple Water Shader/Resources/WaterReflection.renderTexture using Guid(4ae8ae7350b67b44785d874c413a2e03) Importer(2089858483,0ecaa5967403d082aa24f35e1b516d23) [PhysX] Initialized MultithreadedTaskDispatcher with 8 workers.
 -> (artifact id: '7b82edbf567053891ad24ab5c75f8469') in 0.005002 seconds
Number of updated asset objects reloaded before import = 0
Number of asset objects unloaded after import = 1
========================================================================
Received Import Request.
  Time since last request: 0.000217 seconds.
  path: Assets/cemetery halloween set/mobile_models/Materials/cemetery_halloween_atlas_alpha.mat
  artifactKey: Guid(b9bdff80ef35cca4caf45d8885130909) Importer(2089858483,0ecaa5967403d082aa24f35e1b516d23)
Start importing Assets/cemetery halloween set/mobile_models/Materials/cemetery_halloween_atlas_alpha.mat using Guid(b9bdff80ef35cca4caf45d8885130909) Importer(2089858483,0ecaa5967403d082aa24f35e1b516d23) [PhysX] Initialized MultithreadedTaskDispatcher with 8 workers.
 -> (artifact id: '25a6d9f0ffbff6a71e87dea803469506') in 0.020380 seconds
Number of updated asset objects reloaded before import = 0
Number of asset objects unloaded after import = 2
========================================================================
Received Import Request.
  Time since last request: 0.000034 seconds.
  path: Assets/cemetery halloween set/models/skull_03.fbx
  artifactKey: Guid(690d478168e1ba247b9862d32af19518) Importer(2089858483,0ecaa5967403d082aa24f35e1b516d23)
Start importing Assets/cemetery halloween set/models/skull_03.fbx using Guid(690d478168e1ba247b9862d32af19518) Importer(2089858483,0ecaa5967403d082aa24f35e1b516d23) [PhysX] Initialized MultithreadedTaskDispatcher with 8 workers.
 -> (artifact id: 'dc1d7e757f24944f9f966dbd530f2b58') in 0.005459 seconds
Number of updated asset objects reloaded before import = 0
Number of asset objects unloaded after import = 8
========================================================================
Received Import Request.
  Time since last request: 0.000168 seconds.
  path: Assets/cemetery halloween set/models/rock_05.fbx
  artifactKey: Guid(92f6cadac830dad479725e5299a85a6b) Importer(2089858483,0ecaa5967403d082aa24f35e1b516d23)
Start importing Assets/cemetery halloween set/models/rock_05.fbx using Guid(92f6cadac830dad479725e5299a85a6b) Importer(2089858483,0ecaa5967403d082aa24f35e1b516d23) [PhysX] Initialized MultithreadedTaskDispatcher with 8 workers.
 -> (artifact id: '168a21934bbd38de4120798db7bd9ad6') in 0.005165 seconds
Number of updated asset objects reloaded before import = 0
Number of asset objects unloaded after import = 8
========================================================================
Received Import Request.
  Time since last request: 0.000038 seconds.
  path: Assets/Advance Studios/Medieval Castle/Art/Floor.mat
  artifactKey: Guid(2c198d9e37e61244498aa9d1ab419899) Importer(2089858483,0ecaa5967403d082aa24f35e1b516d23)
Start importing Assets/Advance Studios/Medieval Castle/Art/Floor.mat using Guid(2c198d9e37e61244498aa9d1ab419899) Importer(2089858483,0ecaa5967403d082aa24f35e1b516d23) [PhysX] Initialized MultithreadedTaskDispatcher with 8 workers.
 -> (artifact id: 'bf562458ee654e3e224695c9ef9321d2') in 0.002034 seconds
Number of updated asset objects reloaded before import = 0
Number of asset objects unloaded after import = 1
========================================================================
Received Import Request.
  Time since last request: 0.000082 seconds.
  path: Assets/cemetery halloween set/models/pumpkin_05.FBX
  artifactKey: Guid(81bd1c361541fe74bba12aacc913298e) Importer(2089858483,0ecaa5967403d082aa24f35e1b516d23)
Start importing Assets/cemetery halloween set/models/pumpkin_05.FBX using Guid(81bd1c361541fe74bba12aacc913298e) Importer(2089858483,0ecaa5967403d082aa24f35e1b516d23) [PhysX] Initialized MultithreadedTaskDispatcher with 8 workers.
 -> (artifact id: '61f105defe6afe187f764c30d10c2b7d') in 0.008349 seconds
Number of updated asset objects reloaded before import = 0
Number of asset objects unloaded after import = 13
========================================================================
Received Import Request.
  Time since last request: 0.000399 seconds.
  path: Assets/cemetery halloween set/models/spokebone_03.fbx
  artifactKey: Guid(ea1501bc7f42b754a98476e1feaded6d) Importer(2089858483,0ecaa5967403d082aa24f35e1b516d23)
Start importing Assets/cemetery halloween set/models/spokebone_03.fbx using Guid(ea1501bc7f42b754a98476e1feaded6d) Importer(2089858483,0ecaa5967403d082aa24f35e1b516d23) [PhysX] Initialized MultithreadedTaskDispatcher with 8 workers.
 -> (artifact id: 'cf9e87197dc7e8747f99410bfb1761c8') in 0.005275 seconds
Number of updated asset objects reloaded before import = 0
Number of asset objects unloaded after import = 8
========================================================================
Received Import Request.
  Time since last request: 0.000099 seconds.
  path: Assets/cemetery halloween set/models/Materials/cemetery_halloween_atlas_alpha.mat
  artifactKey: Guid(cfdf390b66e1a9445be4eaaaea1c0d5a) Importer(2089858483,0ecaa5967403d082aa24f35e1b516d23)
Start importing Assets/cemetery halloween set/models/Materials/cemetery_halloween_atlas_alpha.mat using Guid(cfdf390b66e1a9445be4eaaaea1c0d5a) Importer(2089858483,0ecaa5967403d082aa24f35e1b516d23) [PhysX] Initialized MultithreadedTaskDispatcher with 8 workers.
 -> (artifact id: 'e04b8a33f55b6490f38f345a974315a7') in 0.009998 seconds
Number of updated asset objects reloaded before import = 0
Number of asset objects unloaded after import = 2
========================================================================
Received Import Request.
  Time since last request: 0.000043 seconds.
  path: Assets/Sounds/RPG Sound Pack/inventory/cloth.wav
  artifactKey: Guid(5a9ee77238ee147e69bf69a3ca8f98a1) Importer(2089858483,0ecaa5967403d082aa24f35e1b516d23)
Start importing Assets/Sounds/RPG Sound Pack/inventory/cloth.wav using Guid(5a9ee77238ee147e69bf69a3ca8f98a1) Importer(2089858483,0ecaa5967403d082aa24f35e1b516d23) [PhysX] Initialized MultithreadedTaskDispatcher with 8 workers.
 -> (artifact id: '246da08ab8657a0004f8c2151fe2fe5a') in 0.019010 seconds
Number of updated asset objects reloaded before import = 0
Number of asset objects unloaded after import = 1
========================================================================
Received Import Request.
  Time since last request: 0.000100 seconds.
  path: Assets/Advance Studios/Medieval Castle/Art/Model/Wall.fbx
  artifactKey: Guid(38b797ba6cc77df40a51cd3200365644) Importer(2089858483,0ecaa5967403d082aa24f35e1b516d23)
Start importing Assets/Advance Studios/Medieval Castle/Art/Model/Wall.fbx using Guid(38b797ba6cc77df40a51cd3200365644) Importer(2089858483,0ecaa5967403d082aa24f35e1b516d23) [PhysX] Initialized MultithreadedTaskDispatcher with 8 workers.
 -> (artifact id: '97ec3fd5380fa3ad94effd327c9a84a4') in 0.006837 seconds
Number of updated asset objects reloaded before import = 0
Number of asset objects unloaded after import = 16
========================================================================
Received Import Request.
  Time since last request: 0.000099 seconds.
  path: Assets/cemetery halloween set/mobile_models/Materials/Tree_BG.mat
  artifactKey: Guid(aa89ce2c85c53934ea09b357bf7de74d) Importer(2089858483,0ecaa5967403d082aa24f35e1b516d23)
Start importing Assets/cemetery halloween set/mobile_models/Materials/Tree_BG.mat using Guid(aa89ce2c85c53934ea09b357bf7de74d) Importer(2089858483,0ecaa5967403d082aa24f35e1b516d23) [PhysX] Initialized MultithreadedTaskDispatcher with 8 workers.
 -> (artifact id: '298943a4b2b59aa360e93a653c634da1') in 0.003275 seconds
Number of updated asset objects reloaded before import = 0
Number of asset objects unloaded after import = 2
========================================================================
Received Import Request.
  Time since last request: 0.000219 seconds.
  path: Assets/Advance Studios/Medieval Castle/Art/Model/Castle.fbx
  artifactKey: Guid(d8d157ebfb23cdf4ba94e99d8458f7d2) Importer(2089858483,0ecaa5967403d082aa24f35e1b516d23)
Start importing Assets/Advance Studios/Medieval Castle/Art/Model/Castle.fbx using Guid(d8d157ebfb23cdf4ba94e99d8458f7d2) Importer(2089858483,0ecaa5967403d082aa24f35e1b516d23) [PhysX] Initialized MultithreadedTaskDispatcher with 8 workers.
 -> (artifact id: '735890e6bb7ba901db1b4d3dbfce0b8b') in 0.005482 seconds
Number of updated asset objects reloaded before import = 0
Number of asset objects unloaded after import = 14
========================================================================
Received Import Request.
  Time since last request: 0.000238 seconds.
  path: Assets/Advance Studios/Medieval Castle/Prefabs/House B.prefab
  artifactKey: Guid(8c2cabd72c2871e4fa25d9761a86fef5) Importer(2089858483,0ecaa5967403d082aa24f35e1b516d23)
Start importing Assets/Advance Studios/Medieval Castle/Prefabs/House B.prefab using Guid(8c2cabd72c2871e4fa25d9761a86fef5) Importer(2089858483,0ecaa5967403d082aa24f35e1b516d23) [PhysX] Initialized MultithreadedTaskDispatcher with 8 workers.
 -> (artifact id: '2547e830cd10cb03d55f1b6c11d09417') in 0.004057 seconds
Number of updated asset objects reloaded before import = 0
Number of asset objects unloaded after import = 41
========================================================================
Received Import Request.
  Time since last request: 0.000131 seconds.
  path: Assets/NaaszArts/FantasyHouseBundle/Materials/LightRoofTiles.mat
  artifactKey: Guid(02c367a8ad4ce49b2b9b61da891484f5) Importer(2089858483,0ecaa5967403d082aa24f35e1b516d23)
Start importing Assets/NaaszArts/FantasyHouseBundle/Materials/LightRoofTiles.mat using Guid(02c367a8ad4ce49b2b9b61da891484f5) Importer(2089858483,0ecaa5967403d082aa24f35e1b516d23) [PhysX] Initialized MultithreadedTaskDispatcher with 8 workers.
 -> (artifact id: '7f517c051edcdf95768bc51d31a0ba71') in 0.002101 seconds
Number of updated asset objects reloaded before import = 0
Number of asset objects unloaded after import = 1
========================================================================
Received Import Request.
  Time since last request: 0.000390 seconds.
  path: Assets/cemetery halloween set/models/rock_09.fbx
  artifactKey: Guid(fefbfe09f1bcf814cb5f844c981e7369) Importer(2089858483,0ecaa5967403d082aa24f35e1b516d23)
Start importing Assets/cemetery halloween set/models/rock_09.fbx using Guid(fefbfe09f1bcf814cb5f844c981e7369) Importer(2089858483,0ecaa5967403d082aa24f35e1b516d23) [PhysX] Initialized MultithreadedTaskDispatcher with 8 workers.
 -> (artifact id: 'c157c459c7181774ee9cf185135bc9b3') in 0.005045 seconds
Number of updated asset objects reloaded before import = 0
Number of asset objects unloaded after import = 8
========================================================================
Received Import Request.
  Time since last request: 0.000108 seconds.
  path: Assets/Advance Studios/Medieval Castle/Art/Model/Materials/CastleTowerTexture.mat
  artifactKey: Guid(50396243bd3aa4e40bff949c37ac7034) Importer(2089858483,0ecaa5967403d082aa24f35e1b516d23)
Start importing Assets/Advance Studios/Medieval Castle/Art/Model/Materials/CastleTowerTexture.mat using Guid(50396243bd3aa4e40bff949c37ac7034) Importer(2089858483,0ecaa5967403d082aa24f35e1b516d23) [PhysX] Initialized MultithreadedTaskDispatcher with 8 workers.
 -> (artifact id: '9c33f469e506cb146a116a4731d17aeb') in 0.003369 seconds
Number of updated asset objects reloaded before import = 0
Number of asset objects unloaded after import = 2
========================================================================
Received Import Request.
  Time since last request: 0.000247 seconds.
  path: Assets/cemetery halloween set/models/pumpkin_09.FBX
  artifactKey: Guid(8bf3aed581518da48ab2ad57b02904ad) Importer(2089858483,0ecaa5967403d082aa24f35e1b516d23)
Start importing Assets/cemetery halloween set/models/pumpkin_09.FBX using Guid(8bf3aed581518da48ab2ad57b02904ad) Importer(2089858483,0ecaa5967403d082aa24f35e1b516d23) [PhysX] Initialized MultithreadedTaskDispatcher with 8 workers.
 -> (artifact id: '115483fcee34f50615bf2c48536e7045') in 0.005342 seconds
Number of updated asset objects reloaded before import = 0
Number of asset objects unloaded after import = 8
========================================================================
Received Import Request.
  Time since last request: 0.000092 seconds.
  path: Assets/Advance Studios/Medieval Castle/Prefabs/Bridge.prefab
  artifactKey: Guid(aef0c05ee60182c40b56f85304a84027) Importer(2089858483,0ecaa5967403d082aa24f35e1b516d23)
Start importing Assets/Advance Studios/Medieval Castle/Prefabs/Bridge.prefab using Guid(aef0c05ee60182c40b56f85304a84027) Importer(2089858483,0ecaa5967403d082aa24f35e1b516d23) [PhysX] Initialized MultithreadedTaskDispatcher with 8 workers.
 -> (artifact id: 'e3883aa00294a5550613b5bce2d4e8b0') in 0.001996 seconds
Number of updated asset objects reloaded before import = 0
Number of asset objects unloaded after import = 22
========================================================================
Received Import Request.
  Time since last request: 0.000209 seconds.
  path: Assets/cemetery halloween set/Demo/Materials/cemetery_halloween_atlas.mat
  artifactKey: Guid(b7216991a8c6f3e4296da80304cda7dc) Importer(2089858483,0ecaa5967403d082aa24f35e1b516d23)
Start importing Assets/cemetery halloween set/Demo/Materials/cemetery_halloween_atlas.mat using Guid(b7216991a8c6f3e4296da80304cda7dc) Importer(2089858483,0ecaa5967403d082aa24f35e1b516d23) [PhysX] Initialized MultithreadedTaskDispatcher with 8 workers.
 -> (artifact id: '8b302ccebcece636bf362fb03dcf027a') in 0.010313 seconds
Number of updated asset objects reloaded before import = 0
Number of asset objects unloaded after import = 2
========================================================================
Received Import Request.
  Time since last request: 0.000037 seconds.
  path: Assets/Standard Assets/Characters/ThirdPersonCharacter/Scripts/ThirdPersonCharacter.cs
  artifactKey: Guid(ce7a80d520cacc042b5fe14f373d8173) Importer(2089858483,0ecaa5967403d082aa24f35e1b516d23)
Start importing Assets/Standard Assets/Characters/ThirdPersonCharacter/Scripts/ThirdPersonCharacter.cs using Guid(ce7a80d520cacc042b5fe14f373d8173) Importer(2089858483,0ecaa5967403d082aa24f35e1b516d23) [PhysX] Initialized MultithreadedTaskDispatcher with 8 workers.
 -> (artifact id: '21cfd9fdc4fd432c49ab5946c766a821') in 0.002860 seconds
Number of updated asset objects reloaded before import = 0
Number of asset objects unloaded after import = 1
========================================================================
Received Import Request.
  Time since last request: 0.000105 seconds.
  path: Assets/cemetery halloween set/Demo/Materials/cemetery_halloween_atlas_alpha.mat
  artifactKey: Guid(d74c09e9cc3913d4e8a45c129febb72b) Importer(2089858483,0ecaa5967403d082aa24f35e1b516d23)
Start importing Assets/cemetery halloween set/Demo/Materials/cemetery_halloween_atlas_alpha.mat using Guid(d74c09e9cc3913d4e8a45c129febb72b) Importer(2089858483,0ecaa5967403d082aa24f35e1b516d23) [PhysX] Initialized MultithreadedTaskDispatcher with 8 workers.
 -> (artifact id: '68ae3814209676734492155b143921bd') in 0.010567 seconds
Number of updated asset objects reloaded before import = 0
Number of asset objects unloaded after import = 2
========================================================================
Received Import Request.
  Time since last request: 0.000058 seconds.
  path: Assets/Materials/Textures/Wall/WallAmbientOcclusion.png
  artifactKey: Guid(7a7f998cb69334b2b8d6904b34cbac00) Importer(2089858483,0ecaa5967403d082aa24f35e1b516d23)
Start importing Assets/Materials/Textures/Wall/WallAmbientOcclusion.png using Guid(7a7f998cb69334b2b8d6904b34cbac00) Importer(2089858483,0ecaa5967403d082aa24f35e1b516d23) [PhysX] Initialized MultithreadedTaskDispatcher with 8 workers.
 -> (artifact id: '43d6679bec4697a98651237de736597f') in 0.006291 seconds
Number of updated asset objects reloaded before import = 0
Number of asset objects unloaded after import = 1
========================================================================
Received Import Request.
  Time since last request: 0.000172 seconds.
  path: Assets/cemetery halloween set/Demo/sample_scene/SkyboxProbe-0.exr
  artifactKey: Guid(703f68258d59e724e868603b01179c39) Importer(2089858483,0ecaa5967403d082aa24f35e1b516d23)
Start importing Assets/cemetery halloween set/Demo/sample_scene/SkyboxProbe-0.exr using Guid(703f68258d59e724e868603b01179c39) Importer(2089858483,0ecaa5967403d082aa24f35e1b516d23) [PhysX] Initialized MultithreadedTaskDispatcher with 8 workers.
 -> (artifact id: '5760bc0b046d8ef7ceed3134575e3283') in 0.006015 seconds
Number of updated asset objects reloaded before import = 0
Number of asset objects unloaded after import = 1
========================================================================
Received Import Request.
  Time since last request: 0.000101 seconds.
  path: Assets/Advance Studios/Medieval Castle/Art/Model/Doors and Windows.fbx
  artifactKey: Guid(d05fa8828be199048bb709f826cc3c53) Importer(2089858483,0ecaa5967403d082aa24f35e1b516d23)
Start importing Assets/Advance Studios/Medieval Castle/Art/Model/Doors and Windows.fbx using Guid(d05fa8828be199048bb709f826cc3c53) Importer(2089858483,0ecaa5967403d082aa24f35e1b516d23) [PhysX] Initialized MultithreadedTaskDispatcher with 8 workers.
 -> (artifact id: '5ec660d12e8279ce0c0442f133344290') in 0.011640 seconds
Number of updated asset objects reloaded before import = 0
Number of asset objects unloaded after import = 41
========================================================================
Received Import Request.
  Time since last request: 0.000155 seconds.
  path: Assets/Advance Studios/Medieval Castle/Art/Model/Materials/DoorsWindowsTexture.mat
  artifactKey: Guid(236df0a5ee228a642849d2fb6276bb84) Importer(2089858483,0ecaa5967403d082aa24f35e1b516d23)
Start importing Assets/Advance Studios/Medieval Castle/Art/Model/Materials/DoorsWindowsTexture.mat using Guid(236df0a5ee228a642849d2fb6276bb84) Importer(2089858483,0ecaa5967403d082aa24f35e1b516d23) [PhysX] Initialized MultithreadedTaskDispatcher with 8 workers.
 -> (artifact id: '80e57ee86343d117ed76bb4c3b120d1d') in 0.002955 seconds
Number of updated asset objects reloaded before import = 0
Number of asset objects unloaded after import = 2
========================================================================
Received Import Request.
  Time since last request: 0.000121 seconds.
  path: Assets/Materials/Textures/3crates/crate2/crate2_normal.png
  artifactKey: Guid(4929c7381df8745fb8da6c4343dc7e1b) Importer(2089858483,0ecaa5967403d082aa24f35e1b516d23)
Start importing Assets/Materials/Textures/3crates/crate2/crate2_normal.png using Guid(4929c7381df8745fb8da6c4343dc7e1b) Importer(2089858483,0ecaa5967403d082aa24f35e1b516d23) [PhysX] Initialized MultithreadedTaskDispatcher with 8 workers.
 -> (artifact id: '2c0ba72e9ef90f73f9dbb1ec6c9f17f2') in 0.005246 seconds
Number of updated asset objects reloaded before import = 0
Number of asset objects unloaded after import = 1
========================================================================
Received Import Request.
  Time since last request: 0.000261 seconds.
  path: Assets/NaaszArts/FantasyHouseBundle/Prefabs/FantasyHosue.prefab
  artifactKey: Guid(6f197379f048542eaa14769591d67d0f) Importer(2089858483,0ecaa5967403d082aa24f35e1b516d23)
Start importing Assets/NaaszArts/FantasyHouseBundle/Prefabs/FantasyHosue.prefab using Guid(6f197379f048542eaa14769591d67d0f) Importer(2089858483,0ecaa5967403d082aa24f35e1b516d23) [PhysX] Initialized MultithreadedTaskDispatcher with 8 workers.
 -> (artifact id: '81ba7ebbf8d8910e64b00e355329f932') in 0.003196 seconds
Number of updated asset objects reloaded before import = 0
Number of asset objects unloaded after import = 155
========================================================================
Received Import Request.
  Time since last request: 0.000108 seconds.
  path: Assets/cemetery halloween set/mobile_models/Materials/cemetery_halloween_atlas.mat
  artifactKey: Guid(9d0a81bb8fa023b4a99eefc2d7f23131) Importer(2089858483,0ecaa5967403d082aa24f35e1b516d23)
Start importing Assets/cemetery halloween set/mobile_models/Materials/cemetery_halloween_atlas.mat using Guid(9d0a81bb8fa023b4a99eefc2d7f23131) Importer(2089858483,0ecaa5967403d082aa24f35e1b516d23) [PhysX] Initialized MultithreadedTaskDispatcher with 8 workers.
 -> (artifact id: '503cad6684a31cd9dcf0c61189b93c88') in 0.011180 seconds
Number of updated asset objects reloaded before import = 0
Number of asset objects unloaded after import = 2
========================================================================
Received Import Request.
  Time since last request: 0.000060 seconds.
  path: Assets/cemetery halloween set/textures/cemetery_halloween_atlas.tga
  artifactKey: Guid(533f20d1d25eb984888f7a6157753055) Importer(2089858483,0ecaa5967403d082aa24f35e1b516d23)
Start importing Assets/cemetery halloween set/textures/cemetery_halloween_atlas.tga using Guid(533f20d1d25eb984888f7a6157753055) Importer(2089858483,0ecaa5967403d082aa24f35e1b516d23) [PhysX] Initialized MultithreadedTaskDispatcher with 8 workers.
 -> (artifact id: '66c617f4aa57c9337f8dfb6f43bf4bc0') in 0.025312 seconds
Number of updated asset objects reloaded before import = 0
Number of asset objects unloaded after import = 1
========================================================================
Received Import Request.
  Time since last request: 0.000218 seconds.
  path: Assets/Advance Studios/Medieval Castle/Art/Model/Tower B.fbx
  artifactKey: Guid(64f4be06a92a5dd4a99c31e59ac47d42) Importer(2089858483,0ecaa5967403d082aa24f35e1b516d23)
Start importing Assets/Advance Studios/Medieval Castle/Art/Model/Tower B.fbx using Guid(64f4be06a92a5dd4a99c31e59ac47d42) Importer(2089858483,0ecaa5967403d082aa24f35e1b516d23) [PhysX] Initialized MultithreadedTaskDispatcher with 8 workers.
 -> (artifact id: '134d29e975b2251fcdbb2cba12003135') in 0.009798 seconds
Number of updated asset objects reloaded before import = 0
Number of asset objects unloaded after import = 9
========================================================================
Received Import Request.
  Time since last request: 0.000061 seconds.
  path: Assets/cemetery halloween set/models/skull_06.fbx
  artifactKey: Guid(4ebdf9858647ed64a8d486dbb3159a72) Importer(2089858483,0ecaa5967403d082aa24f35e1b516d23)
Start importing Assets/cemetery halloween set/models/skull_06.fbx using Guid(4ebdf9858647ed64a8d486dbb3159a72) Importer(2089858483,0ecaa5967403d082aa24f35e1b516d23) [PhysX] Initialized MultithreadedTaskDispatcher with 8 workers.
 -> (artifact id: '5421abe5b1cf7122d330383e84a1cff6') in 0.005284 seconds
Number of updated asset objects reloaded before import = 0
Number of asset objects unloaded after import = 8
========================================================================
Received Import Request.
  Time since last request: 0.000139 seconds.
  path: Assets/cemetery halloween set/models/spiderweb_03.fbx
  artifactKey: Guid(0eb0ec8c1682b6f4e8f4ecc4dd48f2c6) Importer(2089858483,0ecaa5967403d082aa24f35e1b516d23)
Start importing Assets/cemetery halloween set/models/spiderweb_03.fbx using Guid(0eb0ec8c1682b6f4e8f4ecc4dd48f2c6) Importer(2089858483,0ecaa5967403d082aa24f35e1b516d23) [PhysX] Initialized MultithreadedTaskDispatcher with 8 workers.
 -> (artifact id: '925e64d582d8fee96cdd0c2106a8a19d') in 0.005266 seconds
Number of updated asset objects reloaded before import = 0
Number of asset objects unloaded after import = 8
========================================================================
Received Import Request.
  Time since last request: 0.000198 seconds.
  path: Assets/cemetery halloween set/models/zombie_hand_09.fbx
  artifactKey: Guid(7bdd49ca4db3e7a499eb765953904512) Importer(2089858483,0ecaa5967403d082aa24f35e1b516d23)
Start importing Assets/cemetery halloween set/models/zombie_hand_09.fbx using Guid(7bdd49ca4db3e7a499eb765953904512) Importer(2089858483,0ecaa5967403d082aa24f35e1b516d23) [PhysX] Initialized MultithreadedTaskDispatcher with 8 workers.
 -> (artifact id: '188cf4ef7a4657b0dcb9e27a299bc9e9') in 0.005330 seconds
Number of updated asset objects reloaded before import = 0
Number of asset objects unloaded after import = 8
========================================================================
Received Import Request.
  Time since last request: 0.000183 seconds.
  path: Assets/Advance Studios/Medieval Castle/Prefabs/Tower B.prefab
  artifactKey: Guid(9ef95eb74fbef4145bc387e83b897495) Importer(2089858483,0ecaa5967403d082aa24f35e1b516d23)
Start importing Assets/Advance Studios/Medieval Castle/Prefabs/Tower B.prefab using Guid(9ef95eb74fbef4145bc387e83b897495) Importer(2089858483,0ecaa5967403d082aa24f35e1b516d23) [PhysX] Initialized MultithreadedTaskDispatcher with 8 workers.
 -> (artifact id: 'a0ea79dee6d1f9d56968aadba7532fcf') in 0.003339 seconds
Number of updated asset objects reloaded before import = 0
Number of asset objects unloaded after import = 8
========================================================================
Received Import Request.
  Time since last request: 0.000100 seconds.
  path: Assets/Advance Studios/Medieval Castle/Art/Model/Materials/CastleTowerBTexture.mat
  artifactKey: Guid(d109c562280f9fd4781d5063646e527c) Importer(2089858483,0ecaa5967403d082aa24f35e1b516d23)
Start importing Assets/Advance Studios/Medieval Castle/Art/Model/Materials/CastleTowerBTexture.mat using Guid(d109c562280f9fd4781d5063646e527c) Importer(2089858483,0ecaa5967403d082aa24f35e1b516d23) [PhysX] Initialized MultithreadedTaskDispatcher with 8 workers.
 -> (artifact id: 'd04068216fe296e93eec5baf109715f8') in 0.002905 seconds
Number of updated asset objects reloaded before import = 0
Number of asset objects unloaded after import = 2
========================================================================
Received Import Request.
  Time since last request: 0.000072 seconds.
  path: Assets/Materials/Textures/Wood/wood5.png
  artifactKey: Guid(a40efc326d3ad405595aab8dbf98081d) Importer(2089858483,0ecaa5967403d082aa24f35e1b516d23)
Start importing Assets/Materials/Textures/Wood/wood5.png using Guid(a40efc326d3ad405595aab8dbf98081d) Importer(2089858483,0ecaa5967403d082aa24f35e1b516d23) [PhysX] Initialized MultithreadedTaskDispatcher with 8 workers.
 -> (artifact id: '1a257e77f4a65c561861f6c380bc72f4') in 0.006728 seconds
Number of updated asset objects reloaded before import = 0
Number of asset objects unloaded after import = 1
========================================================================
Received Import Request.
  Time since last request: 0.000131 seconds.
  path: Assets/Sounds/RPG Sound Pack/misc/random1.wav
  artifactKey: Guid(1160598556fe64327b7e301a9b090a08) Importer(2089858483,0ecaa5967403d082aa24f35e1b516d23)
Start importing Assets/Sounds/RPG Sound Pack/misc/random1.wav using Guid(1160598556fe64327b7e301a9b090a08) Importer(2089858483,0ecaa5967403d082aa24f35e1b516d23) [PhysX] Initialized MultithreadedTaskDispatcher with 8 workers.
 -> (artifact id: 'ad6e3a3339bec4aae1dba57f3cb3d088') in 0.020559 seconds
Number of updated asset objects reloaded before import = 0
Number of asset objects unloaded after import = 1
========================================================================
Received Import Request.
  Time since last request: 0.000105 seconds.
  path: Assets/Advance Studios/Medieval Castle/Prefabs/Column.prefab
  artifactKey: Guid(0694c2be9a9eae9418f8587aa5efbb64) Importer(2089858483,0ecaa5967403d082aa24f35e1b516d23)
Start importing Assets/Advance Studios/Medieval Castle/Prefabs/Column.prefab using Guid(0694c2be9a9eae9418f8587aa5efbb64) Importer(2089858483,0ecaa5967403d082aa24f35e1b516d23) [PhysX] Initialized MultithreadedTaskDispatcher with 8 workers.
 -> (artifact id: 'a663387ed66c1b3e573f2917957eaa7d') in 0.003710 seconds
Number of updated asset objects reloaded before import = 0
Number of asset objects unloaded after import = 8
========================================================================
Received Import Request.
  Time since last request: 0.000165 seconds.
  path: Assets/Materials/Textures/FloorTile/FloorTileSpecular.png
  artifactKey: Guid(aa832a5c75c774bb0ad229efb7c281c8) Importer(2089858483,0ecaa5967403d082aa24f35e1b516d23)
Start importing Assets/Materials/Textures/FloorTile/FloorTileSpecular.png using Guid(aa832a5c75c774bb0ad229efb7c281c8) Importer(2089858483,0ecaa5967403d082aa24f35e1b516d23) [PhysX] Initialized MultithreadedTaskDispatcher with 8 workers.
 -> (artifact id: '8a4883574ad82051f962262839a3782c') in 0.004911 seconds
Number of updated asset objects reloaded before import = 0
Number of asset objects unloaded after import = 1
========================================================================
Received Import Request.
  Time since last request: 0.000169 seconds.
  path: Assets/IgniteCoders/Simple Water Shader/Resources/Water_mat_02.mat
  artifactKey: Guid(8759ec410a6774b4ea13ae32dc2b8d2e) Importer(2089858483,0ecaa5967403d082aa24f35e1b516d23)
Start importing Assets/IgniteCoders/Simple Water Shader/Resources/Water_mat_02.mat using Guid(8759ec410a6774b4ea13ae32dc2b8d2e) Importer(2089858483,0ecaa5967403d082aa24f35e1b516d23) [PhysX] Initialized MultithreadedTaskDispatcher with 8 workers.
 -> (artifact id: 'f0d7072d35739eae1a04218cabe2cd0a') in 0.001691 seconds
Number of updated asset objects reloaded before import = 0
Number of asset objects unloaded after import = 1
========================================================================
Received Import Request.
  Time since last request: 0.000295 seconds.
  path: Assets/Advance Studios/Medieval Castle/Art/Model/Materials/BridgeTexture.mat
  artifactKey: Guid(5fbbc43ab9bdb8e4d9af0684cfb40f9d) Importer(2089858483,0ecaa5967403d082aa24f35e1b516d23)
Start importing Assets/Advance Studios/Medieval Castle/Art/Model/Materials/BridgeTexture.mat using Guid(5fbbc43ab9bdb8e4d9af0684cfb40f9d) Importer(2089858483,0ecaa5967403d082aa24f35e1b516d23) [PhysX] Initialized MultithreadedTaskDispatcher with 8 workers.
 -> (artifact id: '196b3ae6702c42a4e897761f2b2856df') in 0.002408 seconds
Number of updated asset objects reloaded before import = 0
Number of asset objects unloaded after import = 2
========================================================================
Received Import Request.
  Time since last request: 0.000138 seconds.
  path: Assets/NaaszArts/FantasyHouseBundle/Meshes/FishingPier.fbx
  artifactKey: Guid(06aafe2a2f1524d3f9cafb53b04aa99a) Importer(2089858483,0ecaa5967403d082aa24f35e1b516d23)
Start importing Assets/NaaszArts/FantasyHouseBundle/Meshes/FishingPier.fbx using Guid(06aafe2a2f1524d3f9cafb53b04aa99a) Importer(2089858483,0ecaa5967403d082aa24f35e1b516d23) [PhysX] Initialized MultithreadedTaskDispatcher with 8 workers.
 -> (artifact id: '0cd0654cee9dc248d1c1a1b97fe11b7d') in 0.005036 seconds
Number of updated asset objects reloaded before import = 0
Number of asset objects unloaded after import = 7
========================================================================
Received Import Request.
  Time since last request: 0.000037 seconds.
  path: Assets/Advance Studios/Medieval Castle/Prefabs/House A.prefab
  artifactKey: Guid(57ef16ee7712da6409e8836bf6001e3c) Importer(2089858483,0ecaa5967403d082aa24f35e1b516d23)
Start importing Assets/Advance Studios/Medieval Castle/Prefabs/House A.prefab using Guid(57ef16ee7712da6409e8836bf6001e3c) Importer(2089858483,0ecaa5967403d082aa24f35e1b516d23) [PhysX] Initialized MultithreadedTaskDispatcher with 8 workers.
 -> (artifact id: '0a25a97eda96b533169420fea25abebd') in 0.003746 seconds
Number of updated asset objects reloaded before import = 0
Number of asset objects unloaded after import = 31
========================================================================
Received Import Request.
  Time since last request: 0.000102 seconds.
  path: Assets/cemetery halloween set/models/rock_04.fbx
  artifactKey: Guid(767cb26abc3ce284897d1ec8a99023fe) Importer(2089858483,0ecaa5967403d082aa24f35e1b516d23)
Start importing Assets/cemetery halloween set/models/rock_04.fbx using Guid(767cb26abc3ce284897d1ec8a99023fe) Importer(2089858483,0ecaa5967403d082aa24f35e1b516d23) [PhysX] Initialized MultithreadedTaskDispatcher with 8 workers.
 -> (artifact id: 'f3f5535143eaf68546c5a2911b2e4ab5') in 0.005014 seconds
Number of updated asset objects reloaded before import = 0
Number of asset objects unloaded after import = 8
========================================================================
Received Import Request.
  Time since last request: 0.000044 seconds.
  path: Assets/Advance Studios/Medieval Castle/Prefabs/Simple Door Frame.prefab
  artifactKey: Guid(6336862f86e872944895b7c5569e9988) Importer(2089858483,0ecaa5967403d082aa24f35e1b516d23)
Start importing Assets/Advance Studios/Medieval Castle/Prefabs/Simple Door Frame.prefab using Guid(6336862f86e872944895b7c5569e9988) Importer(2089858483,0ecaa5967403d082aa24f35e1b516d23) [PhysX] Initialized MultithreadedTaskDispatcher with 8 workers.
 -> (artifact id: '4b463424af1762af73ace56f46fdd2c1') in 0.003265 seconds
Number of updated asset objects reloaded before import = 0
Number of asset objects unloaded after import = 14
========================================================================
Received Import Request.
  Time since last request: 0.000186 seconds.
  path: Assets/Advance Studios/Medieval Castle/Art/Textures/CasaBTextura.png
  artifactKey: Guid(515e2eaa313418141b26f52044132684) Importer(2089858483,0ecaa5967403d082aa24f35e1b516d23)
Start importing Assets/Advance Studios/Medieval Castle/Art/Textures/CasaBTextura.png using Guid(515e2eaa313418141b26f52044132684) Importer(2089858483,0ecaa5967403d082aa24f35e1b516d23) [PhysX] Initialized MultithreadedTaskDispatcher with 8 workers.
 -> (artifact id: 'f7b055d306d40746eddafc9d3c65b676') in 0.004816 seconds
Number of updated asset objects reloaded before import = 0
Number of asset objects unloaded after import = 1
========================================================================
Received Import Request.
  Time since last request: 0.000250 seconds.
  path: Assets/Sounds/RPG Sound Pack/inventory/armor-light.wav
  artifactKey: Guid(1d555194bd247426dac23e787271da17) Importer(2089858483,0ecaa5967403d082aa24f35e1b516d23)
Start importing Assets/Sounds/RPG Sound Pack/inventory/armor-light.wav using Guid(1d555194bd247426dac23e787271da17) Importer(2089858483,0ecaa5967403d082aa24f35e1b516d23) [PhysX] Initialized MultithreadedTaskDispatcher with 8 workers.
 -> (artifact id: '6dd39fd0ca3cf7a0354ec9c7414818bc') in 0.018930 seconds
Number of updated asset objects reloaded before import = 0
Number of asset objects unloaded after import = 1
========================================================================
Received Import Request.
  Time since last request: 132.983948 seconds.
  path: Assets/Scenes/final project.unity
  artifactKey: Guid(618e58d53e97f4fbe87e395fb699f43a) Importer(2089858483,0ecaa5967403d082aa24f35e1b516d23)
Start importing Assets/Scenes/final project.unity using Guid(618e58d53e97f4fbe87e395fb699f43a) Importer(2089858483,0ecaa5967403d082aa24f35e1b516d23) [PhysX] Initialized MultithreadedTaskDispatcher with 8 workers.
 -> (artifact id: 'c4c1472fc87d3db3fce05f9fe1eba59f') in 0.005267 seconds
Number of updated asset objects reloaded before import = 0
Number of asset objects unloaded after import = 1
========================================================================
Received Prepare
Caller must complete domain reload
Begin MonoManager ReloadAssembly
Thread 0x16af67000 may have been prematurely finalized
- Loaded All Assemblies, in  0.210 seconds
Native extension for OSXStandalone target not found
Native extension for WebGL target not found
[Package Manager] Server::EnsureServerProcessIsRunning -- launch failed, reason: Unity was launched with the -noUpm command-line argument
[Package Manager] UpmClient::Send -- Unable to send message (not connected to UPM process).
[Package Manager] Cannot connect to Unity Package Manager local server
Mono: successfully reloaded assembly
- Finished resetting the current domain, in  0.428 seconds
Domain Reload Profiling: 638ms
	BeginReloadAssembly (81ms)
		ExecutionOrderSort (0ms)
		DisableScriptedObjects (3ms)
		BackupInstance (0ms)
		ReleaseScriptingObjects (0ms)
		CreateAndSetChildDomain (29ms)
	RebuildCommonClasses (24ms)
	RebuildNativeTypeToScriptingClass (8ms)
	initialDomainReloadingComplete (13ms)
	LoadAllAssembliesAndSetupDomain (84ms)
		LoadAssemblies (106ms)
		RebuildTransferFunctionScriptingTraits (0ms)
		AnalyzeDomain (7ms)
			TypeCache.Refresh (4ms)
				TypeCache.ScanAssembly (0ms)
			ScanForSourceGeneratedMonoScriptInfo (0ms)
			ResolveRequiredComponents (2ms)
	FinalizeReload (428ms)
		ReleaseScriptCaches (0ms)
		RebuildScriptCaches (0ms)
		SetupLoadedEditorAssemblies (198ms)
			LogAssemblyErrors (0ms)
			InitializePlatformSupportModulesInManaged (3ms)
			SetLoadedEditorAssemblies (2ms)
			RefreshPlugins (0ms)
			BeforeProcessingInitializeOnLoad (20ms)
			ProcessInitializeOnLoadAttributes (161ms)
			ProcessInitializeOnLoadMethodAttributes (12ms)
			AfterProcessingInitializeOnLoad (1ms)
			EditorAssembliesLoaded (0ms)
		ExecutionOrderSort2 (0ms)
		AwakeInstancesAfterBackupRestoration (2ms)
Refreshing native plugins compatible for Editor in 0.42 ms, found 2 plugins.
Preloading 0 native plugins for Editor in 0.00 ms.
Unloading 1426 Unused Serialized files (Serialized files now loaded: 0)
Unloading 11 unused Assets / (82.8 KB). Loaded Objects now: 2006.
Memory consumption went from 188.7 MB to 188.7 MB.
Total: 2.393292 ms (FindLiveObjects: 0.071625 ms CreateObjectMapping: 0.024375 ms MarkObjects: 2.210500 ms  DeleteObjects: 0.086208 ms)

Prepare: number of updated asset objects reloaded= 0
AssetImportParameters requested are different than current active one (requested -> active):
  custom:video-encoder-webm-vp8: eb34c28f22e8b96e1ab97ce403110664 -> 
  custom:video-decoder-webm-vp8: 9c59270c3fd7afecdb556c50c9e8de78 -> 
  custom:audio-decoder-ogg-vorbis: bf7c407c2cedff20999df2af8eb42d56 -> 
  custom:SearchIndexIgnoredProperties: e643bd26f0fe6173181afceb89e7c659 -> 
  custom:container-demuxer-ogg: 62fdf1f143b41e24485cea50d1cbac27 -> 
  custom:AudioImporter_EditorPlatform: 3918e3fc78b5a79bad01e8451be0beb8 -> 
  custom:CustomObjectIndexerAttribute: 9a22284fe3817be447336de3de66b15e -> 
  custom:container-demuxer-webm: 4f35f7cbe854078d1ac9338744f61a02 -> 
  custom:video-decoder-ogg-theora: a1e56fd34408186e4bbccfd4996cb3dc -> 
  custom:audio-encoder-webm-vorbis: bf7c407c2cedff20999df2af8eb42d56 -> 
  custom:framework-osx-AVFoundation: e770b220cccbd017edd2c1fefb359320 -> 
  custom:container-muxer-webm: aa71ff27fc2769a1b78a27578f13a17b -> 
========================================================================
Received Prepare
Caller must complete domain reload
Begin MonoManager ReloadAssembly
Thread 0x16af67000 may have been prematurely finalized
- Loaded All Assemblies, in  0.223 seconds
Native extension for OSXStandalone target not found
Native extension for WebGL target not found
[Package Manager] Server::EnsureServerProcessIsRunning -- launch failed, reason: Unity was launched with the -noUpm command-line argument
[Package Manager] UpmClient::Send -- Unable to send message (not connected to UPM process).
[Package Manager] Cannot connect to Unity Package Manager local server
Mono: successfully reloaded assembly
- Finished resetting the current domain, in  0.422 seconds
Domain Reload Profiling: 646ms
	BeginReloadAssembly (90ms)
		ExecutionOrderSort (0ms)
		DisableScriptedObjects (3ms)
		BackupInstance (0ms)
		ReleaseScriptingObjects (0ms)
		CreateAndSetChildDomain (37ms)
	RebuildCommonClasses (24ms)
	RebuildNativeTypeToScriptingClass (8ms)
	initialDomainReloadingComplete (12ms)
	LoadAllAssembliesAndSetupDomain (89ms)
		LoadAssemblies (111ms)
		RebuildTransferFunctionScriptingTraits (0ms)
		AnalyzeDomain (7ms)
			TypeCache.Refresh (4ms)
				TypeCache.ScanAssembly (0ms)
			ScanForSourceGeneratedMonoScriptInfo (0ms)
			ResolveRequiredComponents (2ms)
	FinalizeReload (422ms)
		ReleaseScriptCaches (0ms)
		RebuildScriptCaches (0ms)
		SetupLoadedEditorAssemblies (193ms)
			LogAssemblyErrors (0ms)
			InitializePlatformSupportModulesInManaged (3ms)
			SetLoadedEditorAssemblies (2ms)
			RefreshPlugins (0ms)
			BeforeProcessingInitializeOnLoad (20ms)
			ProcessInitializeOnLoadAttributes (156ms)
			ProcessInitializeOnLoadMethodAttributes (11ms)
			AfterProcessingInitializeOnLoad (1ms)
			EditorAssembliesLoaded (0ms)
		ExecutionOrderSort2 (0ms)
		AwakeInstancesAfterBackupRestoration (2ms)
Refreshing native plugins compatible for Editor in 0.47 ms, found 2 plugins.
Preloading 0 native plugins for Editor in 0.00 ms.
Unloading 1427 Unused Serialized files (Serialized files now loaded: 0)
Unloading 9 unused Assets / (26.1 KB). Loaded Objects now: 2009.
Memory consumption went from 193.0 MB to 193.0 MB.
Total: 2.285583 ms (FindLiveObjects: 0.081042 ms CreateObjectMapping: 0.025541 ms MarkObjects: 2.139917 ms  DeleteObjects: 0.038625 ms)

Prepare: number of updated asset objects reloaded= 0
AssetImportParameters requested are different than current active one (requested -> active):
  custom:video-encoder-webm-vp8: eb34c28f22e8b96e1ab97ce403110664 -> 
  custom:video-decoder-webm-vp8: 9c59270c3fd7afecdb556c50c9e8de78 -> 
  custom:audio-decoder-ogg-vorbis: bf7c407c2cedff20999df2af8eb42d56 -> 
  custom:SearchIndexIgnoredProperties: e643bd26f0fe6173181afceb89e7c659 -> 
  custom:container-demuxer-ogg: 62fdf1f143b41e24485cea50d1cbac27 -> 
  custom:AudioImporter_EditorPlatform: 3918e3fc78b5a79bad01e8451be0beb8 -> 
  custom:CustomObjectIndexerAttribute: 9a22284fe3817be447336de3de66b15e -> 
  custom:container-demuxer-webm: 4f35f7cbe854078d1ac9338744f61a02 -> 
  custom:video-decoder-ogg-theora: a1e56fd34408186e4bbccfd4996cb3dc -> 
  custom:audio-encoder-webm-vorbis: bf7c407c2cedff20999df2af8eb42d56 -> 
  custom:framework-osx-AVFoundation: e770b220cccbd017edd2c1fefb359320 -> 
  custom:container-muxer-webm: aa71ff27fc2769a1b78a27578f13a17b -> 
========================================================================
Received Prepare
Caller must complete domain reload
Begin MonoManager ReloadAssembly
Thread 0x16af67000 may have been prematurely finalized
- Loaded All Assemblies, in  0.212 seconds
Native extension for OSXStandalone target not found
Native extension for WebGL target not found
[Package Manager] Server::EnsureServerProcessIsRunning -- launch failed, reason: Unity was launched with the -noUpm command-line argument
[Package Manager] UpmClient::Send -- Unable to send message (not connected to UPM process).
[Package Manager] Cannot connect to Unity Package Manager local server
Mono: successfully reloaded assembly
- Finished resetting the current domain, in  0.470 seconds
Domain Reload Profiling: 682ms
	BeginReloadAssembly (81ms)
		ExecutionOrderSort (0ms)
		DisableScriptedObjects (3ms)
		BackupInstance (0ms)
		ReleaseScriptingObjects (0ms)
		CreateAndSetChildDomain (28ms)
	RebuildCommonClasses (25ms)
	RebuildNativeTypeToScriptingClass (8ms)
	initialDomainReloadingComplete (12ms)
	LoadAllAssembliesAndSetupDomain (86ms)
		LoadAssemblies (109ms)
		RebuildTransferFunctionScriptingTraits (0ms)
		AnalyzeDomain (7ms)
			TypeCache.Refresh (4ms)
				TypeCache.ScanAssembly (0ms)
			ScanForSourceGeneratedMonoScriptInfo (0ms)
			ResolveRequiredComponents (2ms)
	FinalizeReload (470ms)
		ReleaseScriptCaches (0ms)
		RebuildScriptCaches (0ms)
		SetupLoadedEditorAssemblies (196ms)
			LogAssemblyErrors (0ms)
			InitializePlatformSupportModulesInManaged (3ms)
			SetLoadedEditorAssemblies (2ms)
			RefreshPlugins (0ms)
			BeforeProcessingInitializeOnLoad (21ms)
			ProcessInitializeOnLoadAttributes (159ms)
			ProcessInitializeOnLoadMethodAttributes (10ms)
			AfterProcessingInitializeOnLoad (0ms)
			EditorAssembliesLoaded (0ms)
		ExecutionOrderSort2 (0ms)
		AwakeInstancesAfterBackupRestoration (2ms)
Refreshing native plugins compatible for Editor in 0.41 ms, found 2 plugins.
Preloading 0 native plugins for Editor in 0.00 ms.
Unloading 1427 Unused Serialized files (Serialized files now loaded: 0)
Unloading 9 unused Assets / (26.0 KB). Loaded Objects now: 2012.
Memory consumption went from 197.1 MB to 197.0 MB.
Total: 2.037541 ms (FindLiveObjects: 0.076042 ms CreateObjectMapping: 0.022708 ms MarkObjects: 1.908000 ms  DeleteObjects: 0.030416 ms)

Prepare: number of updated asset objects reloaded= 0
AssetImportParameters requested are different than current active one (requested -> active):
  custom:video-encoder-webm-vp8: eb34c28f22e8b96e1ab97ce403110664 -> 
  custom:video-decoder-webm-vp8: 9c59270c3fd7afecdb556c50c9e8de78 -> 
  custom:audio-decoder-ogg-vorbis: bf7c407c2cedff20999df2af8eb42d56 -> 
  custom:SearchIndexIgnoredProperties: e643bd26f0fe6173181afceb89e7c659 -> 
  custom:container-demuxer-ogg: 62fdf1f143b41e24485cea50d1cbac27 -> 
  custom:AudioImporter_EditorPlatform: 3918e3fc78b5a79bad01e8451be0beb8 -> 
  custom:CustomObjectIndexerAttribute: 9a22284fe3817be447336de3de66b15e -> 
  custom:container-demuxer-webm: 4f35f7cbe854078d1ac9338744f61a02 -> 
  custom:video-decoder-ogg-theora: a1e56fd34408186e4bbccfd4996cb3dc -> 
  custom:audio-encoder-webm-vorbis: bf7c407c2cedff20999df2af8eb42d56 -> 
  custom:framework-osx-AVFoundation: e770b220cccbd017edd2c1fefb359320 -> 
  custom:container-muxer-webm: aa71ff27fc2769a1b78a27578f13a17b -> 
========================================================================
Received Prepare
Caller must complete domain reload
Begin MonoManager ReloadAssembly
Thread 0x16af67000 may have been prematurely finalized
- Loaded All Assemblies, in  0.165 seconds
Native extension for OSXStandalone target not found
Native extension for WebGL target not found
[Package Manager] Server::EnsureServerProcessIsRunning -- launch failed, reason: Unity was launched with the -noUpm command-line argument
[Package Manager] UpmClient::Send -- Unable to send message (not connected to UPM process).
[Package Manager] Cannot connect to Unity Package Manager local server
Mono: successfully reloaded assembly
- Finished resetting the current domain, in  0.397 seconds
Domain Reload Profiling: 563ms
	BeginReloadAssembly (71ms)
		ExecutionOrderSort (0ms)
		DisableScriptedObjects (2ms)
		BackupInstance (0ms)
		ReleaseScriptingObjects (0ms)
		CreateAndSetChildDomain (22ms)
	RebuildCommonClasses (22ms)
	RebuildNativeTypeToScriptingClass (8ms)
	initialDomainReloadingComplete (11ms)
	LoadAllAssembliesAndSetupDomain (54ms)
		LoadAssemblies (75ms)
		RebuildTransferFunctionScriptingTraits (0ms)
		AnalyzeDomain (7ms)
			TypeCache.Refresh (4ms)
				TypeCache.ScanAssembly (0ms)
			ScanForSourceGeneratedMonoScriptInfo (0ms)
			ResolveRequiredComponents (2ms)
	FinalizeReload (398ms)
		ReleaseScriptCaches (0ms)
		RebuildScriptCaches (0ms)
		SetupLoadedEditorAssemblies (187ms)
			LogAssemblyErrors (0ms)
			InitializePlatformSupportModulesInManaged (3ms)
			SetLoadedEditorAssemblies (2ms)
			RefreshPlugins (0ms)
			BeforeProcessingInitializeOnLoad (20ms)
			ProcessInitializeOnLoadAttributes (150ms)
			ProcessInitializeOnLoadMethodAttributes (12ms)
			AfterProcessingInitializeOnLoad (1ms)
			EditorAssembliesLoaded (0ms)
		ExecutionOrderSort2 (0ms)
		AwakeInstancesAfterBackupRestoration (3ms)
Refreshing native plugins compatible for Editor in 0.42 ms, found 2 plugins.
Preloading 0 native plugins for Editor in 0.00 ms.
Unloading 1427 Unused Serialized files (Serialized files now loaded: 0)
Unloading 9 unused Assets / (26.0 KB). Loaded Objects now: 2015.
Memory consumption went from 201.1 MB to 201.1 MB.
Total: 2.418292 ms (FindLiveObjects: 0.081333 ms CreateObjectMapping: 0.028875 ms MarkObjects: 2.284416 ms  DeleteObjects: 0.023250 ms)

Prepare: number of updated asset objects reloaded= 0
AssetImportParameters requested are different than current active one (requested -> active):
  custom:video-encoder-webm-vp8: eb34c28f22e8b96e1ab97ce403110664 -> 
  custom:video-decoder-webm-vp8: 9c59270c3fd7afecdb556c50c9e8de78 -> 
  custom:audio-decoder-ogg-vorbis: bf7c407c2cedff20999df2af8eb42d56 -> 
  custom:SearchIndexIgnoredProperties: e643bd26f0fe6173181afceb89e7c659 -> 
  custom:container-demuxer-ogg: 62fdf1f143b41e24485cea50d1cbac27 -> 
  custom:AudioImporter_EditorPlatform: 3918e3fc78b5a79bad01e8451be0beb8 -> 
  custom:CustomObjectIndexerAttribute: 9a22284fe3817be447336de3de66b15e -> 
  custom:container-demuxer-webm: 4f35f7cbe854078d1ac9338744f61a02 -> 
  custom:video-decoder-ogg-theora: a1e56fd34408186e4bbccfd4996cb3dc -> 
  custom:audio-encoder-webm-vorbis: bf7c407c2cedff20999df2af8eb42d56 -> 
  custom:framework-osx-AVFoundation: e770b220cccbd017edd2c1fefb359320 -> 
  custom:container-muxer-webm: aa71ff27fc2769a1b78a27578f13a17b -> 
========================================================================
Received Import Request.
  Time since last request: 467.712836 seconds.
  path: Assets/Solutions/Prefabs/First Person Character 1.prefab
  artifactKey: Guid(6cc9d604434a6d547a2b4f3a6ddb92c1) Importer(815301076,1909f56bfc062723c751e8b465ee728b)
Start importing Assets/Solutions/Prefabs/First Person Character 1.prefab using Guid(6cc9d604434a6d547a2b4f3a6ddb92c1) Importer(815301076,1909f56bfc062723c751e8b465ee728b) [PhysX] Initialized MultithreadedTaskDispatcher with 8 workers.
 -> (artifact id: '884055d76a463ae4d2142efa5caa71b0') in 0.004288 seconds
Number of updated asset objects reloaded before import = 0
Number of asset objects unloaded after import = 0
========================================================================
Received Prepare
Caller must complete domain reload
Begin MonoManager ReloadAssembly
Thread 0x16af67000 may have been prematurely finalized
- Loaded All Assemblies, in  0.213 seconds
Native extension for OSXStandalone target not found
Native extension for WebGL target not found
[Package Manager] Server::EnsureServerProcessIsRunning -- launch failed, reason: Unity was launched with the -noUpm command-line argument
[Package Manager] UpmClient::Send -- Unable to send message (not connected to UPM process).
[Package Manager] Cannot connect to Unity Package Manager local server
Mono: successfully reloaded assembly
- Finished resetting the current domain, in  0.461 seconds
Domain Reload Profiling: 674ms
	BeginReloadAssembly (83ms)
		ExecutionOrderSort (0ms)
		DisableScriptedObjects (3ms)
		BackupInstance (0ms)
		ReleaseScriptingObjects (0ms)
		CreateAndSetChildDomain (28ms)
	RebuildCommonClasses (24ms)
	RebuildNativeTypeToScriptingClass (8ms)
	initialDomainReloadingComplete (12ms)
	LoadAllAssembliesAndSetupDomain (86ms)
		LoadAssemblies (109ms)
		RebuildTransferFunctionScriptingTraits (0ms)
		AnalyzeDomain (7ms)
			TypeCache.Refresh (4ms)
				TypeCache.ScanAssembly (0ms)
			ScanForSourceGeneratedMonoScriptInfo (0ms)
			ResolveRequiredComponents (2ms)
	FinalizeReload (461ms)
		ReleaseScriptCaches (0ms)
		RebuildScriptCaches (0ms)
		SetupLoadedEditorAssemblies (223ms)
			LogAssemblyErrors (0ms)
			InitializePlatformSupportModulesInManaged (3ms)
			SetLoadedEditorAssemblies (2ms)
			RefreshPlugins (0ms)
			BeforeProcessingInitializeOnLoad (25ms)
			ProcessInitializeOnLoadAttributes (181ms)
			ProcessInitializeOnLoadMethodAttributes (11ms)
			AfterProcessingInitializeOnLoad (1ms)
			EditorAssembliesLoaded (0ms)
		ExecutionOrderSort2 (0ms)
		AwakeInstancesAfterBackupRestoration (2ms)
Refreshing native plugins compatible for Editor in 0.42 ms, found 2 plugins.
Preloading 0 native plugins for Editor in 0.00 ms.
Unloading 1426 Unused Serialized files (Serialized files now loaded: 0)
Unloading 9 unused Assets / (26.0 KB). Loaded Objects now: 2018.
Memory consumption went from 205.0 MB to 205.0 MB.
Total: 2.410667 ms (FindLiveObjects: 0.074250 ms CreateObjectMapping: 0.023291 ms MarkObjects: 2.282584 ms  DeleteObjects: 0.030125 ms)

Prepare: number of updated asset objects reloaded= 0
AssetImportParameters requested are different than current active one (requested -> active):
  custom:video-encoder-webm-vp8: eb34c28f22e8b96e1ab97ce403110664 -> 
  custom:video-decoder-webm-vp8: 9c59270c3fd7afecdb556c50c9e8de78 -> 
  custom:audio-decoder-ogg-vorbis: bf7c407c2cedff20999df2af8eb42d56 -> 
  custom:SearchIndexIgnoredProperties: e643bd26f0fe6173181afceb89e7c659 -> 
  custom:container-demuxer-ogg: 62fdf1f143b41e24485cea50d1cbac27 -> 
  custom:AudioImporter_EditorPlatform: 3918e3fc78b5a79bad01e8451be0beb8 -> 
  custom:CustomObjectIndexerAttribute: 9a22284fe3817be447336de3de66b15e -> 
  custom:container-demuxer-webm: 4f35f7cbe854078d1ac9338744f61a02 -> 
  custom:video-decoder-ogg-theora: a1e56fd34408186e4bbccfd4996cb3dc -> 
  custom:audio-encoder-webm-vorbis: bf7c407c2cedff20999df2af8eb42d56 -> 
  custom:framework-osx-AVFoundation: e770b220cccbd017edd2c1fefb359320 -> 
  custom:container-muxer-webm: aa71ff27fc2769a1b78a27578f13a17b -> 
========================================================================
Received Import Request.
  Time since last request: 53.779300 seconds.
  path: Assets/Solutions/Prefabs/First Person Character 1.prefab
  artifactKey: Guid(6cc9d604434a6d547a2b4f3a6ddb92c1) Importer(815301076,1909f56bfc062723c751e8b465ee728b)
Start importing Assets/Solutions/Prefabs/First Person Character 1.prefab using Guid(6cc9d604434a6d547a2b4f3a6ddb92c1) Importer(815301076,1909f56bfc062723c751e8b465ee728b) [PhysX] Initialized MultithreadedTaskDispatcher with 8 workers.
 -> (artifact id: '884055d76a463ae4d2142efa5caa71b0') in 0.001468 seconds
Number of updated asset objects reloaded before import = 0
Number of asset objects unloaded after import = 0
========================================================================
Received Prepare
Caller must complete domain reload
Begin MonoManager ReloadAssembly
Thread 0x16af67000 may have been prematurely finalized
- Loaded All Assemblies, in  0.215 seconds
Native extension for OSXStandalone target not found
Native extension for WebGL target not found
[Package Manager] Server::EnsureServerProcessIsRunning -- launch failed, reason: Unity was launched with the -noUpm command-line argument
[Package Manager] UpmClient::Send -- Unable to send message (not connected to UPM process).
[Package Manager] Cannot connect to Unity Package Manager local server
Mono: successfully reloaded assembly
- Finished resetting the current domain, in  0.425 seconds
Domain Reload Profiling: 641ms
	BeginReloadAssembly (88ms)
		ExecutionOrderSort (0ms)
		DisableScriptedObjects (3ms)
		BackupInstance (0ms)
		ReleaseScriptingObjects (0ms)
		CreateAndSetChildDomain (28ms)
	RebuildCommonClasses (30ms)
	RebuildNativeTypeToScriptingClass (8ms)
	initialDomainReloadingComplete (12ms)
	LoadAllAssembliesAndSetupDomain (78ms)
		LoadAssemblies (93ms)
		RebuildTransferFunctionScriptingTraits (0ms)
		AnalyzeDomain (14ms)
			TypeCache.Refresh (11ms)
				TypeCache.ScanAssembly (0ms)
			ScanForSourceGeneratedMonoScriptInfo (0ms)
			ResolveRequiredComponents (2ms)
	FinalizeReload (425ms)
		ReleaseScriptCaches (0ms)
		RebuildScriptCaches (0ms)
		SetupLoadedEditorAssemblies (208ms)
			LogAssemblyErrors (0ms)
			InitializePlatformSupportModulesInManaged (5ms)
			SetLoadedEditorAssemblies (4ms)
			RefreshPlugins (0ms)
			BeforeProcessingInitializeOnLoad (20ms)
			ProcessInitializeOnLoadAttributes (168ms)
			ProcessInitializeOnLoadMethodAttributes (11ms)
			AfterProcessingInitializeOnLoad (1ms)
			EditorAssembliesLoaded (0ms)
		ExecutionOrderSort2 (0ms)
		AwakeInstancesAfterBackupRestoration (2ms)
Refreshing native plugins compatible for Editor in 0.40 ms, found 2 plugins.
Preloading 0 native plugins for Editor in 0.00 ms.
Unloading 1426 Unused Serialized files (Serialized files now loaded: 0)
Unloading 9 unused Assets / (26.1 KB). Loaded Objects now: 2021.
Memory consumption went from 209.1 MB to 209.1 MB.
Total: 2.157167 ms (FindLiveObjects: 0.072458 ms CreateObjectMapping: 0.024000 ms MarkObjects: 2.034000 ms  DeleteObjects: 0.026291 ms)

Prepare: number of updated asset objects reloaded= 0
AssetImportParameters requested are different than current active one (requested -> active):
  custom:video-encoder-webm-vp8: eb34c28f22e8b96e1ab97ce403110664 -> 
  custom:video-decoder-webm-vp8: 9c59270c3fd7afecdb556c50c9e8de78 -> 
  custom:audio-decoder-ogg-vorbis: bf7c407c2cedff20999df2af8eb42d56 -> 
  custom:SearchIndexIgnoredProperties: e643bd26f0fe6173181afceb89e7c659 -> 
  custom:container-demuxer-ogg: 62fdf1f143b41e24485cea50d1cbac27 -> 
  custom:AudioImporter_EditorPlatform: 3918e3fc78b5a79bad01e8451be0beb8 -> 
  custom:CustomObjectIndexerAttribute: 9a22284fe3817be447336de3de66b15e -> 
  custom:container-demuxer-webm: 4f35f7cbe854078d1ac9338744f61a02 -> 
  custom:video-decoder-ogg-theora: a1e56fd34408186e4bbccfd4996cb3dc -> 
  custom:audio-encoder-webm-vorbis: bf7c407c2cedff20999df2af8eb42d56 -> 
  custom:framework-osx-AVFoundation: e770b220cccbd017edd2c1fefb359320 -> 
  custom:container-muxer-webm: aa71ff27fc2769a1b78a27578f13a17b -> 
========================================================================
Received Prepare
Caller must complete domain reload
Begin MonoManager ReloadAssembly
Thread 0x16af67000 may have been prematurely finalized
- Loaded All Assemblies, in  0.225 seconds
Native extension for OSXStandalone target not found
Native extension for WebGL target not found
[Package Manager] Server::EnsureServerProcessIsRunning -- launch failed, reason: Unity was launched with the -noUpm command-line argument
[Package Manager] UpmClient::Send -- Unable to send message (not connected to UPM process).
[Package Manager] Cannot connect to Unity Package Manager local server
Mono: successfully reloaded assembly
- Finished resetting the current domain, in  0.455 seconds
Domain Reload Profiling: 681ms
	BeginReloadAssembly (83ms)
		ExecutionOrderSort (0ms)
		DisableScriptedObjects (3ms)
		BackupInstance (0ms)
		ReleaseScriptingObjects (0ms)
		CreateAndSetChildDomain (28ms)
	RebuildCommonClasses (22ms)
	RebuildNativeTypeToScriptingClass (8ms)
	initialDomainReloadingComplete (20ms)
	LoadAllAssembliesAndSetupDomain (93ms)
		LoadAssemblies (113ms)
		RebuildTransferFunctionScriptingTraits (0ms)
		AnalyzeDomain (11ms)
			TypeCache.Refresh (7ms)
				TypeCache.ScanAssembly (0ms)
			ScanForSourceGeneratedMonoScriptInfo (0ms)
			ResolveRequiredComponents (2ms)
	FinalizeReload (455ms)
		ReleaseScriptCaches (0ms)
		RebuildScriptCaches (0ms)
		SetupLoadedEditorAssemblies (199ms)
			LogAssemblyErrors (0ms)
			InitializePlatformSupportModulesInManaged (3ms)
			SetLoadedEditorAssemblies (2ms)
			RefreshPlugins (0ms)
			BeforeProcessingInitializeOnLoad (25ms)
			ProcessInitializeOnLoadAttributes (158ms)
			ProcessInitializeOnLoadMethodAttributes (11ms)
			AfterProcessingInitializeOnLoad (0ms)
			EditorAssembliesLoaded (0ms)
		ExecutionOrderSort2 (0ms)
		AwakeInstancesAfterBackupRestoration (3ms)
Refreshing native plugins compatible for Editor in 0.43 ms, found 2 plugins.
Preloading 0 native plugins for Editor in 0.00 ms.
Unloading 1427 Unused Serialized files (Serialized files now loaded: 0)
Unloading 9 unused Assets / (26.1 KB). Loaded Objects now: 2024.
Memory consumption went from 213.4 MB to 213.4 MB.
Total: 2.563500 ms (FindLiveObjects: 0.079208 ms CreateObjectMapping: 0.023459 ms MarkObjects: 2.431208 ms  DeleteObjects: 0.029375 ms)

Prepare: number of updated asset objects reloaded= 0
AssetImportParameters requested are different than current active one (requested -> active):
  custom:video-encoder-webm-vp8: eb34c28f22e8b96e1ab97ce403110664 -> 
  custom:video-decoder-webm-vp8: 9c59270c3fd7afecdb556c50c9e8de78 -> 
  custom:audio-decoder-ogg-vorbis: bf7c407c2cedff20999df2af8eb42d56 -> 
  custom:SearchIndexIgnoredProperties: e643bd26f0fe6173181afceb89e7c659 -> 
  custom:container-demuxer-ogg: 62fdf1f143b41e24485cea50d1cbac27 -> 
  custom:AudioImporter_EditorPlatform: 3918e3fc78b5a79bad01e8451be0beb8 -> 
  custom:CustomObjectIndexerAttribute: 9a22284fe3817be447336de3de66b15e -> 
  custom:container-demuxer-webm: 4f35f7cbe854078d1ac9338744f61a02 -> 
  custom:video-decoder-ogg-theora: a1e56fd34408186e4bbccfd4996cb3dc -> 
  custom:audio-encoder-webm-vorbis: bf7c407c2cedff20999df2af8eb42d56 -> 
  custom:framework-osx-AVFoundation: e770b220cccbd017edd2c1fefb359320 -> 
  custom:container-muxer-webm: aa71ff27fc2769a1b78a27578f13a17b -> 
========================================================================
Received Prepare
Caller must complete domain reload
Begin MonoManager ReloadAssembly
Thread 0x16af67000 may have been prematurely finalized
- Loaded All Assemblies, in  0.225 seconds
Native extension for OSXStandalone target not found
Native extension for WebGL target not found
[Package Manager] Server::EnsureServerProcessIsRunning -- launch failed, reason: Unity was launched with the -noUpm command-line argument
[Package Manager] UpmClient::Send -- Unable to send message (not connected to UPM process).
[Package Manager] Cannot connect to Unity Package Manager local server
Mono: successfully reloaded assembly
- Finished resetting the current domain, in  0.435 seconds
Domain Reload Profiling: 661ms
	BeginReloadAssembly (87ms)
		ExecutionOrderSort (0ms)
		DisableScriptedObjects (3ms)
		BackupInstance (0ms)
		ReleaseScriptingObjects (0ms)
		CreateAndSetChildDomain (27ms)
	RebuildCommonClasses (23ms)
	RebuildNativeTypeToScriptingClass (8ms)
	initialDomainReloadingComplete (12ms)
	LoadAllAssembliesAndSetupDomain (95ms)
		LoadAssemblies (122ms)
		RebuildTransferFunctionScriptingTraits (0ms)
		AnalyzeDomain (9ms)
			TypeCache.Refresh (6ms)
				TypeCache.ScanAssembly (0ms)
			ScanForSourceGeneratedMonoScriptInfo (0ms)
			ResolveRequiredComponents (2ms)
	FinalizeReload (436ms)
		ReleaseScriptCaches (0ms)
		RebuildScriptCaches (0ms)
		SetupLoadedEditorAssemblies (201ms)
			LogAssemblyErrors (0ms)
			InitializePlatformSupportModulesInManaged (3ms)
			SetLoadedEditorAssemblies (2ms)
			RefreshPlugins (0ms)
			BeforeProcessingInitializeOnLoad (22ms)
			ProcessInitializeOnLoadAttributes (161ms)
			ProcessInitializeOnLoadMethodAttributes (11ms)
			AfterProcessingInitializeOnLoad (1ms)
			EditorAssembliesLoaded (0ms)
		ExecutionOrderSort2 (0ms)
		AwakeInstancesAfterBackupRestoration (3ms)
Refreshing native plugins compatible for Editor in 0.45 ms, found 2 plugins.
Preloading 0 native plugins for Editor in 0.00 ms.
Unloading 1427 Unused Serialized files (Serialized files now loaded: 0)
Unloading 9 unused Assets / (26.1 KB). Loaded Objects now: 2027.
Memory consumption went from 217.5 MB to 217.5 MB.
Total: 2.517750 ms (FindLiveObjects: 0.101333 ms CreateObjectMapping: 0.024750 ms MarkObjects: 2.365250 ms  DeleteObjects: 0.025917 ms)

Prepare: number of updated asset objects reloaded= 0
AssetImportParameters requested are different than current active one (requested -> active):
  custom:video-encoder-webm-vp8: eb34c28f22e8b96e1ab97ce403110664 -> 
  custom:video-decoder-webm-vp8: 9c59270c3fd7afecdb556c50c9e8de78 -> 
  custom:audio-decoder-ogg-vorbis: bf7c407c2cedff20999df2af8eb42d56 -> 
  custom:SearchIndexIgnoredProperties: e643bd26f0fe6173181afceb89e7c659 -> 
  custom:container-demuxer-ogg: 62fdf1f143b41e24485cea50d1cbac27 -> 
  custom:AudioImporter_EditorPlatform: 3918e3fc78b5a79bad01e8451be0beb8 -> 
  custom:CustomObjectIndexerAttribute: 9a22284fe3817be447336de3de66b15e -> 
  custom:container-demuxer-webm: 4f35f7cbe854078d1ac9338744f61a02 -> 
  custom:video-decoder-ogg-theora: a1e56fd34408186e4bbccfd4996cb3dc -> 
  custom:audio-encoder-webm-vorbis: bf7c407c2cedff20999df2af8eb42d56 -> 
  custom:framework-osx-AVFoundation: e770b220cccbd017edd2c1fefb359320 -> 
  custom:container-muxer-webm: aa71ff27fc2769a1b78a27578f13a17b -> 
========================================================================
Received Prepare
Caller must complete domain reload
Begin MonoManager ReloadAssembly
Thread 0x16af67000 may have been prematurely finalized
- Loaded All Assemblies, in  0.212 seconds
Native extension for OSXStandalone target not found
Native extension for WebGL target not found
[Package Manager] Server::EnsureServerProcessIsRunning -- launch failed, reason: Unity was launched with the -noUpm command-line argument
[Package Manager] UpmClient::Send -- Unable to send message (not connected to UPM process).
[Package Manager] Cannot connect to Unity Package Manager local server
Mono: successfully reloaded assembly
- Finished resetting the current domain, in  0.466 seconds
Domain Reload Profiling: 678ms
	BeginReloadAssembly (88ms)
		ExecutionOrderSort (0ms)
		DisableScriptedObjects (3ms)
		BackupInstance (0ms)
		ReleaseScriptingObjects (0ms)
		CreateAndSetChildDomain (28ms)
	RebuildCommonClasses (23ms)
	RebuildNativeTypeToScriptingClass (8ms)
	initialDomainReloadingComplete (12ms)
	LoadAllAssembliesAndSetupDomain (82ms)
		LoadAssemblies (109ms)
		RebuildTransferFunctionScriptingTraits (0ms)
		AnalyzeDomain (9ms)
			TypeCache.Refresh (6ms)
				TypeCache.ScanAssembly (0ms)
			ScanForSourceGeneratedMonoScriptInfo (0ms)
			ResolveRequiredComponents (2ms)
	FinalizeReload (466ms)
		ReleaseScriptCaches (0ms)
		RebuildScriptCaches (0ms)
		SetupLoadedEditorAssemblies (238ms)
			LogAssemblyErrors (0ms)
			InitializePlatformSupportModulesInManaged (3ms)
			SetLoadedEditorAssemblies (2ms)
			RefreshPlugins (0ms)
			BeforeProcessingInitializeOnLoad (35ms)
			ProcessInitializeOnLoadAttributes (184ms)
			ProcessInitializeOnLoadMethodAttributes (13ms)
			AfterProcessingInitializeOnLoad (1ms)
			EditorAssembliesLoaded (0ms)
		ExecutionOrderSort2 (0ms)
		AwakeInstancesAfterBackupRestoration (3ms)
Refreshing native plugins compatible for Editor in 0.47 ms, found 2 plugins.
Preloading 0 native plugins for Editor in 0.00 ms.
Unloading 1427 Unused Serialized files (Serialized files now loaded: 0)
Unloading 9 unused Assets / (26.2 KB). Loaded Objects now: 2030.
Memory consumption went from 221.6 MB to 221.5 MB.
Total: 2.328959 ms (FindLiveObjects: 0.091333 ms CreateObjectMapping: 0.025708 ms MarkObjects: 2.182000 ms  DeleteObjects: 0.029334 ms)

Prepare: number of updated asset objects reloaded= 0
AssetImportParameters requested are different than current active one (requested -> active):
  custom:video-encoder-webm-vp8: eb34c28f22e8b96e1ab97ce403110664 -> 
  custom:video-decoder-webm-vp8: 9c59270c3fd7afecdb556c50c9e8de78 -> 
  custom:audio-decoder-ogg-vorbis: bf7c407c2cedff20999df2af8eb42d56 -> 
  custom:SearchIndexIgnoredProperties: e643bd26f0fe6173181afceb89e7c659 -> 
  custom:container-demuxer-ogg: 62fdf1f143b41e24485cea50d1cbac27 -> 
  custom:AudioImporter_EditorPlatform: 3918e3fc78b5a79bad01e8451be0beb8 -> 
  custom:CustomObjectIndexerAttribute: 9a22284fe3817be447336de3de66b15e -> 
  custom:container-demuxer-webm: 4f35f7cbe854078d1ac9338744f61a02 -> 
  custom:video-decoder-ogg-theora: a1e56fd34408186e4bbccfd4996cb3dc -> 
  custom:audio-encoder-webm-vorbis: bf7c407c2cedff20999df2af8eb42d56 -> 
  custom:framework-osx-AVFoundation: e770b220cccbd017edd2c1fefb359320 -> 
  custom:container-muxer-webm: aa71ff27fc2769a1b78a27578f13a17b -> 
========================================================================
Received Prepare
Caller must complete domain reload
Begin MonoManager ReloadAssembly
Thread 0x16af67000 may have been prematurely finalized
- Loaded All Assemblies, in  0.206 seconds
Native extension for OSXStandalone target not found
Native extension for WebGL target not found
[Package Manager] Server::EnsureServerProcessIsRunning -- launch failed, reason: Unity was launched with the -noUpm command-line argument
[Package Manager] UpmClient::Send -- Unable to send message (not connected to UPM process).
[Package Manager] Cannot connect to Unity Package Manager local server
Mono: successfully reloaded assembly
- Finished resetting the current domain, in  0.425 seconds
Domain Reload Profiling: 632ms
	BeginReloadAssembly (72ms)
		ExecutionOrderSort (0ms)
		DisableScriptedObjects (3ms)
		BackupInstance (0ms)
		ReleaseScriptingObjects (0ms)
		CreateAndSetChildDomain (22ms)
	RebuildCommonClasses (22ms)
	RebuildNativeTypeToScriptingClass (8ms)
	initialDomainReloadingComplete (12ms)
	LoadAllAssembliesAndSetupDomain (93ms)
		LoadAssemblies (111ms)
		RebuildTransferFunctionScriptingTraits (0ms)
		AnalyzeDomain (9ms)
			TypeCache.Refresh (6ms)
				TypeCache.ScanAssembly (0ms)
			ScanForSourceGeneratedMonoScriptInfo (0ms)
			ResolveRequiredComponents (2ms)
	FinalizeReload (426ms)
		ReleaseScriptCaches (0ms)
		RebuildScriptCaches (0ms)
		SetupLoadedEditorAssemblies (205ms)
			LogAssemblyErrors (0ms)
			InitializePlatformSupportModulesInManaged (3ms)
			SetLoadedEditorAssemblies (3ms)
			RefreshPlugins (0ms)
			BeforeProcessingInitializeOnLoad (20ms)
			ProcessInitializeOnLoadAttributes (167ms)
			ProcessInitializeOnLoadMethodAttributes (12ms)
			AfterProcessingInitializeOnLoad (1ms)
			EditorAssembliesLoaded (0ms)
		ExecutionOrderSort2 (0ms)
		AwakeInstancesAfterBackupRestoration (2ms)
Refreshing native plugins compatible for Editor in 0.47 ms, found 2 plugins.
Preloading 0 native plugins for Editor in 0.00 ms.
Unloading 1427 Unused Serialized files (Serialized files now loaded: 0)
Unloading 9 unused Assets / (26.0 KB). Loaded Objects now: 2033.
Memory consumption went from 225.6 MB to 225.6 MB.
Total: 2.302833 ms (FindLiveObjects: 0.101334 ms CreateObjectMapping: 0.034041 ms MarkObjects: 2.131792 ms  DeleteObjects: 0.034959 ms)

Prepare: number of updated asset objects reloaded= 0
AssetImportParameters requested are different than current active one (requested -> active):
  custom:video-encoder-webm-vp8: eb34c28f22e8b96e1ab97ce403110664 -> 
  custom:video-decoder-webm-vp8: 9c59270c3fd7afecdb556c50c9e8de78 -> 
  custom:audio-decoder-ogg-vorbis: bf7c407c2cedff20999df2af8eb42d56 -> 
  custom:SearchIndexIgnoredProperties: e643bd26f0fe6173181afceb89e7c659 -> 
  custom:container-demuxer-ogg: 62fdf1f143b41e24485cea50d1cbac27 -> 
  custom:AudioImporter_EditorPlatform: 3918e3fc78b5a79bad01e8451be0beb8 -> 
  custom:CustomObjectIndexerAttribute: 9a22284fe3817be447336de3de66b15e -> 
  custom:container-demuxer-webm: 4f35f7cbe854078d1ac9338744f61a02 -> 
  custom:video-decoder-ogg-theora: a1e56fd34408186e4bbccfd4996cb3dc -> 
  custom:audio-encoder-webm-vorbis: bf7c407c2cedff20999df2af8eb42d56 -> 
  custom:framework-osx-AVFoundation: e770b220cccbd017edd2c1fefb359320 -> 
  custom:container-muxer-webm: aa71ff27fc2769a1b78a27578f13a17b -> 
========================================================================
Received Import Request.
  Time since last request: 920.692849 seconds.
  path: Assets/Solutions/Prefabs/First Person Character 1.prefab
  artifactKey: Guid(6cc9d604434a6d547a2b4f3a6ddb92c1) Importer(815301076,1909f56bfc062723c751e8b465ee728b)
Start importing Assets/Solutions/Prefabs/First Person Character 1.prefab using Guid(6cc9d604434a6d547a2b4f3a6ddb92c1) Importer(815301076,1909f56bfc062723c751e8b465ee728b) [PhysX] Initialized MultithreadedTaskDispatcher with 8 workers.
 -> (artifact id: '884055d76a463ae4d2142efa5caa71b0') in 0.003678 seconds
Number of updated asset objects reloaded before import = 0
Number of asset objects unloaded after import = 0
